Date,Population,Active_Connections,Avg_Temperature_C,Humidity_pct,Rainfall_mm,Day_of_Week,Is_Weekend,Is_Holiday,Month,Water_Demand_kL,Date_dt,Demand_Lag_1,Demand_Lag_7,Demand_Rolling_7,Demand_Rolling_14,Zone_ID_Z02,Zone_ID_Z03,Zone_ID_Z04,Zone_ID_Z05,Season_Post-Monsoon,Season_Summer,Season_Winter
2023-01-15,52227,13144.0,21.57,70.63,2.24,Sunday,1,0,1,754.23,2023-01-15,786.22,738.02,742.6657142857144,753.4057142857143,False,False,False,False,False,False,True
2023-01-16,52023,13261.0,20.28,64.91,0.0,Monday,0,0,1,753.09,2023-01-16,754.23,734.62,744.9814285714285,750.5057142857142,False,False,False,False,False,False,True
2023-01-17,52228,13217.0,23.74,62.52,4.24,Tuesday,0,0,1,716.47,2023-01-17,753.09,736.48,747.62,749.6764285714286,False,False,False,False,False,False,True
2023-01-18,51965,13154.0,18.84,72.24,38.2,Wednesday,0,0,1,679.06,2023-01-18,716.47,747.48,744.7614285714286,748.5721428571429,False,False,False,False,False,False,True
2023-01-19,51488,13215.0,19.3,68.39,0.0,Thursday,0,0,1,739.8,2023-01-19,679.06,739.31,734.9871428571429,742.1350000000001,False,False,False,False,False,False,True
2023-01-20,52062,13200.0,18.92,62.26,0.0,Friday,0,0,1,741.24,2023-01-20,739.8,716.53,735.0571428571428,740.97,False,False,False,False,False,False,True
2023-01-21,52056,13240.0,20.06,64.2,5.26,Saturday,1,0,1,739.21,2023-01-21,741.24,786.22,738.5871428571428,739.0821428571428,False,False,False,False,False,False,True
2023-01-22,51799,13239.0,21.89,68.52,0.0,Sunday,1,0,1,762.02,2023-01-22,739.21,754.23,731.8714285714285,737.2685714285715,False,False,False,False,False,False,True
2023-01-23,51912,13164.0,18.63,71.63,0.0,Monday,0,0,1,744.74,2023-01-23,762.02,753.09,732.9842857142858,738.9828571428571,False,False,False,False,False,False,True
2023-01-24,52099,13253.0,21.69,67.33,0.0,Tuesday,0,0,1,764.7,2023-01-24,744.74,716.47,731.7914285714286,739.7057142857144,False,False,False,False,False,False,True
2023-01-25,52074,13164.0,18.59,79.04,0.0,Wednesday,0,0,1,735.97,2023-01-25,764.7,679.06,738.6814285714285,741.7214285714286,False,False,False,False,False,False,True
2023-01-26,52395,13169.0,19.6,73.54,0.0,Thursday,0,1,1,774.08,2023-01-26,735.97,739.8,746.8114285714286,740.8992857142857,False,False,False,False,False,False,True
2023-01-27,52115,13257.0,21.65,72.63,9.86,Friday,0,0,1,703.52,2023-01-27,774.08,741.24,751.7085714285714,743.3828571428572,False,False,False,False,False,False,True
2023-01-28,51949,13240.0,18.89,70.8,14.99,Saturday,1,0,1,733.56,2023-01-28,703.52,739.21,746.32,742.4535714285714,False,False,False,False,False,False,True
2023-01-29,52168,13255.0,21.31,66.08,12.46,Sunday,1,0,1,725.23,2023-01-29,733.56,762.02,745.5128571428571,738.6921428571429,False,False,False,False,False,False,True
2023-01-30,52091,13297.0,25.45,63.43,0.0,Monday,0,0,1,733.68,2023-01-30,725.23,744.74,740.2571428571429,736.6207142857144,False,False,False,False,False,False,True
2023-01-31,52115,13251.0,20.32,66.74,0.0,Tuesday,0,0,1,742.72,2023-01-31,733.68,764.7,738.6771428571428,735.2342857142858,False,False,False,False,False,False,True
2023-02-01,51904,13179.0,21.67,60.61,0.0,Wednesday,0,0,2,818.98,2023-02-01,742.72,735.97,735.5371428571428,737.1092857142858,False,False,False,False,False,False,True
2023-02-02,51764,13274.0,27.75,60.81,0.0,Thursday,0,0,2,805.79,2023-02-02,818.98,774.08,747.3957142857143,747.1035714285714,False,False,False,False,False,False,True
2023-02-03,51792,13201.0,23.58,70.71,0.0,Friday,0,0,2,768.8,2023-02-03,805.79,703.52,751.9257142857142,751.8171428571429,False,False,False,False,False,False,True
2023-02-04,51981,13201.0,22.57,66.22,0.0,Saturday,1,0,2,822.73,2023-02-04,768.8,733.56,761.2514285714285,753.7857142857143,False,False,False,False,False,False,True
2023-02-05,52129,13212.0,22.19,65.56,9.46,Sunday,1,0,2,817.32,2023-02-05,822.73,725.23,773.99,759.7514285714285,False,False,False,False,False,False,True
2023-02-06,51852,13172.0,24.66,69.37,0.0,Monday,0,0,2,728.4,2023-02-06,817.32,733.68,787.1457142857142,763.7014285714287,False,False,False,False,False,False,True
2023-02-07,52158,13172.0,21.43,70.83,0.0,Tuesday,0,0,2,752.92,2023-02-07,728.4,742.72,786.3914285714285,762.5342857142858,False,False,False,False,False,False,True
2023-02-08,51982,13217.0,25.41,54.88,0.0,Wednesday,0,0,2,786.72,2023-02-08,752.92,818.98,787.8485714285714,761.6928571428572,False,False,False,False,False,False,True
2023-02-09,51953,13150.0,23.21,77.34,0.0,Thursday,0,0,2,790.94,2023-02-09,786.72,805.79,783.2399999999999,765.3178571428571,False,False,False,False,False,False,True
2023-02-10,52032,13175.0,21.98,75.76,0.0,Friday,0,0,2,809.73,2023-02-10,790.94,768.8,781.1185714285714,766.5221428571429,False,False,False,False,False,False,True
2023-02-11,52158,13273.0,23.62,72.66,0.0,Saturday,1,0,2,805.91,2023-02-11,809.73,822.73,786.9657142857143,774.1085714285715,False,False,False,False,False,False,True
2023-02-12,52297,13171.0,24.4,67.21,0.0,Sunday,1,0,2,822.71,2023-02-12,805.91,817.32,784.5628571428571,779.2764285714285,False,False,False,False,False,False,True
2023-02-13,52234,13158.0,22.8,63.03,0.0,Monday,0,0,2,806.81,2023-02-13,822.71,728.4,785.3328571428572,786.2392857142858,False,False,False,False,False,False,True
2023-02-14,51878,13178.0,23.1,62.67,13.15,Tuesday,0,0,2,759.4,2023-02-14,806.81,752.92,796.5342857142858,791.4628571428572,False,False,False,False,False,False,True
2023-02-15,52130,13216.0,23.96,76.45,0.0,Wednesday,0,0,2,759.06,2023-02-15,759.4,786.72,797.46,792.6542857142857,False,False,False,False,False,False,True
2023-02-16,51659,13266.0,23.97,72.6,0.0,Thursday,0,0,2,800.2,2023-02-16,759.06,790.94,793.5085714285715,788.3742857142857,False,False,False,False,False,False,True
2023-02-17,52114,13222.0,23.88,64.09,0.0,Friday,0,0,2,770.93,2023-02-17,800.2,809.73,794.8314285714285,787.975,False,False,False,False,False,False,True
2023-02-18,52307,13177.0,23.19,76.12,0.0,Saturday,1,0,2,773.24,2023-02-18,770.93,805.91,789.2885714285715,788.1271428571429,False,False,False,False,False,False,True
2023-02-19,52269,13215.0,26.2,71.64,0.0,Sunday,1,0,2,828.79,2023-02-19,773.24,822.71,784.6214285714286,784.5921428571429,False,False,False,False,False,False,True
2023-02-20,52008,13145.0,26.86,64.77,25.85,Monday,0,0,2,701.57,2023-02-20,828.79,806.81,785.49,785.4114285714285,False,False,False,False,False,False,True
2023-02-21,51862,13231.0,24.81,69.37,6.76,Tuesday,0,0,2,785.55,2023-02-21,701.57,759.4,770.4557142857142,783.495,False,False,False,False,False,False,True
2023-02-22,51896,13221.0,25.38,68.87,5.38,Wednesday,0,0,2,776.81,2023-02-22,785.55,759.06,774.1914285714286,785.8257142857143,False,False,False,False,False,False,True
2023-02-23,51964,13234.0,23.44,68.01,0.94,Thursday,0,0,2,731.84,2023-02-23,776.81,800.2,776.7271428571428,785.1178571428571,False,False,False,False,False,False,True
2023-02-24,51895,13243.0,23.51,69.56,0.0,Friday,0,0,2,810.52,2023-02-24,731.84,770.93,766.9614285714285,780.8964285714285,False,False,False,False,False,False,True
2023-02-25,51873,13264.0,24.38,63.99,0.0,Saturday,1,0,2,765.31,2023-02-25,810.52,773.24,772.6171428571428,780.9528571428572,False,False,False,False,False,False,True
2023-02-26,51977,13245.0,27.74,59.75,3.73,Sunday,1,0,2,810.92,2023-02-26,765.31,828.79,771.4842857142856,778.0528571428571,False,False,False,False,False,False,True
2023-02-27,52300,13196.0,23.35,63.3,0.0,Monday,0,0,2,782.58,2023-02-27,810.92,701.57,768.9314285714285,777.2107142857142,False,False,False,False,False,False,True
2023-02-28,52151,13230.0,27.17,65.21,0.0,Tuesday,0,0,2,820.47,2023-02-28,782.58,785.55,780.5042857142856,775.4799999999999,False,False,False,False,False,False,True
2023-03-01,52349,13231.0,24.38,69.92,0.0,Wednesday,0,0,3,844.98,2023-03-01,820.47,776.81,785.4928571428571,779.8421428571429,False,False,False,False,False,True,False
2023-03-02,52111,13256.0,23.06,70.44,142.23,Thursday,0,0,3,791.52,2023-03-02,844.98,731.84,795.2314285714286,785.9792857142858,False,False,False,False,False,True,False
2023-03-03,51675,13146.0,22.63,66.67,0.0,Friday,0,0,3,826.92,2023-03-03,791.52,810.52,803.7571428571429,785.3592857142856,False,False,False,False,False,True,False
2023-03-04,51833,13231.0,24.17,66.85,0.0,Saturday,1,0,3,831.88,2023-03-04,826.92,765.31,806.1,789.3585714285713,False,False,False,False,False,True,False
2023-03-05,52341,13179.0,25.11,80.84,0.0,Sunday,1,0,3,856.57,2023-03-05,831.88,810.92,815.61,793.5471428571428,False,False,False,False,False,True,False
2023-03-06,52221,13217.0,24.87,64.06,0.0,Monday,0,0,3,765.72,2023-03-06,856.57,782.58,822.1314285714286,795.5314285714286,False,False,False,False,False,True,False
2023-03-07,52230,13243.0,27.5,68.61,0.0,Tuesday,0,0,3,816.01,2023-03-07,765.72,820.47,819.7228571428572,800.1135714285713,False,False,False,False,False,True,False
2023-03-08,52312,13156.0,24.78,58.05,0.0,Wednesday,0,0,3,822.59,2023-03-08,816.01,844.98,819.0857142857143,802.2892857142857,False,False,False,False,False,True,False
2023-03-09,51900,13168.0,19.64,67.6,0.0,Thursday,0,0,3,774.88,2023-03-09,822.59,791.52,815.887142857143,805.5592857142857,False,False,False,False,False,True,False
2023-03-10,52197,13166.0,25.09,68.36,18.54,Friday,0,0,3,768.27,2023-03-10,774.88,826.92,813.51,808.6335714285715,False,False,False,False,False,True,False
2023-03-11,52306,13278.0,23.86,63.97,0.0,Saturday,1,0,3,810.15,2023-03-11,768.27,831.88,805.1314285714286,805.6157142857143,False,False,False,False,False,True,False
2023-03-12,51972,13272.0,26.18,68.66,0.0,Sunday,1,0,3,816.23,2023-03-12,810.15,856.57,802.0271428571428,808.8185714285715,False,False,False,False,False,True,False
2023-03-13,51972,13237.0,22.91,72.03,0.0,Monday,0,0,3,812.48,2023-03-13,816.23,765.72,796.2642857142857,809.1978571428572,False,False,False,False,False,True,False
2023-03-14,51889,13163.0,24.51,69.36,0.0,Tuesday,0,0,3,777.29,2023-03-14,812.48,816.01,802.9442857142857,811.3335714285714,False,False,False,False,False,True,False
2023-03-15,52138,13187.0,27.69,70.0,0.0,Wednesday,0,0,3,816.34,2023-03-15,777.29,822.59,797.4128571428571,808.2492857142859,False,False,False,False,False,True,False
2023-03-16,52597,13219.0,25.78,63.78,0.0,Thursday,0,0,3,759.11,2023-03-16,816.34,774.88,796.5199999999999,806.2035714285714,False,False,False,False,False,True,False
2023-03-17,51961,13191.0,26.38,68.95,0.0,Friday,0,0,3,773.52,2023-03-17,759.11,768.27,794.267142857143,803.8885714285715,False,False,False,False,False,True,False
2023-03-18,52275,13217.0,25.33,70.49,0.0,Saturday,1,0,3,777.6,2023-03-18,773.52,810.15,795.0171428571429,800.0742857142858,False,False,False,False,False,True,False
2023-03-19,52157,13192.0,27.14,59.66,0.0,Sunday,1,0,3,862.47,2023-03-19,777.6,816.23,790.367142857143,796.1971428571429,False,False,False,False,False,True,False
2023-03-20,52183,13139.0,27.26,66.63,0.0,Monday,0,0,3,802.71,2023-03-20,862.47,812.48,796.972857142857,796.6185714285714,False,False,False,False,False,True,False
2023-03-21,51800,13194.0,27.47,74.84,0.0,Tuesday,0,0,3,807.14,2023-03-21,802.71,777.29,795.5771428571428,799.2607142857144,False,False,False,False,False,True,False
2023-03-22,51682,13179.0,26.27,64.72,0.0,Wednesday,0,0,3,800.3,2023-03-22,807.14,816.34,799.8414285714287,798.6271428571429,False,False,False,False,False,True,False
2023-03-23,52225,13204.0,29.79,62.61,0.0,Thursday,0,0,3,827.11,2023-03-23,800.3,759.11,797.5500000000001,797.035,False,False,False,False,False,True,False
2023-03-24,52209,13166.0,28.44,61.18,0.0,Friday,0,0,3,762.97,2023-03-24,827.11,773.52,807.2642857142856,800.7657142857142,False,False,False,False,False,True,False
2023-03-25,51897,13180.0,28.91,67.35,0.0,Saturday,1,0,3,876.68,2023-03-25,762.97,777.6,805.7571428571429,800.3871428571429,False,False,False,False,False,True,False
2023-03-26,52108,13235.0,26.36,69.64,0.0,Sunday,1,0,3,813.36,2023-03-26,876.68,862.47,819.9114285714285,805.1392857142856,False,False,False,False,False,True,False
2023-03-27,51841,13141.0,30.94,77.97,0.0,Monday,0,0,3,758.16,2023-03-27,813.36,802.71,812.8957142857143,804.9342857142857,False,False,False,False,False,True,False
2023-03-28,52031,13219.0,25.61,70.52,0.0,Tuesday,0,0,3,751.4,2023-03-28,758.16,807.14,806.5314285714286,801.0542857142857,False,False,False,False,False,True,False
2023-03-29,52616,13232.0,27.29,66.16,0.0,Wednesday,0,0,3,753.02,2023-03-29,751.4,800.3,798.5685714285713,799.2049999999999,False,False,False,False,False,True,False
2023-03-30,52007,13291.0,27.73,75.01,16.09,Thursday,0,0,3,751.23,2023-03-30,753.02,827.11,791.8142857142857,794.6821428571428,False,False,False,False,False,True,False
2023-03-31,52409,13215.0,24.81,67.9,0.0,Friday,0,0,3,779.4,2023-03-31,751.23,762.97,780.9742857142857,794.1192857142858,False,False,False,False,False,True,False
2023-04-01,51680,13171.0,29.28,63.36,0.0,Saturday,1,0,4,862.38,2023-04-01,779.4,876.68,783.3214285714286,794.5392857142857,False,False,False,False,False,True,False
2023-04-02,51930,13181.0,30.11,67.35,0.0,Sunday,1,0,4,855.44,2023-04-02,862.38,813.36,781.2785714285714,800.595,False,False,False,False,False,True,False
2023-04-03,52206,13222.0,30.19,68.69,0.0,Monday,0,0,4,803.47,2023-04-03,855.44,758.16,787.29,800.0928571428573,False,False,False,False,False,True,False
2023-04-04,51985,13213.0,27.71,70.63,6.85,Tuesday,0,0,4,800.98,2023-04-04,803.47,751.4,793.7628571428571,800.1471428571429,False,False,False,False,False,True,False
2023-04-05,52350,13150.0,27.13,63.03,0.0,Wednesday,0,0,4,772.5,2023-04-05,800.98,753.02,800.8457142857143,799.7071428571428,False,False,False,False,False,True,False
2023-04-06,52063,13268.0,28.41,61.21,0.0,Thursday,0,0,4,842.6,2023-04-06,772.5,751.23,803.6285714285714,797.7214285714286,False,False,False,False,False,True,False
2023-04-07,51886,13248.0,28.57,69.53,17.44,Friday,0,0,4,776.62,2023-04-07,842.6,779.4,816.6814285714287,798.8278571428572,False,False,False,False,False,True,False
2023-04-08,51811,13175.0,30.5,63.67,0.0,Saturday,1,0,4,842.73,2023-04-08,776.62,862.38,816.2842857142857,799.8028571428573,False,False,False,False,False,True,False
2023-04-09,51546,13177.0,27.4,74.13,0.0,Sunday,1,0,4,852.81,2023-04-09,842.73,855.44,813.4771428571429,797.3778571428572,False,False,False,False,False,True,False
2023-04-10,51838,13246.0,29.48,68.63,0.0,Monday,0,0,4,824.44,2023-04-10,852.81,803.47,813.1014285714285,800.1957142857143,False,False,False,False,False,True,False
2023-04-11,52313,13258.0,26.23,56.11,0.0,Tuesday,0,0,4,835.13,2023-04-11,824.44,800.98,816.0971428571429,804.9300000000001,False,False,False,False,False,True,False
2023-04-12,51655,13234.0,31.45,73.99,0.0,Wednesday,0,0,4,814.43,2023-04-12,835.13,772.5,820.9757142857143,810.9107142857143,False,False,False,False,False,True,False
2023-04-13,52124,13220.0,27.67,76.94,0.0,Thursday,0,0,4,838.38,2023-04-13,814.43,842.6,826.9657142857143,815.2971428571428,False,False,False,False,False,True,False
2023-04-14,52336,13253.0,30.69,71.59,0.0,Friday,0,0,4,844.09,2023-04-14,838.38,776.62,826.3628571428571,821.522142857143,False,False,False,False,False,True,False
2023-04-15,52209,13169.0,30.09,62.83,0.0,Saturday,1,0,4,892.8,2023-04-15,844.09,842.73,836.0014285714286,826.1428571428571,False,False,False,False,False,True,False
2023-04-16,52464,13241.0,32.73,64.48,0.0,Sunday,1,0,4,827.86,2023-04-16,892.8,852.81,843.1542857142857,828.3157142857143,False,False,False,False,False,True,False
2023-04-17,52141,13186.0,30.03,65.24,0.0,Monday,0,0,4,841.0,2023-04-17,827.86,824.44,839.59,826.3457142857143,False,False,False,False,False,True,False
2023-04-18,52189,13234.0,29.84,60.31,0.0,Tuesday,0,0,4,796.13,2023-04-18,841.0,835.13,841.9557142857142,829.0264285714285,False,False,False,False,False,True,False
2023-04-19,52256,13246.0,26.78,66.49,0.0,Wednesday,0,0,4,833.44,2023-04-19,796.13,814.43,836.3842857142856,828.6800000000001,False,False,False,False,False,True,False
2023-04-20,52139,13203.0,28.29,68.14,0.0,Thursday,0,0,4,844.64,2023-04-20,833.44,838.38,839.1,833.0328571428572,False,False,False,False,False,True,False
2023-04-21,52098,13190.0,29.92,66.77,6.11,Friday,0,0,4,788.55,2023-04-21,844.64,844.09,839.9942857142858,833.1785714285714,False,False,False,False,False,True,False
2023-04-22,52210,13219.0,31.15,66.5,0.0,Saturday,1,0,4,837.3,2023-04-22,788.55,892.8,832.0600000000001,834.0307142857142,False,False,False,False,False,True,False
2023-04-23,51842,13160.0,27.04,67.13,0.0,Sunday,1,0,4,824.23,2023-04-23,837.3,827.86,824.1314285714286,833.6428571428571,False,False,False,False,False,True,False
2023-04-24,51466,13248.0,33.99,58.22,0.0,Monday,0,0,4,816.07,2023-04-24,824.23,841.0,823.6128571428571,831.6014285714285,False,False,False,False,False,True,False
2023-04-25,52054,13284.0,34.64,61.88,0.0,Tuesday,0,0,4,844.63,2023-04-25,816.07,796.13,820.0514285714286,831.0035714285714,False,False,False,False,False,True,False
2023-04-26,52113,13239.0,31.79,80.74,0.0,Wednesday,0,0,4,806.67,2023-04-26,844.63,833.44,826.9799999999999,831.6821428571429,False,False,False,False,False,True,False
2023-04-27,52047,13218.0,32.98,64.47,0.0,Thursday,0,0,4,831.85,2023-04-27,806.67,844.64,823.1557142857143,831.1278571428572,False,False,False,False,False,True,False
2023-04-28,52245,13167.0,32.59,59.57,9.78,Friday,0,0,4,786.67,2023-04-28,831.85,788.55,821.3285714285714,830.6614285714285,False,False,False,False,False,True,False
2023-04-29,51805,13221.0,45.13,65.34,3.87,Saturday,1,0,4,840.64,2023-04-29,786.67,837.3,821.0600000000001,826.5600000000001,False,False,False,False,False,True,False
2023-04-30,51652,13235.0,31.0,64.68,0.0,Sunday,1,0,4,858.68,2023-04-30,840.64,824.23,821.5371428571428,822.8342857142858,False,False,False,False,False,True,False
2023-05-01,51865,13195.0,29.35,67.39,0.0,Monday,0,0,5,796.89,2023-05-01,858.68,816.07,826.4585714285714,825.0357142857141,False,False,False,False,False,True,False
2023-05-02,51718,13207.0,30.51,63.38,0.0,Tuesday,0,0,5,806.45,2023-05-02,796.89,844.63,823.7185714285715,821.8850000000001,False,False,False,False,False,True,False
2023-05-03,51976,13207.0,32.68,56.77,0.0,Wednesday,0,0,5,828.51,2023-05-03,806.45,806.67,818.2642857142857,822.6221428571428,False,False,False,False,False,True,False
2023-05-04,52543,13215.0,35.93,61.86,10.87,Thursday,0,0,5,797.09,2023-05-04,828.51,831.85,821.3842857142857,822.2699999999999,False,False,False,False,False,True,False
2023-05-05,52286,13216.0,33.87,69.7,0.0,Friday,0,0,5,803.73,2023-05-05,797.09,786.67,816.4185714285713,818.8735714285714,False,False,False,False,False,True,False
2023-05-06,52489,13172.0,31.34,60.71,0.0,Saturday,1,0,5,828.76,2023-05-06,803.73,840.64,818.8557142857143,819.9578571428572,False,False,False,False,False,True,False
2023-05-07,52620,13232.0,32.89,63.19,10.32,Sunday,1,0,5,869.09,2023-05-07,828.76,858.68,817.1585714285715,819.347857142857,False,False,False,False,False,True,False
2023-05-08,52228,13259.0,29.84,65.28,19.5,Monday,0,0,5,799.67,2023-05-08,869.09,796.89,818.6457142857143,822.5521428571428,False,False,False,False,False,True,False
2023-05-09,52452,13249.0,31.51,66.65,0.0,Tuesday,0,0,5,833.69,2023-05-09,799.67,806.45,819.0428571428572,821.3807142857142,False,False,False,False,False,True,False
2023-05-10,51722,13255.0,33.26,58.37,26.82,Wednesday,0,0,5,836.48,2023-05-10,833.69,828.51,822.9342857142857,820.5992857142857,False,False,False,False,False,True,False
2023-05-11,52256,13296.0,32.65,59.45,0.0,Thursday,0,0,5,829.94,2023-05-11,836.48,797.09,824.0728571428572,822.7285714285714,False,False,False,False,False,True,False
2023-05-12,52092,13214.0,34.31,63.88,9.39,Friday,0,0,5,831.71,2023-05-12,829.94,803.73,828.7657142857144,822.5921428571429,False,False,False,False,False,True,False
2023-05-13,51896,13278.0,31.71,57.8,0.0,Saturday,1,0,5,868.18,2023-05-13,831.71,828.76,832.7628571428571,825.8092857142857,False,False,False,False,False,True,False
2023-05-14,52215,13266.0,33.36,67.3,0.0,Sunday,1,0,5,871.6,2023-05-14,868.18,869.09,838.3942857142857,827.7764285714285,False,False,False,False,False,True,False
2023-05-15,52310,13230.0,31.71,69.23,0.0,Monday,0,0,5,874.08,2023-05-15,871.6,799.67,838.7528571428571,828.6992857142858,False,False,False,False,False,True,False
2023-05-16,52133,13253.0,34.28,64.33,0.0,Tuesday,0,0,5,860.18,2023-05-16,874.08,833.69,849.3828571428572,834.2128571428572,False,False,False,False,False,True,False
2023-05-17,51979,13226.0,34.08,63.83,17.06,Wednesday,0,0,5,819.04,2023-05-17,860.18,836.48,853.1671428571428,838.0507142857143,False,False,False,False,False,True,False
2023-05-18,51854,13292.0,31.88,56.53,3.82,Thursday,0,0,5,811.34,2023-05-18,819.04,829.94,850.6757142857143,837.3742857142857,False,False,False,False,False,True,False
2023-05-19,52319,13253.0,33.58,66.09,0.0,Friday,0,0,5,771.33,2023-05-19,811.34,831.71,848.0185714285715,838.3921428571429,False,False,False,False,False,True,False
2023-05-20,51620,13243.0,33.0,69.53,0.0,Saturday,1,0,5,864.49,2023-05-20,771.33,868.18,839.3928571428571,836.0778571428572,False,False,False,False,False,True,False
2023-05-21,52288,13224.0,33.07,69.2,0.0,Sunday,1,0,5,881.65,2023-05-21,864.49,871.6,838.8657142857143,838.6300000000001,False,False,False,False,False,True,False
2023-05-22,51929,13277.0,34.53,64.12,0.0,Monday,0,0,5,813.51,2023-05-22,881.65,874.08,840.3014285714287,839.527142857143,False,False,False,False,False,True,False
2023-05-23,52304,13209.0,34.06,57.61,0.0,Tuesday,0,0,5,835.47,2023-05-23,813.51,860.18,831.6485714285715,840.5157142857144,False,False,False,False,False,True,False
2023-05-24,51825,13295.0,33.54,66.11,14.52,Wednesday,0,0,5,845.82,2023-05-24,835.47,819.04,828.1185714285714,840.6428571428571,False,False,False,False,False,True,False
2023-05-25,52454,13221.0,33.17,58.86,0.0,Thursday,0,0,5,870.72,2023-05-25,845.82,811.34,831.9442857142857,841.3100000000001,False,False,False,False,False,True,False
2023-05-26,52123,13205.0,32.89,56.39,12.31,Friday,0,0,5,879.75,2023-05-26,870.72,771.33,840.4271428571428,844.2228571428572,False,False,False,False,False,True,False
2023-05-27,52532,13253.0,33.09,66.42,11.23,Saturday,1,0,5,794.46,2023-05-27,879.75,864.49,855.9157142857142,847.6542857142858,False,False,False,False,False,True,False
2023-05-28,52338,13235.0,32.25,64.68,0.0,Sunday,1,0,5,859.57,2023-05-28,794.46,881.65,845.9114285714286,842.3885714285715,False,False,False,False,False,True,False
2023-05-29,52482,13300.0,34.48,68.5,0.0,Monday,0,0,5,873.2,2023-05-29,859.57,813.51,842.7571428571428,841.5292857142857,False,False,False,False,False,True,False
2023-05-30,52326,13263.0,31.34,68.55,0.0,Tuesday,0,0,5,799.85,2023-05-30,873.2,835.47,851.2842857142858,841.4664285714287,False,False,False,False,False,True,False
2023-05-31,52388,13297.0,33.03,58.52,0.0,Wednesday,0,0,5,835.89,2023-05-31,799.85,845.82,846.1957142857143,837.157142857143,False,False,False,False,False,True,False
2023-06-01,52463,13233.0,34.32,58.76,0.0,Thursday,0,0,6,796.76,2023-06-01,835.89,870.72,844.777142857143,838.3607142857144,False,False,False,False,False,False,False
2023-06-02,52113,13308.0,33.46,62.87,0.0,Friday,0,0,6,799.39,2023-06-02,796.76,879.75,834.2114285714287,837.3192857142858,False,False,False,False,False,False,False
2023-06-03,52010,13294.0,33.36,70.58,10.59,Saturday,1,0,6,830.32,2023-06-03,799.39,794.46,822.7314285714285,839.3235714285714,False,False,False,False,False,False,False
2023-06-04,51603,13176.0,32.64,64.53,14.82,Sunday,1,0,6,839.43,2023-06-04,830.32,859.57,827.8542857142858,836.882857142857,False,False,False,False,False,False,False
2023-06-05,52230,13280.0,34.3,60.91,0.0,Monday,0,0,6,830.7,2023-06-05,839.43,873.2,824.9771428571428,833.8671428571428,False,False,False,False,False,False,False
2023-06-06,52553,13161.0,30.95,59.29,0.0,Tuesday,0,0,6,797.29,2023-06-06,830.7,799.85,818.9057142857143,835.095,False,False,False,False,False,False,False
2023-06-07,51940,13217.0,38.73,70.73,7.48,Wednesday,0,0,6,773.16,2023-06-07,797.29,835.89,818.5400000000001,832.3678571428571,False,False,False,False,False,False,False
2023-06-08,51938,13245.0,30.64,61.55,0.0,Thursday,0,0,6,818.46,2023-06-08,773.16,796.76,809.5785714285714,827.1778571428571,False,False,False,False,False,False,False
2023-06-09,51859,13278.0,32.27,67.79,2.46,Friday,0,0,6,823.12,2023-06-09,818.46,799.39,812.6785714285714,823.4449999999999,False,False,False,False,False,False,False
2023-06-10,52155,13302.0,35.91,61.71,36.93,Saturday,1,0,6,751.95,2023-06-10,823.12,830.32,816.0685714285715,819.3999999999999,False,False,False,False,False,False,False
2023-06-11,52562,13211.0,31.27,62.65,9.42,Sunday,1,0,6,798.28,2023-06-11,751.95,839.43,804.8728571428571,816.3635714285714,False,False,False,False,False,False,False
2023-06-12,51972,13329.0,34.52,68.05,8.77,Monday,0,0,6,737.83,2023-06-12,798.28,830.7,798.9942857142858,811.9857142857144,False,False,False,False,False,False,False
2023-06-13,51741,13170.0,31.55,66.91,0.0,Tuesday,0,0,6,844.3,2023-06-13,737.83,797.29,785.7271428571429,802.3164285714286,False,False,False,False,False,False,False
2023-06-14,52390,13218.0,35.01,67.04,0.0,Wednesday,0,0,6,843.08,2023-06-14,844.3,773.16,792.4428571428571,805.4914285714285,False,False,False,False,False,False,False
2023-06-15,52059,13210.0,31.6,65.36,0.0,Thursday,0,0,6,788.02,2023-06-15,843.08,818.46,802.4314285714285,806.005,False,False,False,False,False,False,False
2023-06-16,52340,13272.0,37.08,68.85,0.0,Friday,0,0,6,889.52,2023-06-16,788.02,823.12,798.0828571428572,805.3807142857142,False,False,False,False,False,False,False
2023-06-17,52459,13253.0,33.16,55.19,1.91,Saturday,1,0,6,889.95,2023-06-17,889.52,751.95,807.5685714285713,811.8185714285715,False,False,False,False,False,False,False
2023-06-18,52275,13225.0,32.74,68.29,33.2,Sunday,1,0,6,802.25,2023-06-18,889.95,798.28,827.2828571428572,816.0778571428572,False,False,False,False,False,False,False
2023-06-19,52400,13235.0,33.9,63.32,0.0,Monday,0,0,6,841.85,2023-06-19,802.25,737.83,827.8500000000001,813.4221428571428,False,False,False,False,False,False,False
2023-06-20,52350,13305.0,36.9,60.67,0.0,Tuesday,0,0,6,926.71,2023-06-20,841.85,844.3,842.71,814.2185714285714,False,False,False,False,False,False,False
2023-06-21,52608,13264.0,33.56,70.01,0.0,Wednesday,0,0,6,764.99,2023-06-21,926.71,843.08,854.4828571428571,823.4628571428573,False,False,False,False,False,False,False
2023-06-22,52219,13261.0,31.34,64.93,18.96,Thursday,0,0,6,761.97,2023-06-22,764.99,788.02,843.327142857143,822.8792857142859,False,False,False,False,False,False,False
2023-06-23,51673,13261.0,35.68,55.21,0.0,Friday,0,0,6,799.04,2023-06-23,761.97,889.52,839.6057142857143,818.8442857142857,False,False,False,False,False,False,False
2023-06-24,52220,13179.0,35.21,67.07,0.0,Saturday,1,0,6,780.17,2023-06-24,799.04,889.95,826.6800000000001,817.1242857142859,False,False,False,False,False,False,False
2023-06-25,52516,13156.0,33.28,58.27,0.0,Sunday,1,0,6,823.55,2023-06-25,780.17,802.25,810.9971428571428,819.1400000000001,False,False,False,False,False,False,False
2023-06-26,52350,13317.0,33.56,65.93,0.0,Monday,0,0,6,860.72,2023-06-26,823.55,841.85,814.04,820.9449999999999,False,False,False,False,False,False,False
2023-06-27,52070,13253.0,30.83,66.42,0.0,Tuesday,0,0,6,817.75,2023-06-27,860.72,926.71,816.7357142857144,829.722857142857,False,False,False,False,False,False,False
2023-06-28,52180,13280.0,30.18,60.19,0.0,Wednesday,0,0,6,815.71,2023-06-28,817.75,764.99,801.1700000000001,827.8264285714286,False,False,False,False,False,False,False
2023-06-29,52677,13270.0,35.24,76.85,0.0,Thursday,0,0,6,808.04,2023-06-29,815.71,761.97,808.4157142857144,825.8714285714286,False,False,False,False,False,False,False
2023-06-30,52323,13236.0,31.84,76.37,5.23,Friday,0,0,6,799.47,2023-06-30,808.04,799.04,814.9971428571429,827.3014285714286,False,False,False,False,False,False,False
2023-07-01,52355,13209.0,34.59,73.15,7.4,Saturday,1,0,7,811.24,2023-07-01,799.47,780.17,815.0585714285714,820.8692857142858,False,False,False,False,False,False,False
2023-07-02,52122,13287.0,30.39,69.78,13.81,Sunday,1,0,7,831.97,2023-07-02,811.24,823.55,819.4971428571429,815.2471428571429,False,False,False,False,False,False,False
2023-07-03,52457,13202.0,35.49,65.2,0.0,Monday,0,0,7,813.24,2023-07-03,831.97,860.72,820.6999999999999,817.37,False,False,False,False,False,False,False
2023-07-04,52357,13262.0,34.39,71.04,0.0,Tuesday,0,0,7,730.98,2023-07-04,813.24,817.75,813.9171428571428,815.3264285714286,False,False,False,False,False,False,False
2023-07-05,52178,13194.0,33.97,70.11,13.39,Wednesday,0,0,7,761.12,2023-07-05,730.98,815.71,801.5214285714285,801.3457142857143,False,False,False,False,False,False,False
2023-07-06,52085,13272.0,30.0,74.96,8.8,Thursday,0,0,7,737.2,2023-07-06,761.12,808.04,793.722857142857,801.0692857142857,False,False,False,False,False,False,False
2023-07-07,52141,13249.0,32.73,61.52,0.0,Friday,0,0,7,811.3,2023-07-07,737.2,799.47,783.602857142857,799.3000000000001,False,False,False,False,False,False,False
2023-07-08,52221,13275.0,32.84,75.52,0.0,Saturday,1,0,7,871.19,2023-07-08,811.3,811.24,785.2928571428572,800.1757142857142,False,False,False,False,False,False,False
2023-07-09,52011,13335.0,35.63,67.97,8.53,Sunday,1,0,7,844.79,2023-07-09,871.19,831.97,793.8571428571429,806.6771428571428,False,False,False,False,False,False,False
2023-07-10,52271,13225.0,35.25,67.89,0.0,Monday,0,0,7,835.5,2023-07-10,844.79,813.24,795.6885714285715,808.1942857142857,False,False,False,False,False,False,False
2023-07-11,51995,13227.0,30.29,66.91,6.97,Tuesday,0,0,7,743.78,2023-07-11,835.5,730.98,798.8685714285714,806.3928571428571,False,False,False,False,False,False,False
2023-07-12,52062,13270.0,30.74,72.51,0.0,Wednesday,0,0,7,804.27,2023-07-12,743.78,761.12,800.6971428571429,801.1092857142858,False,False,False,False,False,False,False
2023-07-13,52608,13247.0,32.29,62.99,0.0,Thursday,0,0,7,798.99,2023-07-13,804.27,737.2,806.8614285714286,800.2921428571428,False,False,False,False,False,False,False
2023-07-14,52597,13254.0,38.03,62.49,13.6,Friday,0,0,7,780.35,2023-07-14,798.99,811.3,815.6885714285714,799.6457142857143,False,False,False,False,False,False,False
2023-07-15,52346,13293.0,33.46,57.66,2.3,Saturday,1,0,7,836.88,2023-07-15,780.35,871.19,811.2671428571429,798.28,False,False,False,False,False,False,False
2023-07-16,52229,13180.0,32.95,63.51,2.21,Sunday,1,0,7,873.56,2023-07-16,836.88,844.79,806.3657142857143,800.1114285714285,False,False,False,False,False,False,False
2023-07-17,52375,13263.0,33.94,67.77,19.65,Monday,0,0,7,779.55,2023-07-17,873.56,835.5,810.4757142857143,803.0821428571428,False,False,False,False,False,False,False
2023-07-18,52081,13259.0,31.98,59.4,3.46,Tuesday,0,0,7,762.29,2023-07-18,779.55,743.78,802.482857142857,800.6757142857143,False,False,False,False,False,False,False
2023-07-19,51941,13240.0,31.92,71.41,8.57,Wednesday,0,0,7,724.93,2023-07-19,762.29,804.27,805.1271428571428,802.9121428571427,False,False,False,False,False,False,False
2023-07-20,52737,13265.0,33.24,66.93,0.94,Thursday,0,0,7,811.45,2023-07-20,724.93,798.99,793.7928571428571,800.3271428571428,False,False,False,False,False,False,False
2023-07-21,52567,13250.0,29.18,59.68,0.0,Friday,0,0,7,781.28,2023-07-21,811.45,780.35,795.5728571428571,805.6307142857142,False,False,False,False,False,False,False
2023-07-22,52134,13299.0,35.38,62.38,16.44,Saturday,1,0,7,822.0,2023-07-22,781.28,836.88,795.7057142857144,803.4864285714285,False,False,False,False,False,False,False
2023-07-23,51950,13331.0,31.0,68.94,0.0,Sunday,1,0,7,802.12,2023-07-23,822.0,873.56,793.58,799.972857142857,False,False,False,False,False,False,False
2023-07-24,52177,13291.0,33.33,63.63,0.0,Monday,0,0,7,802.7,2023-07-24,802.12,779.55,783.3742857142857,796.9250000000001,False,False,False,False,False,False,False
2023-07-25,52043,13281.0,33.58,56.2,6.08,Tuesday,0,0,7,759.23,2023-07-25,802.7,762.29,786.6814285714285,794.5821428571429,False,False,False,False,False,False,False
2023-07-26,52062,13289.0,34.34,62.97,0.0,Wednesday,0,0,7,817.95,2023-07-26,759.23,724.93,786.2442857142856,795.6857142857143,False,False,False,False,False,False,False
2023-07-27,51959,13229.0,31.38,59.21,17.78,Thursday,0,0,7,761.95,2023-07-27,817.95,811.45,799.5328571428572,796.6628571428571,False,False,False,False,False,False,False
2023-07-28,52332,13262.0,29.67,59.49,21.69,Friday,0,0,7,756.94,2023-07-28,761.95,781.28,792.4614285714287,794.0171428571429,False,False,False,False,False,False,False
2023-07-29,52210,13282.0,31.1,64.56,0.0,Saturday,1,0,7,758.7,2023-07-29,756.94,822.0,788.9842857142856,792.345,False,False,False,False,False,False,False
2023-07-30,52003,13247.0,29.66,58.75,0.0,Sunday,1,0,7,796.59,2023-07-30,758.7,802.12,779.9414285714286,786.7607142857142,False,False,False,False,False,False,False
2023-07-31,52364,13275.0,32.83,72.26,0.0,Monday,0,0,7,804.57,2023-07-31,796.59,802.7,779.1514285714286,781.2628571428571,False,False,False,False,False,False,False
2023-08-01,52568,13214.0,31.65,71.7,12.01,Tuesday,0,0,8,749.34,2023-08-01,804.57,759.23,779.4185714285715,783.0500000000001,False,False,False,False,False,False,False
2023-08-02,52190,13263.0,32.35,61.2,13.27,Wednesday,0,0,8,778.37,2023-08-02,749.34,817.95,778.0057142857144,782.125,False,False,False,False,False,False,False
2023-08-03,52445,13306.0,32.5,70.19,0.0,Thursday,0,0,8,836.44,2023-08-03,778.37,761.95,772.3514285714285,785.9421428571429,False,False,False,False,False,False,False
2023-08-04,52525,13222.0,30.37,66.21,12.86,Friday,0,0,8,706.23,2023-08-04,836.44,756.94,782.9928571428572,787.7271428571429,False,False,False,False,False,False,False
2023-08-05,52259,13258.0,29.0,68.61,0.0,Saturday,1,0,8,787.82,2023-08-05,706.23,758.7,775.7485714285714,782.3664285714286,False,False,False,False,False,False,False
2023-08-06,51885,13267.0,31.62,70.77,5.43,Sunday,1,0,8,838.29,2023-08-06,787.82,796.59,779.9085714285713,779.9250000000001,False,False,False,False,False,False,False
2023-08-07,52162,13257.0,28.64,68.2,0.0,Monday,0,0,8,792.28,2023-08-07,838.29,804.57,785.8657142857143,782.5085714285715,False,False,False,False,False,False,False
2023-08-08,52857,13227.0,31.48,73.98,0.0,Tuesday,0,0,8,763.99,2023-08-08,792.28,749.34,784.11,781.7642857142857,False,False,False,False,False,False,False
2023-08-09,52262,13276.0,30.2,65.11,0.0,Wednesday,0,0,8,783.82,2023-08-09,763.99,778.37,786.2028571428572,782.1042857142857,False,False,False,False,False,False,False
2023-08-10,52206,13210.0,33.48,65.91,0.0,Thursday,0,0,8,783.31,2023-08-10,783.82,836.44,786.9814285714285,779.6664285714287,False,False,False,False,False,False,False
2023-08-11,52007,13248.0,47.95,60.71,6.35,Friday,0,0,8,778.62,2023-08-11,783.31,706.23,779.3914285714287,781.1921428571429,False,False,False,False,False,False,False
2023-08-12,52131,13212.0,28.55,63.64,14.15,Saturday,1,0,8,831.5,2023-08-12,778.62,787.82,789.7328571428571,782.7407142857143,False,False,False,False,False,False,False
2023-08-13,52317,13228.0,30.23,66.25,0.0,Sunday,1,0,8,811.35,2023-08-13,831.5,838.29,795.9728571428572,787.9407142857143,False,False,False,False,False,False,False
2023-08-14,52154,13277.0,33.17,63.4,0.0,Monday,0,0,8,730.47,2023-08-14,811.35,792.28,792.1242857142859,788.995,False,False,False,False,False,False,False
2023-08-15,52240,13233.0,31.28,62.16,16.31,Tuesday,0,1,8,813.09,2023-08-15,730.47,763.99,783.2942857142856,783.702142857143,False,False,False,False,False,False,False
2023-08-16,52104,13336.0,33.18,64.71,0.0,Wednesday,0,0,8,782.47,2023-08-16,813.09,783.82,790.3085714285714,788.2557142857144,False,False,False,False,False,False,False
2023-08-17,52280,13266.0,30.77,64.23,0.0,Thursday,0,0,8,767.95,2023-08-17,782.47,783.31,790.1157142857144,788.5485714285714,False,False,False,False,False,False,False
2023-08-18,51930,13262.0,29.09,66.62,28.57,Friday,0,0,8,685.96,2023-08-18,767.95,778.62,787.9214285714286,783.6564285714286,False,False,False,False,False,False,False
2023-08-19,52079,13249.0,31.25,62.63,5.0,Saturday,1,0,8,782.2,2023-08-19,685.96,831.5,774.6842857142857,782.2085714285714,False,False,False,False,False,False,False
2023-08-20,52549,13292.0,33.94,75.22,10.88,Sunday,1,0,8,781.65,2023-08-20,782.2,811.35,767.6414285714285,781.8071428571429,False,False,False,False,False,False,False
2023-08-21,52011,13233.0,30.13,59.51,4.29,Monday,0,0,8,756.81,2023-08-21,781.65,730.47,763.3985714285715,777.7614285714286,False,False,False,False,False,False,False
2023-08-22,51953,13330.0,32.55,65.99,12.16,Tuesday,0,0,8,809.28,2023-08-22,756.81,813.09,767.1614285714286,775.2278571428571,False,False,False,False,False,False,False
2023-08-23,52302,13185.0,28.24,69.88,22.83,Wednesday,0,0,8,729.85,2023-08-23,809.28,782.47,766.6171428571428,778.4628571428573,False,False,False,False,False,False,False
2023-08-24,51864,13271.0,30.64,63.86,0.0,Thursday,0,0,8,772.91,2023-08-24,729.85,767.95,759.1,774.6078571428571,False,False,False,False,False,False,False
2023-08-25,52243,13251.0,29.1,65.86,7.9,Friday,0,0,8,760.89,2023-08-25,772.91,685.96,759.8085714285714,773.865,False,False,False,False,False,False,False
2023-08-26,52401,13271.0,29.96,70.47,0.0,Saturday,1,0,8,750.34,2023-08-26,760.89,782.2,770.5128571428571,772.5985714285715,False,False,False,False,False,False,False
2023-08-27,52281,13278.0,28.84,69.49,0.0,Sunday,1,0,8,814.74,2023-08-27,750.34,781.65,765.9614285714287,766.8014285714287,False,False,False,False,False,False,False
2023-08-28,51757,13299.0,32.1,67.93,0.0,Monday,0,0,8,808.76,2023-08-28,814.74,756.81,770.6885714285714,767.0435714285715,False,False,False,False,False,False,False
2023-08-29,52675,13242.0,29.09,69.8,3.41,Tuesday,0,0,8,782.04,2023-08-29,808.76,809.28,778.11,772.6357142857142,False,False,False,False,False,False,False
2023-08-30,52341,13264.0,32.39,66.91,10.36,Wednesday,0,0,8,728.59,2023-08-30,782.04,729.85,774.2185714285714,770.4178571428571,False,False,False,False,False,False,False
2023-08-31,51778,13274.0,27.08,66.91,5.73,Thursday,0,0,8,746.99,2023-08-31,728.59,772.91,774.0385714285715,766.5692857142857,False,False,False,False,False,False,False
2023-09-01,52407,13249.0,28.87,71.38,2.39,Friday,0,0,9,729.11,2023-09-01,746.99,760.89,770.3357142857143,765.0721428571427,False,False,False,False,False,False,False
2023-09-02,52546,13284.0,29.4,64.87,0.0,Saturday,1,0,9,783.38,2023-09-02,729.11,750.34,765.7957142857142,768.1542857142857,False,False,False,False,False,False,False
2023-09-03,52509,13254.0,27.74,60.69,0.0,Sunday,1,0,9,734.04,2023-09-03,783.38,814.74,770.5157142857142,768.2385714285714,False,False,False,False,False,False,False
2023-09-04,52744,13324.0,25.61,71.25,6.86,Monday,0,0,9,687.25,2023-09-04,734.04,808.76,758.9871428571429,764.8378571428572,False,False,False,False,False,False,False
2023-09-05,52027,13281.0,25.62,70.34,4.96,Tuesday,0,0,9,684.59,2023-09-05,687.25,782.04,741.6285714285714,759.8692857142858,False,False,False,False,False,False,False
2023-09-06,52149,13220.0,29.53,63.61,0.0,Wednesday,0,0,9,748.94,2023-09-06,684.59,728.59,727.7071428571428,750.9628571428572,False,False,False,False,False,False,False
2023-09-07,52446,13270.0,29.75,59.96,11.57,Thursday,0,0,9,756.78,2023-09-07,748.94,746.99,730.6142857142856,752.3264285714286,False,False,False,False,False,False,False
2023-09-08,52424,13295.0,22.56,74.95,5.88,Friday,0,0,9,717.86,2023-09-08,756.78,729.11,732.0128571428571,751.1742857142856,False,False,False,False,False,False,False
2023-09-09,52025,13312.0,24.43,73.8,3.11,Saturday,1,0,9,738.93,2023-09-09,717.86,783.38,730.4057142857143,748.1007142857143,False,False,False,False,False,False,False
2023-09-10,52482,13216.0,27.35,62.53,0.0,Sunday,1,0,9,743.26,2023-09-10,738.93,734.04,724.0557142857143,747.2857142857143,False,False,False,False,False,False,False
2023-09-11,52292,13236.0,26.68,63.14,0.0,Monday,0,0,9,754.4,2023-09-11,743.26,687.25,725.3728571428572,742.1800000000001,False,False,False,False,False,False,False
2023-09-12,51756,13263.0,24.31,64.45,4.51,Tuesday,0,0,9,735.94,2023-09-12,754.4,684.59,734.9657142857143,738.2971428571428,False,False,False,False,False,False,False
2023-09-13,51859,13254.0,28.23,61.33,3.07,Wednesday,0,0,9,738.56,2023-09-13,735.94,748.94,742.3014285714286,735.0042857142859,False,False,False,False,False,False,False
2023-09-14,52144,13268.0,27.2,63.24,12.42,Thursday,0,0,9,721.55,2023-09-14,738.56,756.78,740.8185714285715,735.7164285714287,False,False,False,False,False,False,False
2023-09-15,52246,13267.0,27.77,75.14,18.27,Friday,0,0,9,729.38,2023-09-15,721.55,717.86,735.7857142857143,733.8992857142857,False,False,False,False,False,False,False
2023-09-16,52428,13284.0,26.32,67.46,4.94,Saturday,1,0,9,775.07,2023-09-16,729.38,738.93,737.4314285714287,733.9185714285715,False,False,False,False,False,False,False
2023-09-17,52106,13230.0,28.1,69.23,20.81,Sunday,1,0,9,753.84,2023-09-17,775.07,743.26,742.5942857142857,733.3249999999999,False,False,False,False,False,False,False
2023-09-18,52286,13260.0,31.62,62.66,14.4,Monday,0,0,9,710.72,2023-09-18,753.84,754.4,744.1057142857143,734.7392857142858,False,False,False,False,False,False,False
2023-09-19,52286,13240.0,29.45,69.02,33.9,Tuesday,0,0,9,699.47,2023-09-19,710.72,735.94,737.8657142857143,736.4157142857142,False,False,False,False,False,False,False
2023-09-20,52351,13278.0,25.63,70.52,0.0,Wednesday,0,0,9,750.01,2023-09-20,699.47,738.56,732.6557142857143,737.4785714285715,False,False,False,False,False,False,False
2023-09-21,52345,13277.0,24.17,60.92,0.23,Thursday,0,0,9,730.12,2023-09-21,750.01,721.55,734.2914285714286,737.5550000000001,False,False,False,False,False,False,False
2023-09-22,52190,13303.0,25.92,68.05,6.82,Friday,0,0,9,713.75,2023-09-22,730.12,729.38,735.5157142857142,735.6507142857143,False,False,False,False,False,False,False
2023-09-23,52545,13303.0,30.43,61.64,3.93,Saturday,1,0,9,805.52,2023-09-23,713.75,775.07,733.2828571428571,735.3571428571429,False,False,False,False,False,False,False
2023-09-24,52035,13307.0,24.02,74.13,13.7,Sunday,1,0,9,730.87,2023-09-24,805.52,753.84,737.6328571428572,740.1135714285714,False,False,False,False,False,False,False
2023-09-25,52166,13242.0,23.46,77.2,13.83,Monday,0,0,9,708.06,2023-09-25,730.87,710.72,734.3514285714285,739.2285714285714,False,False,False,False,False,False,False
2023-09-26,52310,13299.0,25.84,65.81,0.97,Tuesday,0,0,9,751.42,2023-09-26,708.06,699.47,733.9714285714284,735.9185714285715,False,False,False,False,False,False,False
2023-09-27,52311,13283.0,21.8,64.76,13.91,Wednesday,0,0,9,711.17,2023-09-27,751.42,750.01,741.3928571428571,737.0242857142857,False,False,False,False,False,False,False
2023-09-28,52515,13278.0,25.06,64.73,0.0,Thursday,0,0,9,752.15,2023-09-28,711.17,730.12,735.8442857142857,735.0678571428572,False,False,False,False,False,False,False
2023-09-29,52355,13310.0,26.07,71.34,4.85,Friday,0,0,9,784.46,2023-09-29,752.15,713.75,738.9914285714285,737.2535714285715,False,False,False,False,False,False,False
2023-09-30,51894,13257.0,27.3,65.47,0.0,Saturday,1,0,9,820.71,2023-09-30,784.46,805.52,749.092857142857,741.1878571428571,False,False,False,False,False,False,False
2023-10-01,52125,13308.5,26.42,69.74,12.04,Sunday,1,0,10,746.21,2023-10-01,820.71,730.87,751.262857142857,744.4478571428572,False,False,False,False,True,False,False
2023-10-02,52352,13290.0,27.07,69.75,4.82,Monday,0,1,10,776.71,2023-10-02,746.21,708.06,753.4542857142857,743.9028571428571,False,False,False,False,True,False,False
2023-10-03,52878,13265.0,26.25,72.68,45.57,Tuesday,0,0,10,670.27,2023-10-03,776.71,751.42,763.2614285714286,748.6164285714286,False,False,False,False,True,False,False
2023-10-04,52240,13308.5,26.98,68.6,9.48,Wednesday,0,0,10,804.49,2023-10-04,670.27,711.17,751.6685714285715,746.5307142857142,False,False,False,False,True,False,False
2023-10-05,52149,13259.0,23.28,73.35,11.38,Thursday,0,0,10,731.84,2023-10-05,804.49,752.15,765.0,750.4221428571428,False,False,False,False,True,False,False
2023-10-06,52061,13292.0,26.26,69.0,17.15,Friday,0,0,10,704.31,2023-10-06,731.84,784.46,762.0985714285715,750.5450000000001,False,False,False,False,True,False,False
2023-10-07,52657,13306.0,26.15,73.62,5.88,Saturday,1,0,10,735.88,2023-10-07,704.31,820.71,750.6485714285716,749.8707142857144,False,False,False,False,True,False,False
2023-10-08,52028,13296.0,24.93,70.34,16.27,Sunday,1,0,10,793.4,2023-10-08,735.88,746.21,738.53,744.8964285714285,False,False,False,False,True,False,False
2023-10-09,51868,13250.0,21.23,69.68,6.79,Monday,0,0,10,726.2,2023-10-09,793.4,776.71,745.2714285714286,749.3628571428571,False,False,False,False,True,False,False
2023-10-10,52102,13250.0,24.67,68.91,8.81,Tuesday,0,0,10,718.38,2023-10-10,726.2,670.27,738.0557142857143,750.6585714285713,False,False,False,False,True,False,False
2023-10-11,52201,13279.0,24.67,71.07,0.0,Wednesday,0,0,10,734.1,2023-10-11,718.38,804.49,744.9285714285714,748.2985714285713,False,False,False,False,True,False,False
2023-10-12,52447,13307.0,23.5,72.53,0.0,Thursday,0,0,10,771.47,2023-10-12,734.1,731.84,734.8728571428572,749.9364285714285,False,False,False,False,True,False,False
2023-10-13,52122,13286.0,24.28,67.73,0.0,Friday,0,0,10,701.94,2023-10-13,771.47,704.31,740.5342857142857,751.3164285714286,False,False,False,False,True,False,False
2023-10-14,52147,13289.0,22.56,63.5,11.6,Saturday,1,0,10,792.92,2023-10-14,701.94,735.88,740.1957142857144,745.4221428571428,False,False,False,False,True,False,False
2023-10-15,52462,13249.0,21.47,77.4,3.72,Sunday,1,0,10,741.89,2023-10-15,792.92,793.4,748.3442857142858,743.4371428571428,False,False,False,False,True,False,False
2023-10-16,52266,13330.0,22.32,62.14,15.03,Monday,0,0,10,667.37,2023-10-16,741.89,726.2,740.9857142857143,743.1285714285715,False,False,False,False,True,False,False
2023-10-17,52329,13328.0,21.75,68.94,0.42,Tuesday,0,0,10,700.41,2023-10-17,667.37,718.38,732.5814285714285,735.3185714285713,False,False,False,False,True,False,False
2023-10-18,52406,13325.0,24.82,56.09,11.48,Wednesday,0,0,10,735.72,2023-10-18,700.41,734.1,730.0142857142857,737.4714285714286,False,False,False,False,True,False,False
2023-10-19,52498,13280.0,19.92,67.91,3.52,Thursday,0,0,10,737.37,2023-10-19,735.72,771.47,730.2457142857141,732.5592857142857,False,False,False,False,True,False,False
2023-10-20,51581,13243.0,27.28,64.14,24.7,Friday,0,0,10,732.22,2023-10-20,737.37,701.94,725.3742857142857,732.9542857142858,False,False,False,False,True,False,False
2023-10-21,52462,13301.0,24.8,79.38,1.85,Saturday,1,0,10,796.62,2023-10-21,732.22,792.92,729.6999999999999,734.9478571428572,False,False,False,False,True,False,False
2023-10-22,52242,13329.0,25.16,80.69,0.0,Sunday,1,0,10,759.15,2023-10-22,796.62,741.89,730.2285714285714,739.2864285714286,False,False,False,False,True,False,False
2023-10-23,52228,13258.0,17.67,69.02,6.63,Monday,0,1,10,740.05,2023-10-23,759.15,667.37,732.6942857142858,736.84,False,False,False,False,True,False,False
2023-10-24,52417,13318.0,23.66,75.35,0.0,Tuesday,0,0,10,752.24,2023-10-24,740.05,700.41,743.0771428571428,737.8292857142858,False,False,False,False,True,False,False
2023-10-25,52281,13304.0,27.47,65.44,25.05,Wednesday,0,0,10,708.6,2023-10-25,752.24,735.72,750.4814285714285,740.2478571428572,False,False,False,False,True,False,False
2023-10-26,52483,13212.0,25.84,68.37,0.0,Thursday,0,0,10,719.74,2023-10-26,708.6,737.37,746.6071428571429,738.4264285714287,False,False,False,False,True,False,False
2023-10-27,52420,13289.0,21.82,69.75,0.0,Friday,0,0,10,750.9,2023-10-27,719.74,732.22,744.0885714285715,734.7314285714285,False,False,False,False,True,False,False
2023-10-28,52567,13342.0,22.33,58.83,18.8,Saturday,1,0,10,720.29,2023-10-28,750.9,796.62,746.7571428571429,738.2285714285715,False,False,False,False,True,False,False
2023-10-29,52733,13317.0,23.92,71.5,0.0,Sunday,1,0,10,771.72,2023-10-29,720.29,759.15,735.8528571428571,733.0407142857142,False,False,False,False,True,False,False
2023-10-30,51812,13296.0,23.17,74.77,0.0,Monday,0,0,10,776.45,2023-10-30,771.72,740.05,737.6485714285715,735.1714285714286,False,False,False,False,True,False,False
2023-10-31,52272,13308.0,27.49,74.18,7.32,Tuesday,0,0,10,762.65,2023-10-31,776.45,752.24,742.8485714285715,742.9628571428572,False,False,False,False,True,False,False
2023-11-01,52301,13288.0,25.52,65.89,0.0,Wednesday,0,0,11,762.9,2023-11-01,762.65,708.6,744.3357142857142,747.4085714285715,False,False,False,False,True,False,False
2023-11-02,52373,13289.0,21.7,73.34,0.0,Thursday,0,0,11,719.34,2023-11-02,762.9,719.74,752.0928571428573,749.35,False,False,False,False,True,False,False
2023-11-03,52210,13236.0,23.5,74.19,0.0,Friday,0,0,11,687.08,2023-11-03,719.34,750.9,752.0357142857143,748.0621428571429,False,False,False,False,True,False,False
2023-11-04,51950,13303.0,20.3,64.22,8.79,Saturday,1,0,11,751.18,2023-11-04,687.08,720.29,742.9185714285715,744.8378571428572,False,False,False,False,True,False,False
2023-11-05,52611,13303.0,20.59,65.55,12.93,Sunday,1,0,11,668.94,2023-11-05,751.18,771.72,747.3314285714285,741.5921428571429,False,False,False,False,True,False,False
2023-11-06,52142,13348.0,18.5,63.62,0.0,Monday,0,0,11,762.79,2023-11-06,668.94,776.45,732.6485714285715,735.1485714285715,False,False,False,False,True,False,False
2023-11-07,52210,13315.0,17.17,62.12,29.81,Tuesday,0,0,11,674.64,2023-11-07,762.79,762.65,730.6971428571429,736.7728571428571,False,False,False,False,True,False,False
2023-11-08,52896,13274.0,21.71,78.49,21.67,Wednesday,0,0,11,694.62,2023-11-08,674.64,762.9,718.1242857142857,731.2299999999999,False,False,False,False,True,False,False
2023-11-09,52131,13260.0,22.22,74.13,0.0,Thursday,0,0,11,735.1,2023-11-09,694.62,719.34,708.37,730.2314285714285,False,False,False,False,True,False,False
2023-11-10,52129,13320.0,23.23,81.72,6.85,Friday,0,0,11,749.37,2023-11-10,735.1,687.08,710.6214285714285,731.3285714285714,False,False,False,False,True,False,False
2023-11-11,52272,13314.0,19.86,68.16,0.0,Saturday,1,0,11,777.94,2023-11-11,749.37,751.18,719.5199999999999,731.2192857142857,False,False,False,False,True,False,False
2023-11-12,51913,13228.0,18.92,64.07,3.13,Sunday,1,0,11,720.98,2023-11-12,777.94,668.94,723.3428571428573,735.3371428571429,False,False,False,False,True,False,False
2023-11-13,52706,13318.0,21.4,67.22,13.3,Monday,0,0,11,685.99,2023-11-13,720.98,762.79,730.7771428571428,731.7128571428572,False,False,False,False,True,False,False
2023-11-14,51868,13303.0,22.82,67.48,0.0,Tuesday,0,0,11,715.62,2023-11-14,685.99,674.64,719.8057142857142,725.2514285714286,False,False,False,False,True,False,False
2023-11-15,52369,13292.0,21.0,70.24,26.94,Wednesday,0,0,11,685.98,2023-11-15,715.62,694.62,725.6600000000001,721.8921428571429,False,False,False,False,True,False,False
2023-11-16,52583,13272.0,46.99,65.13,0.0,Thursday,0,0,11,793.03,2023-11-16,685.98,735.1,724.4257142857142,716.3978571428571,False,False,False,False,True,False,False
2023-11-17,51832,13277.0,23.56,71.31,21.41,Friday,0,0,11,730.51,2023-11-17,793.03,749.37,732.7014285714286,721.6614285714286,False,False,False,False,True,False,False
2023-11-18,52762,13309.0,22.84,67.34,32.6,Saturday,1,0,11,722.17,2023-11-18,730.51,777.94,730.0071428571429,724.7635714285715,False,False,False,False,True,False,False
2023-11-19,52236,13297.0,23.84,71.2,0.0,Sunday,1,0,11,762.87,2023-11-19,722.17,720.98,722.04,722.6914285714286,False,False,False,False,True,False,False
2023-11-20,52330,13234.0,24.69,71.45,7.43,Monday,0,0,11,715.33,2023-11-20,762.87,685.99,728.0242857142857,729.4007142857143,False,False,False,False,True,False,False
2023-11-21,52520,13306.0,21.14,68.76,4.52,Tuesday,0,0,11,904.27,2023-11-21,715.33,715.62,732.2157142857143,726.0107142857142,False,False,False,False,True,False,False
2023-11-22,52544,13315.0,21.61,67.82,9.89,Wednesday,0,0,11,707.67,2023-11-22,904.27,685.98,759.1657142857142,742.4128571428572,False,False,False,False,True,False,False
2023-11-23,51953,13316.0,17.38,70.79,0.0,Thursday,0,0,11,673.42,2023-11-23,707.67,793.03,762.2642857142857,743.345,False,False,False,False,True,False,False
2023-11-24,52293,13225.0,22.36,76.26,0.0,Friday,0,0,11,741.24,2023-11-24,673.42,730.51,745.1771428571428,738.9392857142857,False,False,False,False,True,False,False
2023-11-25,52721,13358.0,22.9,64.14,14.46,Saturday,1,0,11,752.17,2023-11-25,741.24,722.17,746.71,738.3585714285715,False,False,False,False,True,False,False
2023-11-26,52551,13351.0,20.95,69.36,0.0,Sunday,1,0,11,736.62,2023-11-26,752.17,762.87,750.9957142857144,736.5178571428571,False,False,False,False,True,False,False
2023-11-27,52708,13347.0,18.56,75.64,0.0,Monday,0,0,11,736.83,2023-11-27,736.62,715.33,747.2457142857144,737.635,False,False,False,False,True,False,False
2023-11-28,52642,13303.0,23.31,70.21,0.0,Tuesday,0,0,11,718.99,2023-11-28,736.83,904.27,750.3171428571429,741.2664285714285,False,False,False,False,True,False,False
2023-11-29,52512,13325.0,27.26,67.28,0.0,Wednesday,0,0,11,734.24,2023-11-29,718.99,707.67,723.8485714285714,741.5071428571429,False,False,False,False,True,False,False
2023-11-30,52655,13281.0,23.23,68.26,23.86,Thursday,0,0,11,670.81,2023-11-30,734.24,673.42,727.6442857142856,744.9542857142858,False,False,False,False,True,False,False
2023-12-01,52603,13254.0,17.03,75.6,7.29,Friday,0,0,12,702.18,2023-12-01,670.81,741.24,727.2714285714286,736.2242857142857,False,False,False,False,False,False,True
2023-12-02,52630,13274.0,23.65,65.09,0.0,Saturday,1,0,12,818.31,2023-12-02,702.18,752.17,721.6914285714286,734.2007142857143,False,False,False,False,False,False,True
2023-12-03,52261,13296.0,23.0,76.13,0.0,Sunday,1,0,12,773.63,2023-12-03,818.31,736.62,731.14,741.0678571428571,False,False,False,False,False,False,True
2023-12-04,52154,13300.0,27.26,75.73,0.0,Monday,0,0,12,754.1,2023-12-04,773.63,736.83,736.4271428571428,741.8364285714285,False,False,False,False,False,False,True
2023-12-05,52319,13294.0,21.56,66.52,0.0,Tuesday,0,0,12,739.65,2023-12-05,754.1,718.99,738.8942857142857,744.6057142857143,False,False,False,False,False,False,True
2023-12-06,52163,13353.0,19.89,78.4,12.94,Wednesday,0,0,12,687.78,2023-12-06,739.65,734.24,741.8457142857143,732.8471428571428,False,False,False,False,False,False,True
2023-12-07,52444,13347.0,18.52,66.91,0.0,Thursday,0,0,12,744.71,2023-12-07,687.78,670.81,735.2085714285714,731.4264285714286,False,False,False,False,False,False,True
2023-12-08,52360,13319.0,18.13,67.49,2.29,Friday,0,0,12,735.01,2023-12-08,744.71,702.18,745.7657142857142,736.5185714285715,False,False,False,False,False,False,True
2023-12-09,52338,13302.0,18.81,74.14,6.81,Saturday,1,0,12,741.8,2023-12-09,735.01,818.31,750.4557142857144,736.0735714285713,False,False,False,False,False,False,True
2023-12-10,52799,13321.0,16.56,73.97,8.5,Sunday,1,0,12,727.89,2023-12-10,741.8,773.63,739.5257142857143,735.3328571428572,False,False,False,False,False,False,True
2023-12-11,52444,13242.0,19.6,76.76,0.0,Monday,0,0,12,699.19,2023-12-11,727.89,754.1,732.9914285714285,734.7092857142858,False,False,False,False,False,False,True
2023-12-12,52394,13291.0,22.86,73.63,0.0,Tuesday,0,0,12,751.5,2023-12-12,699.19,739.65,725.147142857143,732.0207142857143,False,False,False,False,False,False,True
2023-12-13,52195,13334.0,17.83,75.31,0.0,Wednesday,0,0,12,742.5,2023-12-13,751.5,687.78,726.84,734.342857142857,False,False,False,False,False,False,True
2023-12-14,52512,13204.0,20.64,69.29,0.0,Thursday,0,0,12,750.89,2023-12-14,742.5,744.71,734.657142857143,734.9328571428571,False,False,False,False,False,False,True
2023-12-15,52128,13300.0,20.16,70.65,21.84,Friday,0,0,12,699.99,2023-12-15,750.89,735.01,735.54,740.6528571428571,False,False,False,False,False,False,True
2023-12-16,51981,13311.0,18.85,68.82,0.0,Saturday,1,0,12,757.03,2023-12-16,699.99,741.8,730.5371428571428,740.4964285714285,False,False,False,False,False,False,True
2023-12-17,52099,13265.0,17.41,79.95,0.0,Sunday,1,0,12,758.18,2023-12-17,757.03,727.89,732.7128571428572,736.1192857142858,False,False,False,False,False,False,True
2023-12-18,52181,13298.0,24.92,74.9,16.79,Monday,0,0,12,680.49,2023-12-18,758.18,699.19,737.0400000000001,735.0157142857144,False,False,False,False,False,False,True
2023-12-19,52708,13343.0,19.06,69.74,0.0,Tuesday,0,0,12,710.37,2023-12-19,680.49,751.5,734.3685714285714,729.7578571428572,False,False,False,False,False,False,True
2023-12-20,52321,13250.0,20.23,75.44,0.0,Wednesday,0,0,12,749.81,2023-12-20,710.37,742.5,728.4928571428571,727.6664285714286,False,False,False,False,False,False,True
2023-12-21,52608,13337.0,18.61,62.69,0.0,Thursday,0,0,12,760.16,2023-12-21,749.81,750.89,729.5371428571427,732.0971428571429,False,False,False,False,False,False,True
2023-12-22,52248,13243.0,23.51,72.7,0.0,Friday,0,0,12,773.25,2023-12-22,760.16,699.99,730.8614285714286,733.2007142857143,False,False,False,False,False,False,True
2023-12-23,52362,13302.0,19.15,83.7,6.82,Saturday,1,0,12,721.55,2023-12-23,773.25,757.03,741.3271428571427,735.9321428571429,False,False,False,False,False,False,True
2023-12-24,52259,13325.0,22.15,71.11,0.0,Sunday,1,0,12,772.76,2023-12-24,721.55,758.18,736.2585714285714,734.4857142857143,False,False,False,False,False,False,True
2023-12-25,52281,13292.0,22.99,68.26,0.0,Monday,0,1,12,767.84,2023-12-25,772.76,680.49,738.3414285714285,737.6907142857143,False,False,False,False,False,False,True
2023-12-26,52595,13328.0,19.52,73.23,8.22,Tuesday,0,0,12,743.64,2023-12-26,767.84,710.37,750.8199999999999,742.5942857142857,False,False,False,False,False,False,True
2023-12-27,52214,13312.0,23.5,59.0,2.46,Wednesday,0,0,12,737.63,2023-12-27,743.64,749.81,755.5728571428572,742.0328571428571,False,False,False,False,False,False,True
2023-12-28,52295,13309.0,19.0,63.29,0.0,Thursday,0,0,12,755.05,2023-12-28,737.63,760.16,753.8328571428572,741.6850000000001,False,False,False,False,False,False,True
2023-12-29,52045,13320.0,21.44,64.35,9.31,Friday,0,0,12,774.36,2023-12-29,755.05,773.25,753.1028571428571,741.9821428571429,False,False,False,False,False,False,True
2023-12-30,53054,13277.0,22.07,74.07,0.0,Saturday,1,0,12,782.59,2023-12-30,774.36,721.55,753.2614285714286,747.2942857142858,False,False,False,False,False,False,True
2023-12-31,52571,13318.0,22.52,69.39,0.0,Sunday,1,0,12,803.47,2023-12-31,782.59,772.76,761.9814285714285,749.12,False,False,False,False,False,False,True
2024-01-01,52616,13287.0,18.07,68.18,0.0,Monday,0,1,1,802.64,2024-01-01,803.47,767.84,766.3685714285714,752.3549999999999,False,False,False,False,False,False,True
2024-01-02,52396,13360.0,22.92,70.05,0.0,Tuesday,0,0,1,807.42,2024-01-02,802.64,743.64,771.34,761.0799999999999,False,False,False,False,False,False,True
2024-01-03,52467,13299.0,18.43,63.51,0.0,Wednesday,0,0,1,727.67,2024-01-03,807.42,737.63,780.4514285714286,768.0121428571429,False,False,False,False,False,False,True
2024-01-04,52165,13267.0,21.26,77.23,0.0,Thursday,0,0,1,767.29,2024-01-04,727.67,755.05,779.0285714285716,766.4307142857142,False,False,False,False,False,False,True
2024-01-05,52269,13274.0,16.48,72.32,0.0,Friday,0,0,1,712.22,2024-01-05,767.29,774.36,780.777142857143,766.9399999999999,False,False,False,False,False,False,True
2024-01-06,52231,13325.0,20.92,74.21,0.0,Saturday,1,0,1,811.49,2024-01-06,712.22,782.59,771.8999999999999,762.5807142857142,False,False,False,False,False,False,True
2024-01-07,52516,13330.0,20.63,67.88,0.0,Sunday,1,0,1,756.89,2024-01-07,811.49,803.47,776.0285714285716,769.005,False,False,False,False,False,False,True
2024-01-08,52418,13289.0,19.06,64.52,0.0,Monday,0,0,1,749.69,2024-01-08,756.89,802.64,769.3742857142857,767.8714285714286,False,False,False,False,False,False,True
2024-01-09,52645,13293.0,17.61,76.33,0.0,Tuesday,0,0,1,737.15,2024-01-09,749.69,807.42,761.8100000000001,766.5749999999999,False,False,False,False,False,False,True
2024-01-10,52730,13313.0,18.07,73.74,0.0,Wednesday,0,0,1,798.51,2024-01-10,737.15,727.67,751.7714285714285,766.1114285714286,False,False,False,False,False,False,True
2024-01-11,51886,13326.0,24.4,76.05,3.82,Thursday,0,0,1,743.46,2024-01-11,798.51,767.29,761.8914285714285,770.4599999999999,False,False,False,False,False,False,True
2024-01-12,52128,13291.0,19.2,75.0,0.0,Friday,0,0,1,754.98,2024-01-12,743.46,712.22,758.487142857143,769.6321428571429,False,False,False,False,False,False,True
2024-01-13,52370,13288.0,22.34,74.99,0.0,Saturday,1,0,1,764.18,2024-01-13,754.98,811.49,764.5957142857143,768.2478571428571,False,False,False,False,False,False,True
2024-01-14,52007,13364.0,19.85,66.46,25.16,Sunday,1,1,1,754.2,2024-01-14,764.18,756.89,757.8371428571429,766.9328571428571,False,False,False,False,False,False,True
2024-01-15,52507,13370.0,21.55,73.08,0.0,Monday,0,0,1,728.33,2024-01-15,754.2,749.69,757.4528571428572,763.4135714285715,False,False,False,False,False,False,True
2024-01-16,52377,13226.0,16.5,66.63,0.0,Tuesday,0,0,1,747.08,2024-01-16,728.33,737.15,754.4014285714285,758.1057142857144,False,False,False,False,False,False,True
2024-01-17,52940,13270.0,20.76,71.33,10.51,Wednesday,0,0,1,766.43,2024-01-17,747.08,798.51,755.8199999999999,753.7957142857143,False,False,False,False,False,False,True
2024-01-18,52961,13314.0,22.93,68.57,0.0,Thursday,0,0,1,747.02,2024-01-18,766.43,743.46,751.2371428571429,756.5642857142858,False,False,False,False,False,False,True
2024-01-19,52534,13288.0,20.68,66.79,0.0,Friday,0,0,1,748.37,2024-01-19,747.02,754.98,751.7457142857141,755.1164285714285,False,False,False,False,False,False,True
2024-01-20,52407,13325.0,18.35,68.66,30.44,Saturday,1,0,1,751.57,2024-01-20,748.37,764.18,750.8014285714287,757.6985714285714,False,False,False,False,False,False,True
2024-01-21,52864,13314.0,25.83,65.1,0.0,Sunday,1,0,1,769.22,2024-01-21,751.57,754.2,749.0,753.4185714285715,False,False,False,False,False,False,True
2024-01-22,52663,13305.0,23.62,71.96,0.0,Monday,0,0,1,723.8,2024-01-22,769.22,728.33,751.1457142857143,754.2992857142856,False,False,False,False,False,False,True
2024-01-23,52344,13248.0,23.31,67.31,0.0,Tuesday,0,0,1,823.36,2024-01-23,723.8,747.08,750.4985714285714,752.45,False,False,False,False,False,False,True
2024-01-24,52355,13321.0,23.23,65.86,0.0,Wednesday,0,0,1,792.69,2024-01-24,823.36,766.43,761.3957142857143,758.6078571428571,False,False,False,False,False,False,True
2024-01-25,51951,13274.0,24.32,70.21,8.89,Thursday,0,0,1,735.46,2024-01-25,792.69,747.02,765.1471428571429,758.1921428571429,False,False,False,False,False,False,True
2024-01-26,52123,13288.0,21.94,68.78,0.0,Friday,0,1,1,756.58,2024-01-26,735.46,748.37,763.4957142857144,757.6207142857144,False,False,False,False,False,False,True
2024-01-27,52737,13335.0,21.74,68.89,0.0,Saturday,1,0,1,782.88,2024-01-27,756.58,751.57,764.6685714285715,757.735,False,False,False,False,False,False,True
2024-01-28,52436,13287.0,20.56,70.9,0.0,Sunday,1,0,1,789.54,2024-01-28,782.88,769.22,769.1414285714285,759.0707142857143,False,False,False,False,False,False,True
2024-01-29,52689,13368.0,23.61,63.85,0.0,Monday,0,0,1,766.85,2024-01-29,789.54,723.8,772.0442857142856,761.595,False,False,False,False,False,False,True
2024-01-30,52183,13303.0,20.75,66.46,23.85,Tuesday,0,0,1,768.24,2024-01-30,766.85,823.36,778.1942857142858,764.3464285714284,False,False,False,False,False,False,True
2024-01-31,52396,13319.0,22.29,71.3,0.0,Wednesday,0,0,1,737.45,2024-01-31,768.24,792.69,770.3199999999999,765.8578571428571,False,False,False,False,False,False,True
2024-02-01,52522,13264.0,23.4,74.96,0.0,Thursday,0,0,2,775.02,2024-02-01,737.45,735.46,762.4285714285714,763.7878571428572,False,False,False,False,False,False,True
2024-02-02,52157,13356.0,21.0,64.15,6.44,Friday,0,0,2,776.52,2024-02-02,775.02,756.58,768.08,765.7878571428572,False,False,False,False,False,False,True
2024-02-03,52246,13325.0,23.96,74.56,0.0,Saturday,1,0,2,835.38,2024-02-03,776.52,782.88,770.9285714285714,767.7985714285714,False,False,False,False,False,False,True
2024-02-04,52930,13281.0,24.76,64.72,0.0,Sunday,1,0,2,826.8,2024-02-04,835.38,789.54,778.4285714285714,773.785,False,False,False,False,False,False,True
2024-02-05,52344,13348.0,24.3,67.86,0.0,Monday,0,0,2,805.23,2024-02-05,826.8,766.85,783.7514285714286,777.8978571428572,False,False,False,False,False,False,True
2024-02-06,52153,13292.0,22.75,74.99,0.0,Tuesday,0,0,2,794.98,2024-02-06,805.23,768.24,789.2342857142858,783.7142857142857,False,False,False,False,False,False,True
2024-02-07,52664,13298.0,22.06,65.1,0.0,Wednesday,0,0,2,779.95,2024-02-07,794.98,737.45,793.0542857142857,781.6871428571429,False,False,False,False,False,False,True
2024-02-08,52650,13341.0,22.95,71.61,0.0,Thursday,0,0,2,788.83,2024-02-08,779.95,775.02,799.1257142857143,780.777142857143,False,False,False,False,False,False,True
2024-02-09,52572,13345.0,21.22,69.86,6.42,Friday,0,0,2,790.88,2024-02-09,788.83,776.52,801.0985714285715,784.5892857142857,False,False,False,False,False,False,True
2024-02-10,52615,13391.0,22.27,84.29,12.59,Saturday,1,0,2,789.38,2024-02-10,790.88,835.38,803.1499999999999,787.0392857142857,False,False,False,False,False,False,True
2024-02-11,52454,13385.0,23.22,70.05,0.0,Sunday,1,0,2,820.66,2024-02-11,789.38,826.8,796.5785714285714,787.5035714285715,False,False,False,False,False,False,True
2024-02-12,52331,13295.0,28.18,65.15,5.41,Monday,0,0,2,803.89,2024-02-12,820.66,805.23,795.7014285714286,789.7264285714285,False,False,False,False,False,False,True
2024-02-13,52654,13300.0,23.62,64.14,0.0,Tuesday,0,0,2,753.41,2024-02-13,803.89,794.98,795.51,792.3721428571428,False,False,False,False,False,False,True
2024-02-14,52752,13347.0,24.99,68.1,0.0,Wednesday,0,0,2,739.09,2024-02-14,753.41,779.95,789.5714285714286,791.3128571428571,False,False,False,False,False,False,True
2024-02-15,52531,13346.0,23.9,63.46,5.34,Thursday,0,0,2,790.57,2024-02-15,739.09,788.83,783.7342857142858,791.4300000000001,False,False,False,False,False,False,True
2024-02-16,52243,13299.0,22.52,62.21,0.0,Friday,0,0,2,750.9,2024-02-16,790.57,790.88,783.982857142857,792.5407142857142,False,False,False,False,False,False,True
2024-02-17,52194,13320.0,25.46,66.91,0.0,Saturday,1,0,2,845.08,2024-02-17,750.9,789.38,778.2714285714286,790.7107142857142,False,False,False,False,False,False,True
2024-02-18,52347,13365.0,22.83,74.4,7.63,Sunday,1,0,2,799.22,2024-02-18,845.08,820.66,786.2285714285715,791.4035714285714,False,False,False,False,False,False,True
2024-02-19,52354,13326.0,23.42,72.13,21.53,Monday,0,0,2,703.11,2024-02-19,799.22,803.89,783.1657142857144,789.4335714285714,False,False,False,False,False,False,True
2024-02-20,53051,13360.0,26.5,67.65,0.0,Tuesday,0,0,2,744.22,2024-02-20,703.11,753.41,768.7685714285715,782.1392857142857,False,False,False,False,False,False,True
2024-02-21,52346,13293.0,23.63,71.59,6.91,Wednesday,0,0,2,735.85,2024-02-21,744.22,739.09,767.4557142857144,778.5135714285715,False,False,False,False,False,False,True
2024-02-22,52374,13345.0,26.06,71.13,3.27,Thursday,0,0,2,762.6,2024-02-22,735.85,790.57,766.9928571428571,775.3635714285714,False,False,False,False,False,False,True
2024-02-23,52561,13343.0,24.65,63.84,0.0,Friday,0,0,2,809.75,2024-02-23,762.6,750.9,762.9971428571429,773.49,False,False,False,False,False,False,True
2024-02-24,52785,13325.0,21.27,74.41,0.0,Saturday,1,0,2,805.2,2024-02-24,809.75,845.08,771.4042857142857,774.8378571428572,False,False,False,False,False,False,True
2024-02-25,52910,13296.0,23.52,69.1,0.0,Sunday,1,0,2,814.2,2024-02-25,805.2,799.22,765.7071428571428,775.967857142857,False,False,False,False,False,False,True
2024-02-26,52377,13341.0,18.8,70.49,0.0,Monday,0,0,2,741.81,2024-02-26,814.2,703.11,767.8471428571429,775.5064285714286,False,False,False,False,False,False,True
2024-02-27,52419,13321.0,23.66,58.92,20.76,Tuesday,0,0,2,719.51,2024-02-27,741.81,744.22,773.3757142857143,771.0721428571429,False,False,False,False,False,False,True
2024-02-28,52938,13354.0,23.41,75.14,0.0,Wednesday,0,0,2,808.17,2024-02-28,719.51,735.85,769.8457142857143,768.6507142857143,False,False,False,False,False,False,True
2024-02-29,52772,13314.0,22.58,67.9,0.0,Thursday,0,0,2,760.89,2024-02-29,808.17,762.6,780.1771428571429,773.585,False,False,False,False,False,False,True
2024-03-01,52359,13350.0,25.64,67.31,0.0,Friday,0,0,3,805.05,2024-03-01,760.89,809.75,779.9328571428571,771.465,False,False,False,False,False,True,False
2024-03-02,53021,13361.0,26.82,66.91,0.0,Saturday,1,0,3,849.58,2024-03-02,805.05,805.2,779.2614285714286,775.3328571428572,False,False,False,False,False,True,False
2024-03-03,52255,13313.0,23.97,71.6,0.0,Sunday,1,0,3,822.28,2024-03-03,849.58,814.2,785.6014285714285,775.6542857142858,False,False,False,False,False,True,False
2024-03-04,52724,13323.0,23.76,74.14,1.78,Monday,0,0,3,791.28,2024-03-04,822.28,741.81,786.7557142857142,777.3014285714286,False,False,False,False,False,True,False
2024-03-05,52737,13339.0,26.38,67.6,0.0,Tuesday,0,0,3,796.4,2024-03-05,791.28,719.51,793.8228571428572,783.5992857142858,False,False,False,False,False,True,False
2024-03-06,52502,13264.0,24.54,68.39,0.0,Wednesday,0,0,3,783.57,2024-03-06,796.4,808.17,804.8071428571428,787.3264285714286,False,False,False,False,False,True,False
2024-03-07,52242,13273.0,24.75,71.83,0.0,Thursday,0,0,3,813.66,2024-03-07,783.57,760.89,801.2928571428571,790.7349999999999,False,False,False,False,False,True,False
2024-03-08,52455,13339.0,25.92,70.18,10.83,Friday,0,0,3,802.37,2024-03-08,813.66,805.05,808.8314285714285,794.3821428571428,False,False,False,False,False,True,False
2024-03-09,52428,13236.0,24.44,65.53,0.0,Saturday,1,0,3,820.61,2024-03-09,802.37,849.58,808.4485714285714,793.8549999999999,False,False,False,False,False,True,False
2024-03-10,51950,13338.0,23.95,70.8,0.0,Sunday,1,0,3,820.61,2024-03-10,820.61,822.28,804.3100000000001,794.9557142857144,False,False,False,False,False,True,False
2024-03-11,52592,13335.0,25.41,60.03,0.0,Monday,0,0,3,880.83,2024-03-11,820.61,791.28,804.0714285714286,795.4135714285713,False,False,False,False,False,True,False
2024-03-12,52674,13322.0,24.11,66.91,13.27,Tuesday,0,0,3,747.62,2024-03-12,880.83,796.4,816.8642857142856,805.3435714285714,False,False,False,False,False,True,False
2024-03-13,52625,13331.0,25.16,60.08,0.0,Wednesday,0,0,3,767.42,2024-03-13,747.62,783.57,809.8957142857143,807.3514285714285,False,False,False,False,False,True,False
2024-03-14,52321,13295.0,27.45,69.8,0.0,Thursday,0,0,3,798.82,2024-03-14,767.42,813.66,807.5885714285715,804.4407142857143,False,False,False,False,False,True,False
2024-03-15,52398,13346.0,28.05,62.96,0.0,Friday,0,0,3,769.05,2024-03-15,798.82,802.37,805.4685714285715,807.15,False,False,False,False,False,True,False
2024-03-16,52700,13391.0,27.51,66.57,0.0,Saturday,1,0,3,781.18,2024-03-16,769.05,820.61,800.7085714285714,804.5785714285713,False,False,False,False,False,True,False
2024-03-17,52434,13294.0,26.77,67.68,0.0,Sunday,1,0,3,834.95,2024-03-17,781.18,820.61,795.0757142857143,799.6928571428571,False,False,False,False,False,True,False
2024-03-18,52527,13329.0,28.89,61.26,0.0,Monday,0,0,3,825.81,2024-03-18,834.95,880.83,797.1242857142859,800.5978571428572,False,False,False,False,False,True,False
2024-03-19,52657,13399.0,28.46,58.32,0.0,Tuesday,0,0,3,807.6,2024-03-19,825.81,747.62,789.2642857142857,803.0642857142857,False,False,False,False,False,True,False
2024-03-20,52207,13352.0,25.7,66.91,0.0,Wednesday,0,0,3,855.22,2024-03-20,807.6,767.42,797.8328571428572,803.8642857142858,False,False,False,False,False,True,False
2024-03-21,52540,13336.0,26.37,72.81,0.0,Thursday,0,0,3,791.67,2024-03-21,855.22,798.82,810.3757142857141,808.9821428571429,False,False,False,False,False,True,False
2024-03-22,52395,13333.0,24.08,71.84,0.0,Friday,0,0,3,812.35,2024-03-22,791.67,769.05,809.3542857142857,807.4114285714286,False,False,False,False,False,True,False
2024-03-23,52319,13343.0,25.47,66.55,0.0,Saturday,1,0,3,830.56,2024-03-23,812.35,781.18,815.54,808.1242857142857,False,False,False,False,False,True,False
2024-03-24,52203,13287.0,28.46,76.66,0.0,Sunday,1,0,3,783.19,2024-03-24,830.56,834.95,822.5942857142857,808.835,False,False,False,False,False,True,False
2024-03-25,52767,13281.0,27.26,72.48,0.0,Monday,0,0,3,766.36,2024-03-25,783.19,825.81,815.1999999999999,806.1621428571428,False,False,False,False,False,True,False
2024-03-26,52000,13328.0,30.0,65.74,0.0,Tuesday,0,0,3,845.86,2024-03-26,766.36,807.6,806.7071428571428,797.9857142857144,False,False,False,False,False,True,False
2024-03-27,52863,13367.0,30.0,69.31,0.0,Wednesday,0,0,3,825.31,2024-03-27,845.86,855.22,812.1728571428572,805.0028571428571,False,False,False,False,False,True,False
2024-03-28,52234,13303.0,27.4,68.03,0.0,Thursday,0,0,3,805.2,2024-03-28,825.31,791.67,807.9,809.1378571428571,False,False,False,False,False,True,False
2024-03-29,52808,13328.0,29.27,64.76,0.0,Friday,0,0,3,835.06,2024-03-29,805.2,812.35,809.8328571428572,809.5935714285714,False,False,False,False,False,True,False
2024-03-30,52579,13395.0,27.84,68.86,0.0,Saturday,1,0,3,811.97,2024-03-30,835.06,830.56,813.0771428571428,814.3085714285714,False,False,False,False,False,True,False
2024-03-31,52192,13315.0,30.47,67.22,0.0,Sunday,1,0,3,863.85,2024-03-31,811.97,783.19,810.4214285714287,816.5078571428572,False,False,False,False,False,True,False
2024-04-01,52545,13360.0,26.98,67.21,0.0,Monday,0,0,4,766.52,2024-04-01,863.85,766.36,821.9442857142857,818.5721428571429,False,False,False,False,False,True,False
2024-04-02,52935,13351.0,25.91,59.79,0.0,Tuesday,0,0,4,849.86,2024-04-02,766.52,845.86,821.9671428571429,814.3371428571428,False,False,False,False,False,True,False
2024-04-03,52870,13350.0,29.61,59.15,0.0,Wednesday,0,0,4,813.94,2024-04-03,849.86,825.31,822.5385714285713,817.3557142857143,False,False,False,False,False,True,False
2024-04-04,52341,13345.0,29.49,65.11,0.0,Thursday,0,0,4,814.98,2024-04-04,813.94,805.2,820.9142857142858,814.407142857143,False,False,False,False,False,True,False
2024-04-05,52947,13375.0,27.38,69.67,0.0,Friday,0,0,4,780.62,2024-04-05,814.98,835.06,822.3114285714286,816.0721428571429,False,False,False,False,False,True,False
2024-04-06,52121,13371.0,28.51,65.26,16.02,Saturday,1,0,4,834.76,2024-04-06,780.62,811.97,814.5342857142857,813.8057142857143,False,False,False,False,False,True,False
2024-04-07,52234,13333.0,31.9,73.18,0.0,Sunday,1,0,4,826.74,2024-04-07,834.76,863.85,817.79,814.1057142857143,False,False,False,False,False,True,False
2024-04-08,52762,13365.0,30.82,67.1,0.0,Monday,0,0,4,828.99,2024-04-08,826.74,766.52,812.4885714285714,817.2164285714287,False,False,False,False,False,True,False
2024-04-09,52076,13352.0,29.73,68.56,0.0,Tuesday,0,0,4,842.87,2024-04-09,828.99,849.86,821.4128571428571,821.6899999999999,False,False,False,False,False,True,False
2024-04-10,52572,13338.0,30.09,75.77,0.0,Wednesday,0,0,4,831.01,2024-04-10,842.87,813.94,820.4142857142858,821.4764285714285,False,False,False,False,False,True,False
2024-04-11,52416,13339.0,32.28,73.63,0.0,Thursday,0,0,4,824.69,2024-04-11,831.01,814.98,822.852857142857,821.8835714285714,False,False,False,False,False,True,False
2024-04-12,52448,13321.0,26.15,74.36,28.25,Friday,0,0,4,769.39,2024-04-12,824.69,780.62,824.24,823.2757142857143,False,False,False,False,False,True,False
2024-04-13,52923,13369.0,29.73,69.0,0.0,Saturday,1,0,4,836.86,2024-04-13,769.39,834.76,822.6357142857144,818.585,False,False,False,False,False,True,False
2024-04-14,52094,13372.0,32.3,61.11,0.0,Sunday,1,0,4,859.12,2024-04-14,836.86,826.74,822.9357142857143,820.3628571428571,False,False,False,False,False,True,False
2024-04-15,52401,13311.0,32.13,64.37,0.0,Monday,0,0,4,834.58,2024-04-15,859.12,828.99,827.5614285714286,820.0249999999999,False,False,False,False,False,True,False
2024-04-16,52866,13364.0,31.59,70.89,0.0,Tuesday,0,0,4,830.25,2024-04-16,834.58,842.87,828.36,824.8864285714287,False,False,False,False,False,True,False
2024-04-17,52238,13333.0,32.92,65.52,0.0,Wednesday,0,0,4,792.74,2024-04-17,830.25,831.01,826.5571428571428,823.4857142857144,False,False,False,False,False,True,False
2024-04-18,52539,13320.0,29.8,58.35,0.0,Thursday,0,0,4,811.31,2024-04-18,792.74,824.69,821.09,821.9714285714286,False,False,False,False,False,True,False
2024-04-19,52576,13393.0,30.97,69.48,0.0,Friday,0,0,4,850.93,2024-04-19,811.31,769.39,819.1785714285714,821.7092857142858,False,False,False,False,False,True,False
2024-04-20,52506,13410.0,27.26,66.24,0.0,Saturday,1,0,4,863.91,2024-04-20,850.93,836.86,830.827142857143,826.7314285714285,False,False,False,False,False,True,False
2024-04-21,52644,13338.0,27.5,66.82,0.0,Sunday,1,0,4,790.04,2024-04-21,863.91,859.12,834.6914285714286,828.8135714285714,False,False,False,False,False,True,False
2024-04-22,52688,13362.0,31.9,55.13,0.0,Monday,0,0,4,893.03,2024-04-22,790.04,834.58,824.8228571428572,826.1921428571428,False,False,False,False,False,True,False
2024-04-23,52720,13320.0,31.02,62.02,0.0,Tuesday,0,0,4,832.47,2024-04-23,893.03,830.25,833.1728571428572,830.7664285714285,False,False,False,False,False,True,False
2024-04-24,52306,13354.0,28.54,68.44,0.0,Wednesday,0,0,4,857.33,2024-04-24,832.47,792.74,833.49,830.0235714285715,False,False,False,False,False,True,False
2024-04-25,52548,13277.0,28.42,72.78,0.0,Thursday,0,0,4,793.45,2024-04-25,857.33,811.31,842.7171428571429,831.9035714285714,False,False,False,False,False,True,False
2024-04-26,52306,13302.0,31.06,60.72,0.0,Friday,0,0,4,804.93,2024-04-26,793.45,850.93,840.1657142857142,829.6721428571428,False,False,False,False,False,True,False
2024-04-27,52514,13339.0,32.45,66.91,0.0,Saturday,1,0,4,880.07,2024-04-27,804.93,863.91,833.5942857142857,832.2107142857143,False,False,False,False,False,True,False
2024-04-28,52537,13348.0,29.79,61.44,14.52,Sunday,1,0,4,830.29,2024-04-28,880.07,790.04,835.9028571428571,835.2971428571428,False,False,False,False,False,True,False
2024-04-29,52749,13379.0,33.27,63.68,0.0,Monday,0,0,4,849.7,2024-04-29,830.29,893.03,841.6528571428571,833.2378571428573,False,False,False,False,False,True,False
2024-04-30,52646,13355.0,30.07,69.13,0.0,Tuesday,0,0,4,815.22,2024-04-30,849.7,832.47,835.4628571428572,834.3178571428571,False,False,False,False,False,True,False
2024-05-01,52465,13329.0,34.72,60.16,0.0,Wednesday,0,0,5,796.14,2024-05-01,815.22,857.33,832.9985714285714,833.2442857142856,False,False,False,False,False,True,False
2024-05-02,52151,13369.0,37.32,60.52,0.0,Thursday,0,0,5,884.97,2024-05-02,796.14,793.45,824.2571428571429,833.4871428571429,False,False,False,False,False,True,False
2024-05-03,52904,13337.0,30.54,64.52,0.0,Friday,0,0,5,816.96,2024-05-03,884.97,804.93,837.3314285714285,838.7485714285714,False,False,False,False,False,True,False
2024-05-04,52531,13303.0,32.69,66.91,0.0,Saturday,1,0,5,883.6,2024-05-04,816.96,880.07,839.05,836.3221428571429,False,False,False,False,False,True,False
2024-05-05,52729,13345.0,34.32,68.33,0.0,Sunday,1,0,5,899.85,2024-05-05,883.6,830.29,839.5542857142857,837.7285714285715,False,False,False,False,False,True,False
2024-05-06,52473,13301.0,32.9,67.07,0.0,Monday,0,0,5,805.25,2024-05-06,899.85,849.7,849.4914285714286,845.5721428571429,False,False,False,False,False,True,False
2024-05-07,52699,13346.0,28.37,68.26,0.0,Tuesday,0,0,5,786.74,2024-05-07,805.25,815.22,843.1414285714287,839.3021428571428,False,False,False,False,False,True,False
2024-05-08,53042,13306.0,31.57,65.16,0.0,Wednesday,0,0,5,812.22,2024-05-08,786.74,796.14,839.0728571428572,836.0357142857143,False,False,False,False,False,True,False
2024-05-09,52974,13336.0,33.75,56.58,0.0,Thursday,0,0,5,856.96,2024-05-09,812.22,884.97,841.37,832.8135714285715,False,False,False,False,False,True,False
2024-05-10,52324,13379.0,32.28,63.03,0.0,Friday,0,0,5,827.97,2024-05-10,856.96,816.96,837.3685714285715,837.35,False,False,False,False,False,True,False
2024-05-11,52835,13258.0,30.8,66.09,14.08,Saturday,1,0,5,809.89,2024-05-11,827.97,883.6,838.9414285714286,838.9957142857144,False,False,False,False,False,True,False
2024-05-12,52529,13390.0,31.07,64.85,0.0,Sunday,1,0,5,1256.65,2024-05-12,809.89,899.85,828.4114285714286,833.9828571428571,False,False,False,False,False,True,False
2024-05-13,52831,13393.0,32.48,63.48,0.0,Monday,0,0,5,828.78,2024-05-13,1256.65,805.25,879.3828571428572,864.4371428571429,False,False,False,False,False,True,False
2024-05-14,52650,13359.0,30.43,60.62,0.0,Tuesday,0,0,5,819.15,2024-05-14,828.78,786.74,882.7442857142858,862.9428571428572,False,False,False,False,False,True,False
2024-05-15,52951,13361.0,33.9,63.2,0.0,Wednesday,0,0,5,836.06,2024-05-15,819.15,812.22,887.3742857142857,863.2235714285714,False,False,False,False,False,True,False
2024-05-16,52573,13361.0,36.52,63.15,0.0,Thursday,0,0,5,850.81,2024-05-16,836.06,856.96,890.78,866.0749999999999,False,False,False,False,False,True,False
2024-05-17,52813,13323.0,34.06,60.11,0.0,Friday,0,0,5,829.21,2024-05-17,850.81,827.97,889.9014285714285,863.6350000000001,False,False,False,False,False,True,False
2024-05-18,52129,13311.0,32.97,62.27,0.0,Saturday,1,0,5,825.98,2024-05-18,829.21,809.89,890.0785714285714,864.51,False,False,False,False,False,True,False
2024-05-19,52302,13409.0,29.58,60.38,0.0,Sunday,1,0,5,901.78,2024-05-19,825.98,1256.65,892.3771428571429,860.3942857142857,False,False,False,False,False,True,False
2024-05-20,52740,13353.0,31.02,62.74,0.0,Monday,0,0,5,789.74,2024-05-20,901.78,828.78,841.6814285714285,860.532142857143,False,False,False,False,False,True,False
2024-05-21,52500,13313.0,33.77,57.45,6.66,Tuesday,0,0,5,832.82,2024-05-21,789.74,819.15,836.1042857142857,859.4242857142857,False,False,False,False,False,True,False
2024-05-22,52413,13355.0,31.22,63.03,5.26,Wednesday,0,0,5,776.55,2024-05-22,832.82,836.06,838.0571428571428,862.7157142857143,False,False,False,False,False,True,False
2024-05-23,52339,13375.0,30.04,58.79,0.0,Thursday,0,0,5,805.11,2024-05-23,776.55,850.81,829.5557142857142,860.1678571428572,False,False,False,False,False,True,False
2024-05-24,52765,13377.0,30.25,64.38,48.1,Friday,0,0,5,698.78,2024-05-24,805.11,829.21,823.027142857143,856.4642857142857,False,False,False,False,False,True,False
2024-05-25,52231,13401.0,38.19,59.58,0.58,Saturday,1,0,5,883.26,2024-05-25,698.78,825.98,804.3942857142857,847.2364285714285,False,False,False,False,False,True,False
2024-05-26,52662,13368.0,34.04,62.25,0.0,Sunday,1,0,5,891.97,2024-05-26,883.26,901.78,812.5771428571428,852.4771428571429,False,False,False,False,False,True,False
2024-05-27,52830,13382.0,30.6,58.21,3.66,Monday,0,0,5,829.05,2024-05-27,891.97,789.74,811.1757142857142,826.4285714285714,False,False,False,False,False,True,False
2024-05-28,52708,13362.0,35.89,65.35,0.0,Tuesday,0,0,5,894.73,2024-05-28,829.05,832.82,816.7914285714286,826.4478571428572,False,False,False,False,False,True,False
2024-05-29,52534,13326.0,34.94,69.61,0.0,Wednesday,0,0,5,882.43,2024-05-29,894.73,776.55,825.6357142857142,831.8464285714286,False,False,False,False,False,True,False
2024-05-30,52598,13354.0,32.12,76.61,7.18,Thursday,0,0,5,845.42,2024-05-30,882.43,805.11,840.7614285714286,835.1585714285715,False,False,False,False,False,True,False
2024-05-31,52423,13308.5,32.36,60.44,0.0,Friday,0,0,5,874.68,2024-05-31,845.42,698.78,846.5199999999999,834.7735714285715,False,False,False,False,False,True,False
2024-06-01,52500,13347.0,32.05,66.91,0.0,Saturday,1,0,6,831.36,2024-06-01,874.68,883.26,871.6485714285715,838.0214285714285,False,False,False,False,False,False,False
2024-06-02,52224,13364.0,34.16,72.28,0.0,Sunday,1,0,6,870.06,2024-06-02,831.36,891.97,864.2342857142856,838.4057142857143,False,False,False,False,False,False,False
2024-06-03,52553,13382.0,35.28,64.91,0.0,Monday,0,0,6,827.97,2024-06-03,870.06,829.05,861.1042857142858,836.14,False,False,False,False,False,False,False
2024-06-04,52416,13335.0,31.51,67.17,0.0,Tuesday,0,0,6,791.71,2024-06-04,827.97,894.73,860.9499999999999,838.8707142857144,False,False,False,False,False,False,False
2024-06-05,52360,13346.0,32.41,67.58,21.45,Wednesday,0,0,6,760.82,2024-06-05,791.71,882.43,846.232857142857,835.9342857142857,False,False,False,False,False,False,False
2024-06-06,52683,13389.0,34.36,74.88,0.0,Thursday,0,0,6,825.54,2024-06-06,760.82,845.42,828.86,834.8107142857142,False,False,False,False,False,False,False
2024-06-07,52738,13328.0,36.18,64.68,17.26,Friday,0,0,6,807.9,2024-06-07,825.54,874.68,826.0200000000001,836.2700000000001,False,False,False,False,False,False,False
2024-06-08,52999,13392.0,33.23,66.91,0.0,Saturday,1,0,6,869.22,2024-06-08,807.9,831.36,816.4799999999999,844.0642857142857,False,False,False,False,False,False,False
2024-06-09,52238,13327.0,43.31,61.55,0.0,Sunday,1,0,6,843.01,2024-06-09,869.22,870.06,821.8885714285715,843.0614285714285,False,False,False,False,False,False,False
2024-06-10,52318,13342.0,35.08,66.34,0.0,Monday,0,0,6,839.77,2024-06-10,843.01,827.97,818.0242857142857,839.5642857142857,False,False,False,False,False,False,False
2024-06-11,52621,13335.0,33.58,64.5,10.0,Tuesday,0,0,6,779.58,2024-06-11,839.77,791.71,819.71,840.3299999999999,False,False,False,False,False,False,False
2024-06-12,52586,13339.0,33.59,64.34,0.0,Wednesday,0,0,6,824.92,2024-06-12,779.58,760.82,817.9771428571429,832.1049999999999,False,False,False,False,False,False,False
2024-06-13,52493,13379.0,34.71,67.86,0.0,Thursday,0,0,6,852.81,2024-06-13,824.92,825.54,827.1342857142856,827.9971428571428,False,False,False,False,False,False,False
2024-06-14,52690,13397.0,32.67,61.31,0.0,Friday,0,0,6,839.01,2024-06-14,852.81,807.9,831.03,828.5249999999999,False,False,False,False,False,False,False
2024-06-15,52612,13357.0,29.55,64.75,0.0,Saturday,1,0,6,833.41,2024-06-15,839.01,869.22,835.4742857142857,825.9771428571429,False,False,False,False,False,False,False
2024-06-16,52328,13331.0,28.76,63.8,0.0,Sunday,1,0,6,817.82,2024-06-16,833.41,843.01,830.3585714285715,826.1235714285714,False,False,False,False,False,False,False
2024-06-17,52848,13363.0,33.25,69.32,4.77,Monday,0,0,6,805.18,2024-06-17,817.82,839.77,826.76,822.3921428571429,False,False,False,False,False,False,False
2024-06-18,53203,13363.0,32.47,58.61,1.4,Tuesday,0,0,6,844.58,2024-06-18,805.18,779.58,821.8185714285713,820.7642857142856,False,False,False,False,False,False,False
2024-06-19,52580,13381.0,34.34,59.81,7.56,Wednesday,0,0,6,748.91,2024-06-19,844.58,824.92,831.1042857142858,824.5407142857142,False,False,False,False,False,False,False
2024-06-20,53004,13363.0,35.12,66.14,0.0,Thursday,0,0,6,852.48,2024-06-20,748.91,852.81,820.2457142857144,823.6899999999999,False,False,False,False,False,False,False
2024-06-21,52485,13401.0,35.95,59.44,5.71,Friday,0,0,6,801.71,2024-06-21,852.48,839.01,820.1985714285713,825.6142857142858,False,False,False,False,False,False,False
2024-06-22,52825,13308.5,36.01,61.42,4.01,Saturday,1,0,6,838.07,2024-06-22,801.71,833.41,814.87,825.1721428571428,False,False,False,False,False,False,False
2024-06-23,52622,13326.0,32.77,71.32,0.0,Sunday,1,0,6,821.78,2024-06-23,838.07,817.82,815.5357142857144,822.9471428571429,False,False,False,False,False,False,False
2024-06-24,52605,13484.0,34.55,61.7,0.0,Monday,0,0,6,787.11,2024-06-24,821.78,805.18,816.1014285714285,821.4307142857143,False,False,False,False,False,False,False
2024-06-25,53141,13359.0,30.5,63.45,13.8,Tuesday,0,0,6,767.45,2024-06-25,787.11,844.58,813.5200000000001,817.6692857142858,False,False,False,False,False,False,False
2024-06-26,52734,13410.0,36.06,65.2,0.0,Wednesday,0,0,6,804.69,2024-06-26,767.45,748.91,802.5014285714286,816.8028571428571,False,False,False,False,False,False,False
2024-06-27,52308,13356.0,34.55,57.92,0.0,Thursday,0,0,6,830.59,2024-06-27,804.69,852.48,810.47,815.3578571428571,False,False,False,False,False,False,False
2024-06-28,52911,13385.0,34.07,60.09,0.0,Friday,0,0,6,818.02,2024-06-28,830.59,801.71,807.3428571428573,813.7707142857143,False,False,False,False,False,False,False
2024-06-29,52731,13291.0,32.33,70.62,2.33,Saturday,1,0,6,841.73,2024-06-29,818.02,838.07,809.6728571428572,812.2714285714286,False,False,False,False,False,False,False
2024-06-30,52748,13352.0,32.43,66.91,0.0,Sunday,1,0,6,876.38,2024-06-30,841.73,821.78,810.1957142857143,812.8657142857144,False,False,False,False,False,False,False
2024-07-01,52399,13410.0,32.17,66.09,0.86,Monday,0,0,7,786.55,2024-07-01,876.38,787.11,817.9957142857144,817.0485714285714,False,False,False,False,False,False,False
2024-07-02,52786,13439.0,36.61,61.39,19.78,Tuesday,0,0,7,783.03,2024-07-02,786.55,767.45,817.9157142857142,815.7178571428573,False,False,False,False,False,False,False
2024-07-03,52727,13385.0,33.54,63.46,0.0,Wednesday,0,0,7,850.65,2024-07-03,783.03,804.69,820.1414285714285,811.3214285714286,False,False,False,False,False,False,False
2024-07-04,53083,13352.0,37.02,65.2,0.0,Thursday,0,0,7,795.64,2024-07-04,850.65,830.59,826.7071428571428,818.5885714285715,False,False,False,False,False,False,False
2024-07-05,52759,13380.0,37.65,58.87,0.0,Friday,0,0,7,868.89,2024-07-05,795.64,818.02,821.7142857142857,814.5285714285714,False,False,False,False,False,False,False
2024-07-06,52415,13416.0,36.17,65.87,12.31,Saturday,1,0,7,851.57,2024-07-06,868.89,841.73,828.9814285714285,819.3271428571428,False,False,False,False,False,False,False
2024-07-07,52444,13330.0,32.17,65.78,0.0,Sunday,1,0,7,840.93,2024-07-07,851.57,876.38,830.3871428571429,820.2914285714286,False,False,False,False,False,False,False
2024-07-08,52501,13418.0,33.11,62.09,0.0,Monday,0,0,7,763.65,2024-07-08,840.93,786.55,825.3228571428571,821.6592857142857,False,False,False,False,False,False,False
2024-07-09,52904,13306.0,35.84,70.58,0.0,Tuesday,0,0,7,830.35,2024-07-09,763.65,783.03,822.0514285714286,819.9835714285713,False,False,False,False,False,False,False
2024-07-10,52543,13398.0,32.22,62.26,13.45,Wednesday,0,0,7,778.42,2024-07-10,830.35,850.65,828.8114285714285,824.4764285714285,False,False,False,False,False,False,False
2024-07-11,52391,13382.0,37.21,64.38,0.0,Thursday,0,0,7,855.32,2024-07-11,778.42,795.64,818.4928571428571,822.6,False,False,False,False,False,False,False
2024-07-12,52568,13335.0,36.29,50.12,0.0,Friday,0,0,7,812.4,2024-07-12,855.32,868.89,827.0185714285715,824.3664285714285,False,False,False,False,False,False,False
2024-07-13,53087,13343.0,32.07,64.07,6.96,Saturday,1,0,7,795.59,2024-07-13,812.4,851.57,818.9485714285714,823.9649999999999,False,False,False,False,False,False,False
2024-07-14,52684,13385.0,32.86,61.07,0.0,Sunday,1,0,7,835.8,2024-07-14,795.59,840.93,810.9514285714286,820.6692857142856,False,False,False,False,False,False,False
2024-07-15,52940,13344.0,32.14,64.74,0.0,Monday,0,0,7,814.42,2024-07-15,835.8,763.65,810.2185714285715,817.7707142857143,False,False,False,False,False,False,False
2024-07-16,52751,13286.0,33.93,64.07,0.0,Tuesday,0,0,7,822.4,2024-07-16,814.42,830.35,817.4714285714284,819.7614285714286,False,False,False,False,False,False,False
2024-07-17,52661,13368.0,34.45,60.94,0.0,Wednesday,0,0,7,905.99,2024-07-17,822.4,778.42,816.3357142857143,822.5735714285714,False,False,False,False,False,False,False
2024-07-18,52695,13318.0,33.4,59.45,21.92,Thursday,0,0,7,782.14,2024-07-18,905.99,855.32,834.5600000000001,826.5264285714285,False,False,False,False,False,False,False
2024-07-19,53130,13329.0,36.16,67.98,4.59,Friday,0,0,7,801.93,2024-07-19,782.14,812.4,824.1057142857143,825.5621428571428,False,False,False,False,False,False,False
2024-07-20,52609,13299.0,35.29,62.86,6.21,Saturday,1,0,7,808.38,2024-07-20,801.93,795.59,822.6099999999999,820.7792857142857,False,False,False,False,False,False,False
2024-07-21,52775,13389.0,32.59,58.75,2.18,Sunday,1,0,7,813.78,2024-07-21,808.38,835.8,824.4371428571428,817.6942857142858,False,False,False,False,False,False,False
2024-07-22,52584,13356.0,36.83,64.34,7.44,Monday,0,0,7,751.87,2024-07-22,813.78,814.42,821.2914285714285,815.755,False,False,False,False,False,False,False
2024-07-23,52788,13365.0,32.58,68.17,6.03,Tuesday,0,0,7,847.72,2024-07-23,751.87,822.4,812.3557142857143,814.9135714285715,False,False,False,False,False,False,False
2024-07-24,52126,13319.0,32.53,62.15,37.15,Wednesday,0,0,7,744.55,2024-07-24,847.72,905.99,815.972857142857,816.1542857142857,False,False,False,False,False,False,False
2024-07-25,52858,13359.0,32.16,67.74,0.0,Thursday,0,0,7,853.24,2024-07-25,744.55,782.14,792.91,813.735,False,False,False,False,False,False,False
2024-07-26,52999,13335.0,30.81,59.48,0.0,Friday,0,0,7,802.2,2024-07-26,853.24,801.93,803.0671428571428,813.5864285714287,False,False,False,False,False,False,False
2024-07-27,52427,13328.0,32.48,62.2,29.76,Saturday,1,0,7,808.22,2024-07-27,802.2,808.38,803.1057142857144,812.8578571428571,False,False,False,False,False,False,False
2024-07-28,52743,13371.0,29.11,73.19,17.98,Sunday,1,0,7,780.95,2024-07-28,808.22,813.78,803.0828571428572,813.7600000000001,False,False,False,False,False,False,False
2024-07-29,52992,13384.0,33.17,71.02,0.0,Monday,0,0,7,836.13,2024-07-29,780.95,751.87,798.3928571428571,809.8421428571428,False,False,False,False,False,False,False
2024-07-30,52510,13338.0,33.81,64.79,8.75,Tuesday,0,0,7,795.22,2024-07-30,836.13,847.72,810.4300000000001,811.3928571428571,False,False,False,False,False,False,False
2024-07-31,52817,13387.0,36.09,67.15,18.88,Wednesday,0,0,7,762.46,2024-07-31,795.22,744.55,802.9300000000001,809.4514285714286,False,False,False,False,False,False,False
2024-08-01,52147,13373.0,30.16,66.09,14.3,Thursday,0,0,8,794.67,2024-08-01,762.46,853.24,805.4885714285714,799.1992857142858,False,False,False,False,False,False,False
2024-08-02,52495,13366.0,29.43,67.94,0.0,Friday,0,0,8,849.45,2024-08-02,794.67,802.2,797.1214285714286,800.0942857142858,False,False,False,False,False,False,False
2024-08-03,52622,13355.0,32.46,66.45,0.0,Saturday,1,0,8,854.17,2024-08-03,849.45,808.22,803.8714285714285,803.4885714285714,False,False,False,False,False,False,False
2024-08-04,52936,13394.0,31.92,63.21,4.78,Sunday,1,0,8,791.6,2024-08-04,854.17,780.95,810.4357142857143,806.7592857142856,False,False,False,False,False,False,False
2024-08-05,52913,13352.0,32.89,65.64,0.0,Monday,0,0,8,817.99,2024-08-05,791.6,836.13,811.9571428571428,805.1750000000001,False,False,False,False,False,False,False
2024-08-06,52746,13374.0,32.64,65.61,0.0,Tuesday,0,0,8,779.17,2024-08-06,817.99,795.22,809.3657142857143,809.8978571428571,False,False,False,False,False,False,False
2024-08-07,52431,13391.0,31.04,73.98,5.21,Wednesday,0,0,8,789.3,2024-08-07,779.17,762.46,807.0728571428572,805.0014285714286,False,False,False,False,False,False,False
2024-08-08,52575,13301.0,32.08,62.21,22.49,Thursday,0,0,8,766.5,2024-08-08,789.3,794.67,810.907142857143,808.1978571428571,False,False,False,False,False,False,False
2024-08-09,53096,13403.0,29.49,61.3,8.2,Friday,0,0,8,802.46,2024-08-09,766.5,849.45,806.8828571428572,802.0021428571428,False,False,False,False,False,False,False
2024-08-10,52720,13410.0,33.03,63.49,0.0,Saturday,1,0,8,778.58,2024-08-10,802.46,854.17,800.1700000000001,802.0207142857143,False,False,False,False,False,False,False
2024-08-11,52894,13340.0,31.95,64.08,21.84,Sunday,1,0,8,768.47,2024-08-11,778.58,791.6,789.3714285714286,799.9035714285714,False,False,False,False,False,False,False
2024-08-12,52523,13428.0,33.04,65.73,2.08,Monday,0,0,8,808.13,2024-08-12,768.47,817.99,786.0671428571429,799.0121428571429,False,False,False,False,False,False,False
2024-08-13,52776,13339.0,32.51,69.81,1.21,Tuesday,0,0,8,807.61,2024-08-13,808.13,779.17,784.6585714285715,797.0121428571429,False,False,False,False,False,False,False
2024-08-14,52028,13422.0,31.3,60.97,5.53,Wednesday,0,0,8,792.59,2024-08-14,807.61,789.3,788.7214285714286,797.8971428571429,False,False,False,False,False,False,False
2024-08-15,53109,13391.0,31.85,68.77,16.75,Thursday,0,1,8,804.3,2024-08-15,792.59,766.5,789.1914285714286,800.0492857142856,False,False,False,False,False,False,False
2024-08-16,52829,13383.0,24.68,68.94,14.53,Friday,0,0,8,775.67,2024-08-16,804.3,802.46,794.5914285714285,800.7371428571429,False,False,False,False,False,False,False
2024-08-17,52369,13390.0,31.6,70.15,0.0,Saturday,1,0,8,795.2,2024-08-17,775.67,778.58,790.7642857142856,795.4671428571429,False,False,False,False,False,False,False
2024-08-18,52587,13406.0,29.92,69.69,25.51,Sunday,1,0,8,774.55,2024-08-18,795.2,768.47,793.1385714285715,791.255,False,False,False,False,False,False,False
2024-08-19,53083,13320.0,29.6,70.07,12.44,Monday,0,0,8,775.77,2024-08-19,774.55,808.13,794.0071428571428,790.0371428571428,False,False,False,False,False,False,False
2024-08-20,52619,13391.0,32.78,73.85,10.65,Tuesday,0,0,8,792.63,2024-08-20,775.77,807.61,789.3842857142857,787.0214285714285,False,False,False,False,False,False,False
2024-08-21,52757,13343.0,32.9,58.64,0.0,Wednesday,0,0,8,799.14,2024-08-21,792.63,792.59,787.2442857142858,787.9828571428571,False,False,False,False,False,False,False
2024-08-22,52605,13357.0,29.1,74.35,3.9,Thursday,0,0,8,788.27,2024-08-22,799.14,804.3,788.18,788.6857142857143,False,False,False,False,False,False,False
2024-08-23,52702,13383.0,31.79,74.04,0.0,Friday,0,0,8,778.7,2024-08-23,788.27,775.67,785.89,790.2407142857144,False,False,False,False,False,False,False
2024-08-24,52539,13345.0,26.47,59.41,3.17,Saturday,1,0,8,754.65,2024-08-24,778.7,795.2,786.3228571428572,788.5435714285715,False,False,False,False,False,False,False
2024-08-25,52454,13365.0,28.67,73.85,19.69,Sunday,1,0,8,764.8,2024-08-25,754.65,774.55,780.5299999999999,786.8342857142858,False,False,False,False,False,False,False
2024-08-26,52701,13355.0,30.11,64.42,21.18,Monday,0,0,8,731.17,2024-08-26,764.8,775.77,779.1371428571429,786.5721428571429,False,False,False,False,False,False,False
2024-08-27,52696,13352.0,29.8,62.64,1.74,Tuesday,0,0,8,794.81,2024-08-27,731.17,792.63,772.7657142857142,781.0749999999999,False,False,False,False,False,False,False
2024-08-28,53348,13413.0,32.15,68.66,0.0,Wednesday,0,0,8,775.21,2024-08-28,794.81,799.14,773.0771428571428,780.1607142857143,False,False,False,False,False,False,False
2024-08-29,52694,13367.0,30.55,66.16,26.03,Thursday,0,0,8,756.44,2024-08-29,775.21,788.27,769.6585714285715,778.9192857142858,False,False,False,False,False,False,False
2024-08-30,52447,13439.0,29.52,62.75,5.69,Friday,0,0,8,740.61,2024-08-30,756.44,778.7,765.1114285714285,775.5007142857143,False,False,False,False,False,False,False
2024-08-31,52673,13362.0,31.42,66.48,5.17,Saturday,1,0,8,818.1,2024-08-31,740.61,754.65,759.6700000000001,772.9964285714285,False,False,False,False,False,False,False
2024-09-01,52700,13421.0,29.11,70.02,1.29,Sunday,1,0,9,818.18,2024-09-01,818.1,764.8,768.7342857142858,774.6321428571429,False,False,False,False,False,False,False
2024-09-02,52830,13372.0,27.36,69.6,0.0,Monday,0,0,9,747.73,2024-09-02,818.18,731.17,776.36,777.7485714285714,False,False,False,False,False,False,False
2024-09-03,52505,13364.0,32.13,69.03,0.0,Tuesday,0,0,9,791.65,2024-09-03,747.73,794.81,778.7257142857143,775.7457142857144,False,False,False,False,False,False,False
2024-09-04,52040,13353.0,28.64,64.48,23.13,Wednesday,0,0,9,696.26,2024-09-04,791.65,775.21,778.2742857142857,775.6757142857142,False,False,False,False,False,False,False
2024-09-05,52646,13379.0,28.04,77.74,0.0,Thursday,0,0,9,755.8,2024-09-05,696.26,756.44,766.9957142857141,768.3271428571428,False,False,False,False,False,False,False
2024-09-06,52534,13417.0,30.13,65.35,9.35,Friday,0,0,9,757.56,2024-09-06,755.8,740.61,766.9042857142857,766.0078571428572,False,False,False,False,False,False,False
2024-09-07,52793,13412.0,25.93,62.23,19.5,Saturday,1,0,9,759.99,2024-09-07,757.56,818.1,769.3257142857143,764.4978571428571,False,False,False,False,False,False,False
2024-09-08,53178,13364.0,28.61,70.55,6.3,Sunday,1,0,9,860.51,2024-09-08,759.99,818.18,761.0242857142857,764.8792857142856,False,False,False,False,False,False,False
2024-09-09,53134,13428.0,28.89,61.2,0.0,Monday,0,0,9,732.33,2024-09-09,860.51,747.73,767.0714285714286,771.7157142857143,False,False,False,False,False,False,False
2024-09-10,52784,13293.0,27.35,70.11,17.6,Tuesday,0,0,9,691.72,2024-09-10,732.33,791.65,764.8714285714286,771.7985714285714,False,False,False,False,False,False,False
2024-09-11,52743,13374.0,30.37,61.23,10.85,Wednesday,0,0,9,720.5,2024-09-11,691.72,696.26,750.5957142857143,764.4350000000001,False,False,False,False,False,False,False
2024-09-12,53231,13407.0,24.34,52.64,9.47,Thursday,0,0,9,710.69,2024-09-12,720.5,755.8,754.0585714285714,760.5271428571428,False,False,False,False,False,False,False
2024-09-13,52949,13371.0,26.82,67.21,10.15,Friday,0,0,9,729.01,2024-09-13,710.69,757.56,747.6142857142858,757.2592857142856,False,False,False,False,False,False,False
2024-09-14,53233,13366.0,26.42,66.93,7.33,Saturday,1,0,9,769.24,2024-09-14,729.01,759.99,743.5357142857143,756.4307142857143,False,False,False,False,False,False,False
2024-09-15,52150,13454.0,27.14,69.84,0.0,Sunday,1,0,9,780.13,2024-09-15,769.24,860.51,744.8571428571429,752.9407142857143,False,False,False,False,False,False,False
2024-09-16,53108,13368.0,28.83,62.92,0.0,Monday,0,0,9,762.49,2024-09-16,780.13,732.33,733.3742857142857,750.222857142857,False,False,False,False,False,False,False
2024-09-17,52270,13342.0,23.3,63.23,1.76,Tuesday,0,0,9,687.33,2024-09-17,762.49,691.72,737.6828571428571,751.277142857143,False,False,False,False,False,False,False
2024-09-18,53043,13403.0,27.45,61.78,3.32,Wednesday,0,0,9,781.58,2024-09-18,687.33,720.5,737.0557142857142,743.8257142857144,False,False,False,False,False,False,False
2024-09-19,52902,13363.0,27.0,65.39,39.03,Thursday,0,0,9,680.75,2024-09-19,781.58,710.69,745.7814285714285,749.9200000000001,False,False,False,False,False,False,False
2024-09-20,52379,13367.0,25.78,66.43,16.19,Friday,0,0,9,737.61,2024-09-20,680.75,729.01,741.5042857142856,744.5592857142857,False,False,False,False,False,False,False
2024-09-21,52768,13358.0,26.05,78.2,3.13,Saturday,1,0,9,739.62,2024-09-21,737.61,769.24,742.7328571428571,743.1342857142856,False,False,False,False,False,False,False
2024-09-22,52488,13374.0,28.47,69.23,3.48,Sunday,1,0,9,795.3,2024-09-22,739.62,780.13,738.5014285714286,741.6792857142857,False,False,False,False,False,False,False
2024-09-23,52680,13406.0,25.78,68.68,0.0,Monday,0,0,9,752.91,2024-09-23,795.3,762.49,740.6685714285715,737.0214285714285,False,False,False,False,False,False,False
2024-09-24,52890,13339.0,24.15,66.91,9.52,Tuesday,0,0,9,760.63,2024-09-24,752.91,687.33,739.3000000000001,738.4914285714285,False,False,False,False,False,False,False
2024-09-25,52640,13318.0,26.38,67.41,40.47,Wednesday,0,0,9,697.44,2024-09-25,760.63,781.58,749.7714285714286,743.4135714285715,False,False,False,False,False,False,False
2024-09-26,52624,13388.0,24.56,70.6,3.53,Thursday,0,0,9,747.02,2024-09-26,697.44,680.75,737.7514285714286,741.7664285714287,False,False,False,False,False,False,False
2024-09-27,52741,13401.0,27.94,64.89,11.94,Friday,0,0,9,707.26,2024-09-27,747.02,737.61,747.2185714285715,744.3614285714285,False,False,False,False,False,False,False
2024-09-28,53054,13403.0,28.87,71.44,4.32,Saturday,1,0,9,804.5,2024-09-28,707.26,739.62,742.882857142857,742.8078571428571,False,False,False,False,False,False,False
2024-09-29,52589,13401.0,22.42,72.56,13.74,Sunday,1,0,9,734.73,2024-09-29,804.5,795.3,752.1514285714285,745.3264285714286,False,False,False,False,False,False,False
2024-09-30,52717,13458.0,28.41,68.14,19.22,Monday,0,0,9,713.95,2024-09-30,734.73,752.91,743.4985714285714,742.0835714285714,False,False,False,False,False,False,False
2024-10-01,52303,13432.0,29.65,66.21,16.34,Tuesday,0,0,10,723.98,2024-10-01,713.95,760.63,737.9328571428571,738.6164285714285,False,False,False,False,True,False,False
2024-10-02,52823,13376.0,24.1,68.93,3.44,Wednesday,0,1,10,780.6,2024-10-02,723.98,697.44,732.6971428571429,741.2342857142856,False,False,False,False,True,False,False
2024-10-03,52408,13428.0,19.81,68.0,0.0,Thursday,0,0,10,732.79,2024-10-03,780.6,747.02,744.5771428571428,741.1642857142857,False,False,False,False,True,False,False
2024-10-04,53044,13369.0,26.34,68.27,36.28,Friday,0,0,10,695.93,2024-10-04,732.79,707.26,742.5442857142856,744.8814285714286,False,False,False,False,True,False,False
2024-10-05,52832,13376.0,26.71,59.33,0.0,Saturday,1,0,10,767.38,2024-10-05,695.93,804.5,740.9257142857143,741.9042857142857,False,False,False,False,True,False,False
2024-10-06,52872,13432.0,24.25,72.14,4.41,Sunday,1,0,10,758.04,2024-10-06,767.38,734.73,735.6228571428572,743.8871428571429,False,False,False,False,True,False,False
2024-10-07,52873,13403.0,21.64,61.15,0.0,Monday,0,0,10,714.06,2024-10-07,758.04,713.95,738.9528571428572,741.2257142857143,False,False,False,False,True,False,False
2024-10-08,52962,13350.0,21.89,66.91,7.11,Tuesday,0,0,10,707.36,2024-10-08,714.06,723.98,738.9685714285714,738.4507142857144,False,False,False,False,True,False,False
2024-10-09,52989,13368.0,26.78,65.09,0.0,Wednesday,0,0,10,744.92,2024-10-09,707.36,780.6,736.5942857142857,734.6457142857142,False,False,False,False,True,False,False
2024-10-10,52739,13389.0,26.13,57.96,18.91,Thursday,0,0,10,717.5,2024-10-10,744.92,732.79,731.4971428571428,738.0371428571427,False,False,False,False,True,False,False
2024-10-11,52403,13421.0,22.83,60.62,0.0,Friday,0,0,10,741.51,2024-10-11,717.5,695.93,729.3128571428572,735.9285714285714,False,False,False,False,True,False,False
2024-10-12,52866,13333.0,20.01,77.01,3.87,Saturday,1,0,10,741.88,2024-10-12,741.51,767.38,735.8242857142857,738.375,False,False,False,False,True,False,False
2024-10-13,52878,13401.0,26.34,63.64,10.12,Sunday,1,0,10,752.37,2024-10-13,741.88,758.04,732.1814285714285,733.902142857143,False,False,False,False,True,False,False
2024-10-14,52783,13360.0,25.64,62.73,7.96,Monday,0,0,10,681.13,2024-10-14,752.37,714.06,731.3714285714285,735.1621428571428,False,False,False,False,True,False,False
2024-10-15,52606,13439.0,22.98,68.57,0.0,Tuesday,0,0,10,735.86,2024-10-15,681.13,707.36,726.6671428571428,732.8178571428572,False,False,False,False,True,False,False
2024-10-16,52786,13412.0,23.96,72.61,3.98,Wednesday,0,0,10,741.14,2024-10-16,735.86,744.92,730.7385714285714,733.6664285714286,False,False,False,False,True,False,False
2024-10-17,52955,13443.0,21.77,65.69,38.89,Thursday,0,0,10,677.26,2024-10-17,741.14,717.5,730.1985714285713,730.8478571428572,False,False,False,False,True,False,False
2024-10-18,52779,13416.0,23.11,74.13,4.15,Friday,0,0,10,712.06,2024-10-18,677.26,741.51,724.4499999999999,726.8814285714285,False,False,False,False,True,False,False
2024-10-19,53041,13393.0,23.58,64.46,7.37,Saturday,1,0,10,771.16,2024-10-19,712.06,741.88,720.2428571428571,728.0335714285715,False,False,False,False,True,False,False
2024-10-20,52722,13399.0,24.99,76.14,18.69,Sunday,1,0,10,721.54,2024-10-20,771.16,752.37,724.4257142857142,728.3035714285714,False,False,False,False,True,False,False
2024-10-21,52825,13349.0,22.64,68.55,28.65,Monday,0,0,10,716.68,2024-10-21,721.54,681.13,720.0214285714285,725.6964285714286,False,False,False,False,True,False,False
2024-10-22,52804,13366.0,23.22,68.77,6.34,Tuesday,0,0,10,738.93,2024-10-22,716.68,735.86,725.1,725.8835714285714,False,False,False,False,True,False,False
2024-10-23,52639,13416.0,22.73,54.57,22.4,Wednesday,0,1,10,733.53,2024-10-23,738.93,741.14,725.5385714285715,728.1385714285715,False,False,False,False,True,False,False
2024-10-24,52596,13400.0,20.39,78.11,10.67,Thursday,0,0,10,726.22,2024-10-24,733.53,677.26,724.4514285714286,727.3249999999999,False,False,False,False,True,False,False
2024-10-25,52625,13417.0,21.65,58.82,2.14,Friday,0,0,10,736.47,2024-10-25,726.22,712.06,731.4457142857143,727.9478571428572,False,False,False,False,True,False,False
2024-10-26,52614,13334.0,20.6,74.96,0.0,Saturday,1,0,10,771.17,2024-10-26,736.47,771.16,734.9328571428572,727.5878571428572,False,False,False,False,True,False,False
2024-10-27,52682,13367.0,26.83,66.13,27.19,Sunday,1,0,10,712.6,2024-10-27,771.17,721.54,734.9342857142857,729.68,False,False,False,False,True,False,False
2024-10-28,52771,13399.0,28.61,60.89,16.43,Monday,0,0,10,754.03,2024-10-28,712.6,716.68,733.657142857143,726.8392857142857,False,False,False,False,True,False,False
2024-10-29,52531,13405.0,23.54,70.19,27.5,Tuesday,0,0,10,694.3,2024-10-29,754.03,738.93,738.9928571428571,732.0464285714286,False,False,False,False,True,False,False
2024-10-30,52643,13394.0,22.93,66.44,0.0,Wednesday,0,0,10,709.55,2024-10-30,694.3,733.53,732.6171428571428,729.0778571428572,False,False,False,False,True,False,False
2024-10-31,52736,13350.0,20.34,68.03,13.83,Thursday,0,0,10,687.7,2024-10-31,709.55,726.22,729.1914285714286,726.8214285714284,False,False,False,False,True,False,False
2024-11-01,52930,13377.0,20.68,75.83,0.0,Friday,0,0,11,748.29,2024-11-01,687.7,736.47,723.6885714285714,727.5671428571429,False,False,False,False,True,False,False
2024-11-02,52302,13450.0,22.94,73.88,0.0,Saturday,1,0,11,774.58,2024-11-02,748.29,771.17,725.3771428571429,730.1549999999999,False,False,False,False,True,False,False
2024-11-03,52890,13392.0,23.81,60.5,39.19,Sunday,1,0,11,692.31,2024-11-03,774.58,712.6,725.8642857142858,730.3992857142857,False,False,False,False,True,False,False
2024-11-04,52883,13377.0,21.62,73.67,18.51,Monday,0,0,11,728.94,2024-11-04,692.31,754.03,722.9657142857143,728.3114285714286,False,False,False,False,True,False,False
2024-11-05,53610,13440.0,22.56,64.62,27.73,Tuesday,0,0,11,729.05,2024-11-05,728.94,694.3,719.3814285714286,729.1871428571429,False,False,False,False,True,False,False
2024-11-06,52487,13420.0,19.34,63.01,0.0,Wednesday,0,0,11,745.56,2024-11-06,729.05,709.55,724.3457142857143,728.4814285714285,False,False,False,False,True,False,False
2024-11-07,52927,13422.0,19.77,69.73,0.0,Thursday,0,0,11,680.91,2024-11-07,745.56,687.7,729.4899999999999,729.3407142857142,False,False,False,False,True,False,False
2024-11-08,52615,13435.0,23.88,65.31,5.62,Friday,0,0,11,743.17,2024-11-08,680.91,748.29,728.5199999999999,726.1042857142857,False,False,False,False,True,False,False
2024-11-09,52695,13473.0,18.54,72.72,20.05,Saturday,1,0,11,732.23,2024-11-09,743.17,774.58,727.7885714285713,726.5828571428572,False,False,False,False,True,False,False
2024-11-10,52615,13437.0,25.05,70.28,0.0,Sunday,1,0,11,791.71,2024-11-10,732.23,692.31,721.7385714285714,723.8014285714286,False,False,False,False,True,False,False
2024-11-11,52833,13456.0,19.96,69.96,0.0,Monday,0,0,11,744.3,2024-11-11,791.71,728.94,735.9385714285714,729.4521428571428,False,False,False,False,True,False,False
2024-11-12,52606,13440.0,23.75,76.02,11.45,Tuesday,0,0,11,763.19,2024-11-12,744.3,729.05,738.1328571428572,728.7571428571428,False,False,False,False,True,False,False
2024-11-13,52564,13369.0,22.28,68.24,22.31,Wednesday,0,0,11,730.9,2024-11-13,763.19,745.56,743.01,733.6778571428571,False,False,False,False,True,False,False
2024-11-14,52874,13430.0,18.17,67.7,10.45,Thursday,0,0,11,764.05,2024-11-14,730.9,680.91,740.9157142857142,735.2028571428572,False,False,False,False,True,False,False
2024-11-15,52944,13426.0,21.93,71.27,32.25,Friday,0,0,11,656.16,2024-11-15,764.05,743.17,752.7928571428572,740.6564285714286,False,False,False,False,True,False,False
2024-11-16,53036,13417.0,23.36,69.58,11.33,Saturday,1,0,11,749.32,2024-11-16,656.16,732.23,740.3628571428571,734.0757142857144,False,False,False,False,True,False,False
2024-11-17,52518,13457.0,22.04,69.08,12.99,Sunday,1,0,11,850.16,2024-11-17,749.32,791.71,742.8042857142857,732.2714285714285,False,False,False,False,True,False,False
2024-11-18,52332,13405.0,20.11,69.43,11.48,Monday,0,0,11,702.75,2024-11-18,850.16,744.3,751.1542857142857,743.5464285714286,False,False,False,False,True,False,False
2024-11-19,53315,13388.0,24.54,68.13,0.0,Tuesday,0,0,11,770.6,2024-11-19,702.75,763.19,745.2185714285714,741.6757142857142,False,False,False,False,True,False,False
2024-11-20,52802,13386.0,21.0,74.19,0.0,Wednesday,0,0,11,726.64,2024-11-20,770.6,730.9,746.277142857143,744.6435714285715,False,False,False,False,True,False,False
2024-11-21,53067,13451.0,19.46,67.05,29.42,Thursday,0,0,11,650.04,2024-11-21,726.64,764.05,745.6685714285715,743.2921428571428,False,False,False,False,True,False,False
2024-11-22,52588,13399.0,23.95,61.26,5.75,Friday,0,0,11,745.48,2024-11-22,650.04,656.16,729.3814285714286,741.0871428571429,False,False,False,False,True,False,False
2024-11-23,52931,13450.0,17.16,77.37,0.0,Saturday,1,0,11,778.87,2024-11-23,745.48,749.32,742.1414285714287,741.2521428571429,False,False,False,False,True,False,False
2024-11-24,52824,13417.0,22.95,60.9,3.54,Sunday,1,0,11,785.36,2024-11-24,778.87,850.16,746.3628571428571,744.5835714285714,False,False,False,False,True,False,False
2024-11-25,52690,13442.0,23.31,60.45,0.0,Monday,0,0,11,773.41,2024-11-25,785.36,702.75,737.1057142857143,744.13,False,False,False,False,True,False,False
2024-11-26,52522,13442.0,18.14,70.1,0.0,Tuesday,0,0,11,751.72,2024-11-26,773.41,770.6,747.1999999999999,746.2092857142858,False,False,False,False,True,False,False
2024-11-27,52655,13413.0,22.51,80.46,13.18,Wednesday,0,0,11,744.24,2024-11-27,751.72,726.64,744.5028571428571,745.39,False,False,False,False,True,False,False
2024-11-28,52659,13389.0,20.3,71.63,10.22,Thursday,0,0,11,731.27,2024-11-28,744.24,650.04,747.0171428571429,746.3428571428573,False,False,False,False,True,False,False
2024-11-29,53119,13386.0,17.2,71.24,0.0,Friday,0,0,11,734.36,2024-11-29,731.27,745.48,758.6214285714286,744.0014285714285,False,False,False,False,True,False,False
2024-11-30,52612,13472.0,18.31,67.28,1.2,Saturday,1,0,11,774.98,2024-11-30,734.36,778.87,757.0328571428571,749.5871428571428,False,False,False,False,True,False,False
2024-12-01,52971,13405.0,18.2,70.26,0.0,Sunday,1,0,12,779.97,2024-12-01,774.98,785.36,756.4771428571429,751.42,False,False,False,False,False,False,True
2024-12-02,53201,13424.0,22.14,67.7,0.0,Monday,0,0,12,764.34,2024-12-02,779.97,773.41,755.7071428571428,746.4064285714286,False,False,False,False,False,False,True
2024-12-03,52901,13374.0,18.5,74.0,3.97,Tuesday,0,0,12,718.29,2024-12-03,764.34,751.72,754.4114285714286,750.8057142857143,False,False,False,False,False,False,True
2024-12-04,53189,13440.0,21.82,78.87,3.97,Wednesday,0,0,12,737.19,2024-12-04,718.29,744.24,749.6357142857142,747.0692857142857,False,False,False,False,False,False,True
2024-12-05,52784,13393.0,21.77,71.12,16.12,Thursday,0,0,12,698.92,2024-12-05,737.19,731.27,748.6285714285715,747.8228571428572,False,False,False,False,False,False,True
2024-12-06,52281,13374.0,18.69,71.11,0.0,Friday,0,0,12,725.98,2024-12-06,698.92,734.36,744.0071428571429,751.3142857142857,False,False,False,False,False,False,True
2024-12-07,52881,13428.0,20.95,69.78,0.0,Saturday,1,0,12,808.0,2024-12-07,725.98,774.98,742.8100000000001,749.9214285714286,False,False,False,False,False,False,True
2024-12-08,52684,13399.0,19.32,70.83,0.0,Sunday,1,0,12,788.34,2024-12-08,808.0,779.97,747.5271428571428,752.0021428571429,False,False,False,False,False,False,True
2024-12-09,53010,13436.0,44.05,75.07,2.35,Monday,0,0,12,743.91,2024-12-09,788.34,764.34,748.7228571428572,752.215,False,False,False,False,False,False,True
2024-12-10,52832,13389.0,21.3,69.35,0.0,Tuesday,0,0,12,755.34,2024-12-10,743.91,718.29,745.8042857142857,750.1078571428571,False,False,False,False,False,False,True
2024-12-11,52619,13337.0,21.19,63.55,0.0,Wednesday,0,0,12,752.28,2024-12-11,755.34,737.19,751.0971428571429,750.3664285714286,False,False,False,False,False,False,True
2024-12-12,52543,13412.0,23.39,77.2,13.4,Thursday,0,0,12,749.94,2024-12-12,752.28,698.92,753.2528571428571,750.9407142857143,False,False,False,False,False,False,True
2024-12-13,52985,13392.0,19.69,71.11,0.0,Friday,0,0,12,753.06,2024-12-13,749.94,725.98,760.5414285714286,752.2742857142857,False,False,False,False,False,False,True
2024-12-14,52511,13472.0,25.0,70.14,0.0,Saturday,1,0,12,773.07,2024-12-14,753.06,808.0,764.41,753.61,False,False,False,False,False,False,True
2024-12-15,53183,13373.0,19.77,71.23,0.0,Sunday,1,0,12,755.85,2024-12-15,773.07,788.34,759.4200000000001,753.4735714285715,False,False,False,False,False,False,True
2024-12-16,53004,13455.0,19.84,72.25,0.0,Monday,0,0,12,721.71,2024-12-16,755.85,743.91,754.7785714285714,751.7507142857143,False,False,False,False,False,False,True
2024-12-17,52947,13433.0,23.01,63.52,11.66,Tuesday,0,0,12,754.4,2024-12-17,721.71,755.34,751.6071428571429,748.7057142857142,False,False,False,False,False,False,True
2024-12-18,52603,13418.0,20.34,74.67,0.0,Wednesday,0,0,12,755.27,2024-12-18,754.4,752.28,751.4728571428572,751.285,False,False,False,False,False,False,True
2024-12-19,52805,13391.0,20.58,68.22,0.0,Thursday,0,0,12,777.75,2024-12-19,755.27,749.94,751.9,752.5764285714286,False,False,False,False,False,False,True
2024-12-20,52948,13414.0,17.48,70.2,0.0,Friday,0,0,12,747.4,2024-12-20,777.75,753.06,755.8728571428571,758.2071428571428,False,False,False,False,False,False,True
2024-12-21,53085,13393.0,18.64,78.02,0.0,Saturday,1,0,12,755.72,2024-12-21,747.4,773.07,755.0642857142858,759.7371428571429,False,False,False,False,False,False,True
2024-12-22,52830,13418.0,20.96,82.4,16.97,Sunday,1,0,12,726.89,2024-12-22,755.72,755.85,752.5857142857142,756.0028571428572,False,False,False,False,False,False,True
2024-12-23,52958,13264.0,21.37,79.13,0.0,Monday,0,0,12,778.68,2024-12-23,726.89,721.71,748.4485714285714,751.6135714285714,False,False,False,False,False,False,True
2024-12-24,53093,13418.0,15.33,74.48,13.67,Tuesday,0,0,12,705.99,2024-12-24,778.68,754.4,756.5871428571429,754.0971428571429,False,False,False,False,False,False,True
2024-12-25,53033,13479.0,22.3,59.18,0.0,Wednesday,0,1,12,766.29,2024-12-25,705.99,755.27,749.6714285714286,750.5721428571429,False,False,False,False,False,False,True
2024-12-26,52872,13432.0,17.19,75.3,0.0,Thursday,0,0,12,728.23,2024-12-26,766.29,777.75,751.2457142857144,751.5728571428571,False,False,False,False,False,False,True
2024-12-27,52374,13407.0,20.08,70.96,0.0,Friday,0,0,12,747.8,2024-12-27,728.23,747.4,744.1714285714286,750.022142857143,False,False,False,False,False,False,True
2024-12-28,52935,13454.0,19.89,71.79,0.0,Saturday,1,0,12,752.29,2024-12-28,747.8,755.72,744.2285714285714,749.6464285714285,False,False,False,False,False,False,True
2024-12-29,52725,13433.0,20.16,68.56,6.53,Sunday,1,0,12,766.84,2024-12-29,752.29,726.89,743.7385714285714,748.1621428571428,False,False,False,False,False,False,True
2024-12-30,53078,13401.0,23.92,66.49,0.0,Monday,0,0,12,732.31,2024-12-30,766.84,778.68,749.4457142857143,748.9471428571427,False,False,False,False,False,False,True
2024-12-31,53250,13468.0,21.35,65.06,7.56,Tuesday,0,0,12,773.53,2024-12-31,732.31,705.99,742.8214285714286,749.7042857142858,False,False,False,False,False,False,True
2023-01-15,40737,10867.0,18.03,69.31,0.0,Sunday,1,0,1,615.2,2023-01-15,597.23,556.35,546.4842857142856,555.0642857142857,True,False,False,False,False,False,True
2023-01-16,40889,10791.0,20.95,68.08,0.0,Monday,0,0,1,483.36,2023-01-16,615.2,553.3,554.8914285714285,554.0092857142857,True,False,False,False,False,False,True
2023-01-17,41019,10840.0,23.43,67.67,0.0,Tuesday,0,0,1,540.79,2023-01-17,483.36,528.19,544.9,551.9935714285714,True,False,False,False,False,False,True
2023-01-18,40873,10763.0,20.5,76.93,0.0,Wednesday,0,0,1,577.26,2023-01-18,540.79,526.91,546.7,551.1750000000001,True,False,False,False,False,False,True
2023-01-19,41279,10782.0,21.38,70.61,0.0,Thursday,0,0,1,557.33,2023-01-19,577.26,513.29,553.8928571428571,552.4557142857143,True,False,False,False,False,False,True
2023-01-20,41238,10865.0,19.82,61.05,0.0,Friday,0,0,1,545.65,2023-01-20,557.33,550.12,560.1842857142857,552.42,True,False,False,False,False,False,True
2023-01-21,41158,10789.0,20.52,69.42,0.0,Saturday,1,0,1,569.77,2023-01-21,545.65,597.23,559.5457142857142,550.3485714285714,True,False,False,False,False,False,True
2023-01-22,40721,10810.0,18.86,62.85,17.23,Sunday,1,0,1,549.57,2023-01-22,569.77,615.2,555.6228571428571,551.0535714285714,True,False,False,False,False,False,True
2023-01-23,41171,10827.0,15.97,70.76,7.17,Monday,0,0,1,554.42,2023-01-23,549.57,483.36,546.2471428571429,550.5692857142857,True,False,False,False,False,False,True
2023-01-24,40697,10858.0,23.51,67.98,0.1,Tuesday,0,0,1,536.83,2023-01-24,554.42,540.79,556.3985714285715,550.6492857142857,True,False,False,False,False,False,True
2023-01-25,41061,10830.0,24.12,66.91,0.0,Wednesday,0,0,1,568.87,2023-01-25,536.83,577.26,555.8328571428572,551.2664285714286,True,False,False,False,False,False,True
2023-01-26,40883,10793.0,22.58,64.25,8.96,Thursday,0,1,1,585.32,2023-01-26,568.87,557.33,554.6342857142856,554.2635714285715,True,False,False,False,False,False,True
2023-01-27,41316,10795.0,23.87,61.59,0.0,Friday,0,0,1,537.74,2023-01-27,585.32,545.65,558.6328571428571,559.4085714285715,True,False,False,False,False,False,True
2023-01-28,41326,10786.0,20.59,68.81,0.0,Saturday,1,0,1,559.72,2023-01-28,537.74,569.77,557.5028571428571,558.5242857142857,True,False,False,False,False,False,True
2023-01-29,40690,10787.0,23.97,68.82,0.0,Sunday,1,0,1,606.33,2023-01-29,559.72,549.57,556.0671428571428,555.845,True,False,False,False,False,False,True
2023-01-30,41382,10856.0,21.81,61.84,0.0,Monday,0,0,1,565.32,2023-01-30,606.33,554.42,564.1757142857143,555.2114285714285,True,False,False,False,False,False,True
2023-01-31,41267,10832.0,24.4,64.86,3.14,Tuesday,0,0,1,560.44,2023-01-31,565.32,536.83,565.7328571428571,561.0657142857143,True,False,False,False,False,False,True
2023-02-01,40992,10799.0,20.12,74.05,0.0,Wednesday,0,0,2,547.8,2023-02-01,560.44,568.87,569.1057142857143,562.4692857142858,True,False,False,False,False,False,True
2023-02-02,41138,10808.0,18.88,64.14,0.0,Thursday,0,0,2,516.93,2023-02-02,547.8,585.32,566.0957142857143,560.365,True,False,False,False,False,False,True
2023-02-03,41123,10807.0,17.64,62.09,0.0,Friday,0,0,2,597.23,2023-02-03,516.93,537.74,556.3257142857143,557.4792857142858,True,False,False,False,False,False,True
2023-02-04,41248,10792.0,22.22,75.23,0.0,Saturday,1,0,2,571.21,2023-02-04,597.23,559.72,564.8242857142857,561.1635714285715,True,False,False,False,False,False,True
2023-02-05,41044,10847.0,20.82,76.81,14.41,Sunday,1,0,2,552.37,2023-02-05,571.21,606.33,566.4657142857143,561.2664285714286,True,False,False,False,False,False,True
2023-02-06,40923,10842.0,21.88,61.82,0.0,Monday,0,0,2,532.76,2023-02-06,552.37,565.32,558.7571428571429,561.4664285714285,True,False,False,False,False,False,True
2023-02-07,40747,10820.0,22.64,68.64,0.0,Tuesday,0,0,2,571.65,2023-02-07,532.76,560.44,554.1057142857143,559.9192857142858,True,False,False,False,False,False,True
2023-02-08,40955,10824.0,25.74,76.0,0.0,Wednesday,0,0,2,572.37,2023-02-08,571.65,547.8,555.7071428571428,562.4064285714286,True,False,False,False,False,False,True
2023-02-09,41416,10845.0,23.26,69.52,0.0,Thursday,0,0,2,596.21,2023-02-09,572.37,516.93,559.2171428571429,562.6564285714286,True,False,False,False,False,False,True
2023-02-10,41152,10798.0,24.18,72.35,0.0,Friday,0,0,2,565.62,2023-02-10,596.21,597.23,570.5428571428572,563.4342857142857,True,False,False,False,False,False,True
2023-02-11,41454,10784.0,22.22,70.91,0.0,Saturday,1,0,2,574.23,2023-02-11,565.62,571.21,566.0271428571428,565.4257142857143,True,False,False,False,False,False,True
2023-02-12,41145,10829.0,26.36,65.04,0.0,Sunday,1,0,2,575.79,2023-02-12,574.23,552.37,566.4585714285714,566.4621428571429,True,False,False,False,False,False,True
2023-02-13,40668,10837.0,23.78,67.07,0.0,Monday,0,0,2,588.6,2023-02-13,575.79,532.76,569.8042857142857,564.2807142857143,True,False,False,False,False,False,True
2023-02-14,41092,10835.0,19.47,73.81,9.3,Tuesday,0,0,2,574.54,2023-02-14,588.6,571.65,577.7814285714286,565.9435714285714,True,False,False,False,False,False,True
2023-02-15,40630,10816.0,22.31,61.59,0.0,Wednesday,0,0,2,527.6,2023-02-15,574.54,572.37,578.1942857142857,566.9507142857143,True,False,False,False,False,False,True
2023-02-16,40899,10839.0,25.83,73.04,0.0,Thursday,0,0,2,531.25,2023-02-16,527.6,596.21,571.7985714285714,565.5078571428571,True,False,False,False,False,False,True
2023-02-17,41412,10855.0,24.26,62.28,0.0,Friday,0,0,2,614.95,2023-02-17,531.25,565.62,562.5185714285715,566.5307142857143,True,False,False,False,False,False,True
2023-02-18,40758,10845.0,22.58,63.08,0.0,Saturday,1,0,2,599.05,2023-02-18,614.95,574.23,569.5657142857143,567.7964285714286,True,False,False,False,False,False,True
2023-02-19,40759,10884.0,23.5,75.56,0.0,Sunday,1,0,2,584.11,2023-02-19,599.05,575.79,573.1114285714285,569.785,True,False,False,False,False,False,True
2023-02-20,41408,10864.0,19.9,72.95,3.76,Monday,0,0,2,530.06,2023-02-20,584.11,588.6,574.3,572.0521428571429,True,False,False,False,False,False,True
2023-02-21,40848,10795.0,23.61,63.45,0.0,Tuesday,0,0,2,580.41,2023-02-21,530.06,574.54,565.9371428571428,571.8592857142856,True,False,False,False,False,False,True
2023-02-22,41009,10794.0,27.38,63.94,0.0,Wednesday,0,0,2,598.19,2023-02-22,580.41,527.6,566.7757142857143,572.485,True,False,False,False,False,False,True
2023-02-23,41227,10833.0,26.51,71.67,0.0,Thursday,0,0,2,580.37,2023-02-23,598.19,531.25,576.8599999999999,574.3292857142858,True,False,False,False,False,False,True
2023-02-24,41578,10760.0,21.23,72.42,0.0,Friday,0,0,2,564.21,2023-02-24,580.37,614.95,583.8771428571429,573.1978571428572,True,False,False,False,False,False,True
2023-02-25,40553,10796.0,20.44,73.85,0.0,Saturday,1,0,2,553.35,2023-02-25,564.21,599.05,576.6285714285715,573.0971428571428,True,False,False,False,False,False,True
2023-02-26,41318,10808.0,25.44,70.39,0.0,Sunday,1,0,2,574.88,2023-02-26,553.35,584.11,570.1,571.6057142857143,True,False,False,False,False,False,True
2023-02-27,41207,10845.0,25.04,62.04,0.0,Monday,0,0,2,578.12,2023-02-27,574.88,530.06,568.7814285714286,571.5407142857142,True,False,False,False,False,False,True
2023-02-28,40981,10790.0,26.3,60.22,0.0,Tuesday,0,0,2,572.91,2023-02-28,578.12,580.41,575.6471428571429,570.7921428571428,True,False,False,False,False,False,True
2023-03-01,41319,10757.0,27.34,73.59,0.0,Wednesday,0,0,3,536.74,2023-03-01,572.91,598.19,574.5757142857143,570.6757142857143,True,False,False,False,False,True,False
2023-03-02,41337,10870.0,23.01,77.55,0.0,Thursday,0,0,3,572.19,2023-03-02,536.74,580.37,565.797142857143,571.3285714285714,True,False,False,False,False,True,False
2023-03-03,41345,10860.0,26.78,60.35,0.0,Friday,0,0,3,602.91,2023-03-03,572.19,564.21,564.6285714285715,574.2528571428571,True,False,False,False,False,True,False
2023-03-04,40541,10852.0,24.62,61.64,13.67,Saturday,1,0,3,552.36,2023-03-04,602.91,553.35,570.1571428571428,573.3928571428571,True,False,False,False,False,True,False
2023-03-05,41310,10804.0,24.51,69.92,13.25,Sunday,1,0,3,580.31,2023-03-05,552.36,574.88,570.0157142857144,570.0578571428572,True,False,False,False,False,True,False
2023-03-06,40780,10873.0,25.33,68.79,0.0,Monday,0,0,3,575.69,2023-03-06,580.31,578.12,570.7914285714286,569.7864285714285,True,False,False,False,False,True,False
2023-03-07,41109,10741.0,25.74,69.4,0.0,Tuesday,0,0,3,568.88,2023-03-07,575.69,572.91,570.4442857142857,573.0457142857143,True,False,False,False,False,True,False
2023-03-08,40813,10778.0,26.92,53.45,27.72,Wednesday,0,0,3,564.77,2023-03-08,568.88,536.74,569.8685714285714,572.2221428571429,True,False,False,False,False,True,False
2023-03-09,40662,10867.0,25.77,68.07,0.0,Thursday,0,0,3,591.24,2023-03-09,564.77,572.19,573.8728571428571,569.8349999999999,True,False,False,False,False,True,False
2023-03-10,41360,10912.0,26.65,63.98,0.0,Friday,0,0,3,559.68,2023-03-10,591.24,602.91,576.5942857142857,570.6114285714285,True,False,False,False,False,True,False
2023-03-11,40807,10804.0,27.11,74.36,0.0,Saturday,1,0,3,602.47,2023-03-11,559.68,552.36,570.4185714285715,570.2878571428571,True,False,False,False,False,True,False
2023-03-12,40909,10797.0,26.74,68.04,0.0,Sunday,1,0,3,618.77,2023-03-12,602.47,580.31,577.5771428571428,573.7964285714286,True,False,False,False,False,True,False
2023-03-13,40799,10836.0,24.59,70.06,0.0,Monday,0,0,3,584.38,2023-03-13,618.77,575.69,583.0714285714286,576.9314285714286,True,False,False,False,False,True,False
2023-03-14,41424,10859.0,27.69,75.51,0.0,Tuesday,0,0,3,624.04,2023-03-14,584.38,568.88,584.3128571428571,577.3785714285715,True,False,False,False,False,True,False
2023-03-15,40927,10838.0,28.75,60.45,0.0,Wednesday,0,0,3,600.07,2023-03-15,624.04,564.77,592.1928571428571,581.0307142857142,True,False,False,False,False,True,False
2023-03-16,41283,10939.0,27.24,63.22,0.0,Thursday,0,0,3,591.44,2023-03-16,600.07,591.24,597.2357142857144,585.5542857142857,True,False,False,False,False,True,False
2023-03-17,41187,10834.0,25.59,77.56,9.29,Friday,0,0,3,591.05,2023-03-17,591.44,559.68,597.2642857142857,586.9292857142857,True,False,False,False,False,True,False
2023-03-18,41178,10856.0,25.31,72.35,0.0,Saturday,1,0,3,639.64,2023-03-18,591.05,602.47,601.7457142857144,586.0821428571428,True,False,False,False,False,True,False
2023-03-19,40845,10848.0,21.46,71.95,0.0,Sunday,1,0,3,581.07,2023-03-19,639.64,618.77,607.0557142857142,592.3164285714286,True,False,False,False,False,True,False
2023-03-20,40804,10801.0,25.89,64.08,8.14,Monday,0,0,3,611.77,2023-03-20,581.07,584.38,601.67,592.3707142857144,True,False,False,False,False,True,False
2023-03-21,41160,10799.0,25.82,66.91,0.0,Tuesday,0,0,3,560.94,2023-03-21,611.77,624.04,605.5828571428572,594.9478571428572,True,False,False,False,False,True,False
2023-03-22,41344,10757.0,26.02,60.61,0.0,Wednesday,0,0,3,606.09,2023-03-22,560.94,600.07,596.5685714285713,594.3807142857142,True,False,False,False,False,True,False
2023-03-23,41064,10871.0,28.16,62.68,0.0,Thursday,0,0,3,580.47,2023-03-23,606.09,591.44,597.4285714285714,597.3321428571428,True,False,False,False,False,True,False
2023-03-24,41206,10772.0,27.71,66.09,0.0,Friday,0,0,3,608.01,2023-03-24,580.47,591.05,595.8614285714286,596.5628571428572,True,False,False,False,False,True,False
2023-03-25,41002,10853.0,25.74,60.97,0.0,Saturday,1,0,3,617.71,2023-03-25,608.01,639.64,598.2842857142857,600.0150000000001,True,False,False,False,False,True,False
2023-03-26,40873,10835.0,23.66,65.27,0.0,Sunday,1,0,3,578.68,2023-03-26,617.71,581.07,595.1514285714286,601.1035714285715,True,False,False,False,False,True,False
2023-03-27,40940,10820.0,28.91,70.9,0.0,Monday,0,0,3,580.6,2023-03-27,578.68,611.77,594.8100000000001,598.24,True,False,False,False,False,True,False
2023-03-28,41240,10785.0,27.48,64.85,0.0,Tuesday,0,0,3,569.88,2023-03-28,580.6,560.94,590.3571428571429,597.97,True,False,False,False,False,True,False
2023-03-29,41212,10855.0,24.38,70.03,0.0,Wednesday,0,0,3,595.81,2023-03-29,569.88,606.09,591.6342857142856,594.1014285714285,True,False,False,False,False,True,False
2023-03-30,40847,13308.5,28.57,66.77,0.0,Thursday,0,0,3,574.09,2023-03-30,595.81,580.47,590.1657142857142,593.7971428571428,True,False,False,False,False,True,False
2023-03-31,41201,10829.0,28.42,74.76,0.0,Friday,0,0,3,623.16,2023-03-31,574.09,608.01,589.2542857142856,592.5578571428571,True,False,False,False,False,True,False
2023-04-01,41361,10865.0,27.73,74.98,0.0,Saturday,1,0,4,600.63,2023-04-01,623.16,617.71,591.4185714285713,594.8514285714285,True,False,False,False,False,True,False
2023-04-02,41368,10855.0,26.32,11.49,0.0,Sunday,1,0,4,602.98,2023-04-02,600.63,578.68,588.9785714285714,592.0649999999999,True,False,False,False,False,True,False
2023-04-03,41145,10821.0,30.93,63.4,0.0,Monday,0,0,4,572.04,2023-04-03,602.98,580.6,592.4499999999999,593.63,True,False,False,False,False,True,False
2023-04-04,41349,10878.0,27.26,62.5,0.0,Tuesday,0,0,4,584.21,2023-04-04,572.04,569.88,591.2271428571429,590.7921428571428,True,False,False,False,False,True,False
2023-04-05,41307,10804.0,24.86,61.46,0.0,Wednesday,0,0,4,547.05,2023-04-05,584.21,595.81,593.2742857142857,592.4542857142858,True,False,False,False,False,True,False
2023-04-06,40741,10881.0,33.23,58.9,0.0,Thursday,0,0,4,598.22,2023-04-06,547.05,574.09,586.3085714285714,588.2371428571429,True,False,False,False,False,True,False
2023-04-07,41541,10807.0,28.45,61.64,0.0,Friday,0,0,4,529.71,2023-04-07,598.22,623.16,589.7557142857142,589.505,True,False,False,False,False,True,False
2023-04-08,41079,10801.0,30.86,71.27,0.0,Saturday,1,0,4,673.32,2023-04-08,529.71,600.63,576.4057142857143,583.9121428571428,True,False,False,False,False,True,False
2023-04-09,41414,10829.0,28.24,64.4,0.0,Sunday,1,0,4,623.98,2023-04-09,673.32,602.98,586.79,587.8842857142857,True,False,False,False,False,True,False
2023-04-10,41034,10797.0,26.93,62.94,0.0,Monday,0,0,4,583.44,2023-04-10,623.98,572.04,589.7900000000001,591.12,True,False,False,False,False,True,False
2023-04-11,41124,10894.0,25.05,70.22,0.0,Tuesday,0,0,4,607.64,2023-04-11,583.44,584.21,591.4185714285715,591.3228571428572,True,False,False,False,False,True,False
2023-04-12,41053,10831.0,28.1,69.57,0.0,Wednesday,0,0,4,614.36,2023-04-12,607.64,547.05,594.7657142857144,594.0200000000001,True,False,False,False,False,True,False
2023-04-13,40974,10817.0,29.38,72.42,0.0,Thursday,0,0,4,627.53,2023-04-13,614.36,598.22,604.3814285714286,595.345,True,False,False,False,False,True,False
2023-04-14,41254,10849.0,27.96,60.26,18.75,Friday,0,0,4,556.14,2023-04-14,627.53,529.71,608.5685714285713,599.1621428571428,True,False,False,False,False,True,False
2023-04-15,41108,10875.0,27.1,78.72,0.0,Saturday,1,0,4,574.01,2023-04-15,556.14,673.32,612.3442857142857,594.375,True,False,False,False,False,True,False
2023-04-16,40815,10825.0,29.88,64.73,0.0,Sunday,1,0,4,634.62,2023-04-16,574.01,623.98,598.157142857143,592.4735714285714,True,False,False,False,False,True,False
2023-04-17,41375,10820.0,28.21,58.02,0.0,Monday,0,0,4,571.3,2023-04-17,634.62,583.44,599.6771428571428,594.7335714285715,True,False,False,False,False,True,False
2023-04-18,41232,10764.0,33.07,65.07,0.0,Tuesday,0,0,4,589.65,2023-04-18,571.3,607.64,597.9428571428572,594.6807142857143,True,False,False,False,False,True,False
2023-04-19,41100,10803.0,30.75,56.9,3.4,Wednesday,0,0,4,600.63,2023-04-19,589.65,614.36,595.3728571428571,595.0692857142858,True,False,False,False,False,True,False
2023-04-20,40872,10847.0,30.23,60.83,0.0,Thursday,0,0,4,605.09,2023-04-20,600.63,627.53,593.4114285714286,598.8964285714285,True,False,False,False,False,True,False
2023-04-21,41113,10823.0,30.25,63.47,0.0,Friday,0,0,4,606.8,2023-04-21,605.09,556.14,590.2057142857142,599.3871428571429,True,False,False,False,False,True,False
2023-04-22,40849,10819.0,32.13,65.62,0.0,Saturday,1,0,4,620.37,2023-04-22,606.8,574.01,597.4428571428572,604.8935714285715,True,False,False,False,False,True,False
2023-04-23,40506,10856.0,27.02,59.92,17.5,Sunday,1,0,4,551.09,2023-04-23,620.37,634.62,604.0657142857143,601.1114285714285,True,False,False,False,False,True,False
2023-04-24,40968,10799.0,31.17,62.77,0.0,Monday,0,0,4,566.01,2023-04-24,551.09,571.3,592.1328571428572,595.905,True,False,False,False,False,True,False
2023-04-25,40887,10814.0,31.57,59.36,0.0,Tuesday,0,0,4,604.84,2023-04-25,566.01,589.65,591.3771428571429,594.66,True,False,False,False,False,True,False
2023-04-26,40990,10823.0,29.53,65.9,0.0,Wednesday,0,0,4,589.79,2023-04-26,604.84,600.63,593.5471428571428,594.46,True,False,False,False,False,True,False
2023-04-27,41212,10815.0,31.45,59.86,0.0,Thursday,0,0,4,602.2,2023-04-27,589.79,605.09,591.9985714285714,592.705,True,False,False,False,False,True,False
2023-04-28,41206,10811.0,30.55,62.56,5.61,Friday,0,0,4,563.68,2023-04-28,602.2,606.8,591.5857142857142,590.8957142857143,True,False,False,False,False,True,False
2023-04-29,41445,10805.0,33.91,67.6,0.0,Saturday,1,0,4,632.88,2023-04-29,563.68,620.37,585.4257142857142,591.4342857142857,True,False,False,False,False,True,False
2023-04-30,41331,10843.0,30.09,64.74,0.0,Sunday,1,0,4,632.52,2023-04-30,632.88,551.09,587.2128571428572,595.6392857142856,True,False,False,False,False,True,False
2023-05-01,41247,10839.0,31.76,69.35,0.0,Monday,0,0,5,614.3,2023-05-01,632.52,566.01,598.8457142857143,595.4892857142858,True,False,False,False,False,True,False
2023-05-02,41210,10827.0,31.01,78.59,0.0,Tuesday,0,0,5,625.72,2023-05-02,614.3,604.84,605.7442857142858,598.5607142857143,True,False,False,False,False,True,False
2023-05-03,41147,10920.0,29.79,62.12,31.09,Wednesday,0,0,5,576.46,2023-05-03,625.72,589.79,608.7271428571429,601.1371428571429,True,False,False,False,False,True,False
2023-05-04,41279,10784.0,28.19,65.32,0.0,Thursday,0,0,5,624.65,2023-05-04,576.46,602.2,606.8228571428572,599.4107142857143,True,False,False,False,False,True,False
2023-05-05,40857,10845.0,30.72,57.73,0.0,Friday,0,0,5,584.15,2023-05-05,624.65,563.68,610.03,600.8078571428571,True,False,False,False,False,True,False
2023-05-06,41065,10856.0,32.9,60.21,8.46,Saturday,1,0,5,596.26,2023-05-06,584.15,632.88,612.9542857142858,599.1899999999999,True,False,False,False,False,True,False
2023-05-07,40928,10831.0,29.74,59.27,0.0,Sunday,1,0,5,601.05,2023-05-07,596.26,632.52,607.722857142857,597.467857142857,True,False,False,False,False,True,False
2023-05-08,40874,10856.0,30.58,66.91,0.0,Monday,0,0,5,626.51,2023-05-08,601.05,614.3,603.2271428571429,601.0364285714286,True,False,False,False,False,True,False
2023-05-09,41095,10781.0,29.94,59.28,0.0,Tuesday,0,0,5,610.22,2023-05-09,626.51,625.72,604.9714285714286,605.3578571428571,True,False,False,False,False,True,False
2023-05-10,40980,10803.0,30.53,67.71,0.0,Wednesday,0,0,5,646.24,2023-05-10,610.22,576.46,602.7571428571429,605.7421428571428,True,False,False,False,False,True,False
2023-05-11,41449,10856.0,31.54,67.95,0.0,Thursday,0,0,5,712.11,2023-05-11,646.24,624.65,612.7257142857143,609.7742857142857,True,False,False,False,False,True,False
2023-05-12,40764,10897.0,32.09,57.68,1.67,Friday,0,0,5,588.33,2023-05-12,712.11,584.15,625.22,617.625,True,False,False,False,False,True,False
2023-05-13,41407,10809.0,32.0,58.23,8.18,Saturday,1,0,5,615.32,2023-05-13,588.33,596.26,625.8171428571429,619.3857142857142,True,False,False,False,False,True,False
2023-05-14,41020,10851.0,30.7,60.54,0.0,Sunday,1,0,5,601.21,2023-05-14,615.32,601.05,628.54,618.1314285714286,True,False,False,False,False,True,False
2023-05-15,41122,10769.0,32.9,55.92,0.0,Monday,0,0,5,603.42,2023-05-15,601.21,626.51,628.5628571428572,615.8950000000001,True,False,False,False,False,True,False
2023-05-16,41394,10796.0,28.71,62.46,0.0,Tuesday,0,0,5,633.66,2023-05-16,603.42,610.22,625.2642857142857,615.1178571428571,True,False,False,False,False,True,False
2023-05-17,41361,10824.0,32.46,64.38,0.0,Wednesday,0,0,5,616.91,2023-05-17,633.66,646.24,628.6128571428571,615.6850000000001,True,False,False,False,False,True,False
2023-05-18,41534,10824.0,31.97,50.62,0.0,Thursday,0,0,5,610.7,2023-05-18,616.91,712.11,624.4228571428572,618.5742857142857,True,False,False,False,False,True,False
2023-05-19,41028,10814.0,32.21,66.97,0.0,Friday,0,0,5,603.91,2023-05-19,610.7,588.33,609.9357142857143,617.5778571428572,True,False,False,False,False,True,False
2023-05-20,41110,10817.0,33.41,57.32,1.96,Saturday,1,0,5,586.92,2023-05-20,603.91,615.32,612.1614285714286,618.9892857142858,True,False,False,False,False,True,False
2023-05-21,41533,10830.0,34.36,75.45,0.0,Sunday,1,0,5,621.8,2023-05-21,586.92,601.21,608.1042857142858,618.3221428571429,True,False,False,False,False,True,False
2023-05-22,41132,10813.0,32.01,69.67,0.0,Monday,0,0,5,573.03,2023-05-22,621.8,603.42,611.0457142857142,619.8042857142857,True,False,False,False,False,True,False
2023-05-23,41017,10856.0,35.47,76.7,0.0,Tuesday,0,0,5,613.62,2023-05-23,573.03,633.66,606.7042857142858,615.9842857142858,True,False,False,False,False,True,False
2023-05-24,40963,10830.0,32.41,51.46,0.0,Wednesday,0,0,5,606.58,2023-05-24,613.62,616.91,603.8414285714287,616.2271428571429,True,False,False,False,False,True,False
2023-05-25,41136,10792.0,32.78,53.94,16.65,Thursday,0,0,5,603.07,2023-05-25,606.58,610.7,602.3657142857143,613.3942857142857,True,False,False,False,False,True,False
2023-05-26,41075,10819.0,35.26,66.65,29.66,Friday,0,0,5,600.67,2023-05-26,603.07,603.91,601.2757142857143,605.6057142857143,True,False,False,False,False,True,False
2023-05-27,40866,10862.0,30.39,68.34,0.0,Saturday,1,0,5,649.84,2023-05-27,600.67,586.92,600.8128571428572,606.4871428571429,True,False,False,False,False,True,False
2023-05-28,41152,10854.0,32.12,61.17,10.02,Sunday,1,0,5,614.55,2023-05-28,649.84,621.8,609.8014285714287,608.9528571428572,True,False,False,False,False,True,False
2023-05-29,41028,10820.0,30.08,65.4,19.11,Monday,0,0,5,603.93,2023-05-29,614.55,573.03,608.7657142857142,609.9057142857143,True,False,False,False,False,True,False
2023-05-30,41378,10862.0,35.76,67.98,0.0,Tuesday,0,0,5,620.36,2023-05-30,603.93,613.62,613.1800000000001,609.9421428571428,True,False,False,False,False,True,False
2023-05-31,41306,10864.0,36.72,69.03,16.47,Wednesday,0,0,5,572.54,2023-05-31,620.36,606.58,614.1428571428571,608.9921428571428,True,False,False,False,False,True,False
2023-06-01,41003,10845.0,33.73,66.33,20.41,Thursday,0,0,6,581.05,2023-06-01,572.54,603.07,609.28,605.8228571428572,True,False,False,False,False,False,False
2023-06-02,41610,10863.0,37.03,63.33,0.0,Friday,0,0,6,632.24,2023-06-02,581.05,600.67,606.1342857142857,603.7049999999999,True,False,False,False,False,False,False
2023-06-03,40948,10820.0,31.47,67.63,7.51,Saturday,1,0,6,596.45,2023-06-03,632.24,649.84,610.6442857142857,605.7285714285715,True,False,False,False,False,False,False
2023-06-04,41270,10865.0,31.47,66.91,0.0,Sunday,1,0,6,592.64,2023-06-04,596.45,614.55,603.0171428571429,606.4092857142857,True,False,False,False,False,False,False
2023-06-05,41549,10895.0,35.23,66.84,0.0,Monday,0,0,6,565.96,2023-06-05,592.64,603.93,599.8871428571429,604.3264285714286,True,False,False,False,False,False,False
2023-06-06,41358,10827.0,36.27,62.63,8.11,Tuesday,0,0,6,591.99,2023-06-06,565.96,620.36,594.4628571428572,603.8214285714286,True,False,False,False,False,False,False
2023-06-07,40953,10872.0,35.12,68.84,1.55,Wednesday,0,0,6,674.38,2023-06-07,591.99,572.54,590.41,602.2764285714286,True,False,False,False,False,False,False
2023-06-08,41009,10854.0,35.3,56.42,8.91,Thursday,0,0,6,601.03,2023-06-08,674.38,581.05,604.9585714285714,607.1192857142858,True,False,False,False,False,False,False
2023-06-09,40960,10779.0,34.51,53.4,0.0,Friday,0,0,6,632.53,2023-06-09,601.03,632.24,607.8128571428572,606.9735714285714,True,False,False,False,False,False,False
2023-06-10,41410,10861.0,38.71,58.79,0.0,Saturday,1,0,6,638.47,2023-06-10,632.53,596.45,607.8542857142858,609.2492857142857,True,False,False,False,False,False,False
2023-06-11,41135,10900.0,32.85,71.4,9.99,Sunday,1,0,6,619.46,2023-06-11,638.47,592.64,613.8571428571429,608.4371428571428,True,False,False,False,False,False,False
2023-06-12,41100,10815.0,33.26,55.77,0.0,Monday,0,0,6,578.83,2023-06-12,619.46,565.96,617.6885714285714,608.7878571428572,True,False,False,False,False,False,False
2023-06-13,41315,10870.0,30.4,65.01,0.0,Tuesday,0,0,6,599.15,2023-06-13,578.83,591.99,619.527142857143,606.995,True,False,False,False,False,False,False
2023-06-14,40948,10769.0,35.58,60.45,0.0,Wednesday,0,0,6,606.98,2023-06-14,599.15,674.38,620.5500000000001,605.4800000000001,True,False,False,False,False,False,False
2023-06-15,40839,10922.0,32.3,65.05,0.0,Thursday,0,0,6,608.49,2023-06-15,606.98,601.03,610.9214285714286,607.9399999999999,True,False,False,False,False,False,False
2023-06-16,40783,10940.0,32.99,61.83,0.0,Friday,0,0,6,649.81,2023-06-16,608.49,632.53,611.9871428571429,609.9,True,False,False,False,False,False,False
2023-06-17,40856,10849.0,30.23,70.06,0.0,Saturday,1,0,6,599.85,2023-06-17,649.81,638.47,614.4557142857144,611.155,True,False,False,False,False,False,False
2023-06-18,41269,10832.0,37.03,66.1,0.0,Sunday,1,0,6,613.1,2023-06-18,599.85,619.46,608.9385714285714,611.3978571428571,True,False,False,False,False,False,False
2023-06-19,40957,10902.0,38.04,64.59,22.73,Monday,0,0,6,565.71,2023-06-19,613.1,578.83,608.03,612.8592857142858,True,False,False,False,False,False,False
2023-06-20,40525,10856.0,30.23,71.2,6.75,Tuesday,0,0,6,582.25,2023-06-20,565.71,599.15,606.1557142857143,612.8414285714287,True,False,False,False,False,False,False
2023-06-21,40873,10864.0,30.72,56.18,0.0,Wednesday,0,0,6,594.45,2023-06-21,582.25,606.98,603.7414285714286,612.1457142857143,True,False,False,False,False,False,False
2023-06-22,40999,10908.0,34.32,64.87,21.33,Thursday,0,0,6,590.14,2023-06-22,594.45,608.49,601.9514285714286,606.4364285714286,True,False,False,False,False,False,False
2023-06-23,40706,10780.0,33.84,62.93,10.44,Friday,0,0,6,563.54,2023-06-23,590.14,649.81,599.33,605.6585714285713,True,False,False,False,False,False,False
2023-06-24,40828,10856.0,30.23,67.29,0.0,Saturday,1,0,6,609.36,2023-06-24,563.54,599.85,587.0057142857142,600.7307142857143,True,False,False,False,False,False,False
2023-06-25,41221,10786.0,32.63,56.96,0.0,Sunday,1,0,6,624.76,2023-06-25,609.36,613.1,588.3642857142858,598.6514285714286,True,False,False,False,False,False,False
2023-06-26,41275,10864.0,33.94,62.51,0.0,Monday,0,0,6,600.71,2023-06-26,624.76,565.71,590.03,599.03,True,False,False,False,False,False,False
2023-06-27,40954,10847.0,33.72,79.3,0.0,Tuesday,0,0,6,782.0,2023-06-27,600.71,582.25,595.03,600.592857142857,True,False,False,False,False,False,False
2023-06-28,41070,10832.0,35.63,60.87,7.03,Wednesday,0,0,6,589.54,2023-06-28,782.0,594.45,623.5657142857143,613.6535714285714,True,False,False,False,False,False,False
2023-06-29,41186,10864.0,33.45,62.84,0.0,Thursday,0,0,6,619.86,2023-06-29,589.54,590.14,622.8642857142858,612.4078571428572,True,False,False,False,False,False,False
2023-06-30,41355,10890.0,33.53,58.95,13.52,Friday,0,0,6,577.87,2023-06-30,619.86,563.54,627.1099999999999,613.22,True,False,False,False,False,False,False
2023-07-01,41294,10833.0,46.96,67.67,12.19,Saturday,1,0,7,549.5,2023-07-01,577.87,609.36,629.157142857143,608.0814285714285,True,False,False,False,False,False,False
2023-07-02,41299,10867.0,34.09,53.92,0.0,Sunday,1,0,7,630.23,2023-07-02,549.5,624.76,620.6057142857143,604.485,True,False,False,False,False,False,False
2023-07-03,40974,10853.0,35.19,60.87,0.0,Monday,0,0,7,565.41,2023-07-03,630.23,600.71,621.3871428571429,605.7085714285714,True,False,False,False,False,False,False
2023-07-04,40656,10814.0,36.82,72.87,5.75,Tuesday,0,0,7,607.8,2023-07-04,565.41,782.0,616.3442857142857,605.6871428571429,True,False,False,False,False,False,False
2023-07-05,41030,10896.0,31.69,61.15,12.86,Wednesday,0,0,7,576.08,2023-07-05,607.8,589.54,591.4585714285714,607.5121428571429,True,False,False,False,False,False,False
2023-07-06,41664,10841.0,33.66,71.64,2.63,Thursday,0,0,7,615.81,2023-07-06,576.08,619.86,589.5357142857143,606.1999999999999,True,False,False,False,False,False,False
2023-07-07,41151,10795.0,33.6,70.2,8.33,Friday,0,0,7,568.03,2023-07-07,615.81,577.87,588.9571428571428,608.0335714285715,True,False,False,False,False,False,False
2023-07-08,41287,10862.0,31.72,56.64,0.0,Saturday,1,0,7,601.75,2023-07-08,568.03,549.5,587.5514285714286,608.3542857142858,True,False,False,False,False,False,False
2023-07-09,41648,10916.0,31.76,67.7,18.13,Sunday,1,0,7,614.22,2023-07-09,601.75,630.23,595.0157142857142,607.8107142857143,True,False,False,False,False,False,False
2023-07-10,41210,10793.0,34.89,62.15,0.0,Monday,0,0,7,603.82,2023-07-10,614.22,565.41,592.7285714285715,607.0578571428571,True,False,False,False,False,False,False
2023-07-11,41167,10875.0,33.16,56.95,4.82,Tuesday,0,0,7,569.19,2023-07-11,603.82,607.8,598.2157142857143,607.28,True,False,False,False,False,False,False
2023-07-12,41156,10773.0,32.75,70.26,8.93,Wednesday,0,0,7,593.41,2023-07-12,569.19,576.08,592.6999999999999,592.0792857142858,True,False,False,False,False,False,False
2023-07-13,40488,10908.0,34.75,75.82,1.4,Thursday,0,0,7,596.86,2023-07-13,593.41,615.81,595.1757142857142,592.3557142857143,True,False,False,False,False,False,False
2023-07-14,41450,10845.0,32.95,66.94,0.0,Friday,0,0,7,588.05,2023-07-14,596.86,568.03,592.4685714285714,590.7128571428572,True,False,False,False,False,False,False
2023-07-15,41497,10886.0,33.04,53.58,5.09,Saturday,1,0,7,721.92,2023-07-15,588.05,601.75,595.3285714285714,591.4399999999999,True,False,False,False,False,False,False
2023-07-16,40863,10891.0,31.39,65.03,20.13,Sunday,1,0,7,588.39,2023-07-16,721.92,614.22,612.4957142857144,603.7557142857142,True,False,False,False,False,False,False
2023-07-17,41528,10863.0,29.6,63.19,5.82,Monday,0,0,7,574.96,2023-07-17,588.39,603.82,608.8057142857143,600.7671428571429,True,False,False,False,False,False,False
2023-07-18,41467,10842.0,33.57,68.54,8.03,Tuesday,0,0,7,586.49,2023-07-18,574.96,569.19,604.6828571428571,601.4492857142857,True,False,False,False,False,False,False
2023-07-19,40792,10790.0,34.7,67.86,14.05,Wednesday,0,0,7,560.64,2023-07-19,586.49,593.41,607.1542857142857,599.9271428571428,True,False,False,False,False,False,False
2023-07-20,41235,10881.0,30.77,64.31,0.0,Thursday,0,0,7,598.32,2023-07-20,560.64,596.86,602.472857142857,598.8242857142858,True,False,False,False,False,False,False
2023-07-21,41052,10893.0,31.97,63.3,5.33,Friday,0,0,7,593.11,2023-07-21,598.32,588.05,602.6814285714285,597.5749999999999,True,False,False,False,False,False,False
2023-07-22,41327,10923.0,31.49,56.88,0.0,Saturday,1,0,7,600.07,2023-07-22,593.11,721.92,603.4042857142857,599.3664285714286,True,False,False,False,False,False,False
2023-07-23,41213,10894.0,36.0,65.47,0.0,Sunday,1,0,7,621.73,2023-07-23,600.07,588.39,585.9971428571429,599.2464285714286,True,False,False,False,False,False,False
2023-07-24,41454,10786.0,31.35,67.64,0.0,Monday,0,0,7,582.56,2023-07-24,621.73,574.96,590.7600000000001,599.7828571428572,True,False,False,False,False,False,False
2023-07-25,41189,10886.0,32.83,60.23,4.82,Tuesday,0,0,7,596.88,2023-07-25,582.56,586.49,591.8457142857143,598.2642857142857,True,False,False,False,False,False,False
2023-07-26,40640,10865.0,30.93,68.68,0.0,Wednesday,0,0,7,568.99,2023-07-26,596.88,560.64,593.3299999999999,600.2421428571428,True,False,False,False,False,False,False
2023-07-27,41783,10877.0,32.92,66.13,33.02,Thursday,0,0,7,555.1,2023-07-27,568.99,598.32,594.5228571428571,598.4978571428571,True,False,False,False,False,False,False
2023-07-28,40807,10844.0,36.16,63.53,1.41,Friday,0,0,7,602.42,2023-07-28,555.1,593.11,588.3485714285714,595.5150000000001,True,False,False,False,False,False,False
2023-07-29,40965,10807.0,32.24,65.68,0.0,Saturday,1,0,7,627.96,2023-07-29,602.42,600.07,589.6785714285714,596.5414285714286,True,False,False,False,False,False,False
2023-07-30,41462,10839.0,38.52,58.99,3.79,Sunday,1,0,7,591.41,2023-07-30,627.96,621.73,593.6628571428572,589.83,True,False,False,False,False,False,False
2023-07-31,40721,10858.0,29.65,63.9,44.8,Monday,0,0,7,516.39,2023-07-31,591.41,582.56,589.3314285714285,590.0457142857142,True,False,False,False,False,False,False
2023-08-01,40981,10827.0,33.92,61.44,14.21,Tuesday,0,0,8,558.92,2023-08-01,516.39,596.88,579.8785714285715,585.8621428571429,True,False,False,False,False,False,False
2023-08-02,41399,10795.0,29.51,62.91,24.67,Wednesday,0,0,8,545.34,2023-08-02,558.92,568.99,574.4557142857143,583.8928571428571,True,False,False,False,False,False,False
2023-08-03,41399,10813.0,28.43,68.54,9.72,Thursday,0,0,8,558.9,2023-08-03,545.34,555.1,571.0771428571428,582.8000000000001,True,False,False,False,False,False,False
2023-08-04,41409,10860.0,31.15,65.67,8.69,Friday,0,0,8,570.52,2023-08-04,558.9,602.42,571.62,579.9842857142856,True,False,False,False,False,False,False
2023-08-05,41026,10889.0,33.47,67.93,0.0,Saturday,1,0,8,631.52,2023-08-05,570.52,627.96,567.0628571428572,578.3707142857144,True,False,False,False,False,False,False
2023-08-06,41274,10849.0,33.65,59.49,9.82,Sunday,1,0,8,610.14,2023-08-06,631.52,591.41,567.5714285714286,580.6171428571428,True,False,False,False,False,False,False
2023-08-07,41080,10820.0,30.83,64.21,7.62,Monday,0,0,8,564.16,2023-08-07,610.14,516.39,570.2471428571428,579.7892857142857,True,False,False,False,False,False,False
2023-08-08,41012,10892.0,27.48,65.76,0.0,Tuesday,0,0,8,577.2,2023-08-08,564.16,558.92,577.0714285714286,578.475,True,False,False,False,False,False,False
2023-08-09,41081,10851.0,33.74,65.63,6.66,Wednesday,0,0,8,675.52,2023-08-09,577.2,545.34,579.6828571428571,577.0692857142857,True,False,False,False,False,False,False
2023-08-10,41110,10949.0,30.68,67.59,0.0,Thursday,0,0,8,593.42,2023-08-10,675.52,558.9,598.28,584.6785714285714,True,False,False,False,False,False,False
2023-08-11,41061,10853.0,29.62,60.1,6.25,Friday,0,0,8,599.95,2023-08-11,593.42,570.52,603.2114285714285,587.4157142857142,True,False,False,False,False,False,False
2023-08-12,41147,10912.0,31.03,64.37,1.71,Saturday,1,0,8,607.33,2023-08-12,599.95,631.52,607.4157142857142,587.2392857142858,True,False,False,False,False,False,False
2023-08-13,41089,10856.0,27.55,69.05,37.73,Sunday,1,0,8,514.15,2023-08-13,607.33,610.14,603.96,585.7657142857142,True,False,False,False,False,False,False
2023-08-14,41129,10871.0,31.18,58.82,12.66,Monday,0,0,8,563.38,2023-08-14,514.15,564.16,590.2471428571428,580.2471428571429,True,False,False,False,False,False,False
2023-08-15,41465,10865.0,29.4,66.9,0.0,Tuesday,0,1,8,610.85,2023-08-15,563.38,577.2,590.1357142857142,583.6035714285714,True,False,False,False,False,False,False
2023-08-16,41097,10849.0,30.69,65.08,0.46,Wednesday,0,0,8,575.12,2023-08-16,610.85,675.52,594.9428571428572,587.3128571428571,True,False,False,False,False,False,False
2023-08-17,41381,10831.0,30.11,74.84,15.95,Thursday,0,0,8,548.41,2023-08-17,575.12,593.42,580.6,589.4399999999999,True,False,False,False,False,False,False
2023-08-18,41415,10830.0,27.93,69.42,0.0,Friday,0,0,8,538.78,2023-08-18,548.41,599.95,574.17,588.6907142857143,True,False,False,False,False,False,False
2023-08-19,41148,10875.0,31.51,61.93,6.6,Saturday,1,0,8,580.93,2023-08-19,538.78,607.33,565.4314285714285,586.4235714285714,True,False,False,False,False,False,False
2023-08-20,41146,10905.0,34.09,60.12,0.0,Sunday,1,0,8,607.41,2023-08-20,580.93,514.15,561.66,582.8100000000001,True,False,False,False,False,False,False
2023-08-21,41132,10827.0,29.24,63.92,11.68,Monday,0,0,8,564.26,2023-08-21,607.41,563.38,574.9828571428571,582.615,True,False,False,False,False,False,False
2023-08-22,41121,10877.0,31.95,69.76,0.0,Tuesday,0,0,8,586.69,2023-08-22,564.26,610.85,575.1085714285715,582.6221428571429,True,False,False,False,False,False,False
2023-08-23,41123,10818.0,28.59,66.91,25.07,Wednesday,0,0,8,521.94,2023-08-23,586.69,575.12,571.6571428571427,583.3,True,False,False,False,False,False,False
2023-08-24,41419,10839.0,29.24,58.93,8.96,Thursday,0,0,8,554.12,2023-08-24,521.94,548.41,564.0600000000001,572.33,True,False,False,False,False,False,False
2023-08-25,40970,10829.0,32.49,64.91,0.0,Friday,0,0,8,590.52,2023-08-25,554.12,538.78,564.8757142857143,569.5228571428572,True,False,False,False,False,False,False
2023-08-26,41135,10888.0,32.2,70.08,0.0,Saturday,1,0,8,632.61,2023-08-26,590.52,580.93,572.2671428571429,568.8492857142857,True,False,False,False,False,False,False
2023-08-27,41034,10853.0,31.43,67.71,0.0,Sunday,1,0,8,617.97,2023-08-27,632.61,607.41,579.65,570.655,True,False,False,False,False,False,False
2023-08-28,41080,10834.0,30.48,65.02,19.25,Monday,0,0,8,578.71,2023-08-28,617.97,564.26,581.1585714285715,578.0707142857143,True,False,False,False,False,False,False
2023-08-29,41179,10835.0,27.59,64.3,11.53,Tuesday,0,0,8,514.74,2023-08-29,578.71,586.69,583.2228571428572,579.1657142857142,True,False,False,False,False,False,False
2023-08-30,41091,10837.0,28.98,54.75,0.0,Wednesday,0,0,8,591.59,2023-08-30,514.74,521.94,572.9442857142857,572.3007142857143,True,False,False,False,False,False,False
2023-08-31,40753,10832.0,27.61,67.45,32.15,Thursday,0,0,8,518.41,2023-08-31,591.59,554.12,582.8942857142857,573.4771428571429,True,False,False,False,False,False,False
2023-09-01,41223,10874.0,27.7,59.83,0.0,Friday,0,0,9,604.23,2023-09-01,518.41,590.52,577.7928571428572,571.3342857142858,True,False,False,False,False,False,False
2023-09-02,41297,10826.0,30.91,58.45,6.22,Saturday,1,0,9,618.69,2023-09-02,604.23,632.61,579.7514285714286,576.0092857142857,True,False,False,False,False,False,False
2023-09-03,41061,10803.0,29.13,66.85,20.08,Sunday,1,0,9,563.53,2023-09-03,618.69,617.97,577.7628571428571,578.7064285714285,True,False,False,False,False,False,False
2023-09-04,41365,10843.0,29.78,67.64,18.58,Monday,0,0,9,520.07,2023-09-04,563.53,578.71,569.9857142857143,575.5721428571429,True,False,False,False,False,False,False
2023-09-05,40870,10847.0,27.99,73.1,21.7,Tuesday,0,0,9,520.45,2023-09-05,520.07,514.74,561.6085714285715,572.4157142857142,True,False,False,False,False,False,False
2023-09-06,41415,10903.0,28.36,58.15,0.0,Wednesday,0,0,9,558.5,2023-09-06,520.45,591.59,562.4242857142857,567.6842857142858,True,False,False,False,False,False,False
2023-09-07,41682,10882.0,27.24,61.35,3.42,Thursday,0,0,9,540.47,2023-09-07,558.5,518.41,557.6971428571429,570.2957142857143,True,False,False,False,False,False,False
2023-09-08,41389,10903.0,30.48,65.44,5.56,Friday,0,0,9,550.81,2023-09-08,540.47,604.23,560.8485714285715,569.3207142857143,True,False,False,False,False,False,False
2023-09-09,41077,10828.0,27.35,69.94,0.0,Saturday,1,0,9,542.41,2023-09-09,550.81,618.69,553.2171428571429,566.4842857142858,True,False,False,False,False,False,False
2023-09-10,41038,10889.0,27.74,63.04,20.7,Sunday,1,0,9,535.99,2023-09-10,542.41,563.53,542.3199999999999,560.0414285714286,True,False,False,False,False,False,False
2023-09-11,41179,10854.0,27.01,71.62,21.79,Monday,0,0,9,536.03,2023-09-11,535.99,520.07,538.3857142857142,554.1857142857143,True,False,False,False,False,False,False
2023-09-12,41498,10879.0,33.12,65.8,12.93,Tuesday,0,0,9,555.68,2023-09-12,536.03,520.45,540.6657142857142,551.1371428571429,True,False,False,False,False,False,False
2023-09-13,41369,10903.0,28.41,64.05,6.33,Wednesday,0,0,9,561.59,2023-09-13,555.68,558.5,545.6985714285714,554.0614285714286,True,False,False,False,False,False,False
2023-09-14,41210,10836.0,25.74,76.21,23.07,Thursday,0,0,9,513.44,2023-09-14,561.59,540.47,546.14,551.9185714285715,True,False,False,False,False,False,False
2023-09-15,41252,10823.0,27.19,69.85,0.0,Friday,0,0,9,550.59,2023-09-15,513.44,550.81,542.2785714285714,551.5635714285714,True,False,False,False,False,False,False
2023-09-16,41769,10799.0,28.44,65.09,8.09,Saturday,1,0,9,582.12,2023-09-16,550.59,542.41,542.2471428571429,547.7321428571429,True,False,False,False,False,False,False
2023-09-17,41516,10908.0,28.95,63.39,0.0,Sunday,1,0,9,597.29,2023-09-17,582.12,535.99,547.92,545.12,True,False,False,False,False,False,False
2023-09-18,40851,10793.0,27.34,68.34,21.93,Monday,0,0,9,550.23,2023-09-18,597.29,536.03,556.6771428571428,547.5314285714286,True,False,False,False,False,False,False
2023-09-19,40978,10880.0,28.42,63.62,11.14,Tuesday,0,0,9,569.77,2023-09-19,550.23,555.68,558.7057142857143,549.6857142857143,True,False,False,False,False,False,False
2023-09-20,41676,10790.0,27.22,74.05,0.0,Wednesday,0,0,9,552.28,2023-09-20,569.77,561.59,560.7185714285714,553.2085714285714,True,False,False,False,False,False,False
2023-09-21,41075,10873.0,24.24,67.69,0.0,Thursday,0,0,9,545.64,2023-09-21,552.28,513.44,559.3885714285715,552.7642857142857,True,False,False,False,False,False,False
2023-09-22,41505,10891.0,24.63,61.6,15.62,Friday,0,0,9,545.06,2023-09-22,545.64,550.59,563.9885714285714,553.1335714285714,True,False,False,False,False,False,False
2023-09-23,41017,10898.0,25.49,68.61,6.15,Saturday,1,0,9,551.53,2023-09-23,545.06,582.12,563.1985714285714,552.7228571428572,True,False,False,False,False,False,False
2023-09-24,40666,10846.0,26.13,76.1,0.0,Sunday,1,0,9,587.53,2023-09-24,551.53,597.29,558.8285714285714,553.3742857142857,True,False,False,False,False,False,False
2023-09-25,41070,10853.0,26.64,59.76,25.33,Monday,0,0,9,518.54,2023-09-25,587.53,550.23,557.4342857142857,557.0557142857143,True,False,False,False,False,False,False
2023-09-26,41396,10893.0,25.12,75.52,17.14,Tuesday,0,0,9,511.03,2023-09-26,518.54,569.77,552.9071428571428,555.8064285714286,True,False,False,False,False,False,False
2023-09-27,41267,10804.0,27.1,73.39,0.0,Wednesday,0,0,9,542.56,2023-09-27,511.03,552.28,544.5157142857142,552.6171428571429,True,False,False,False,False,False,False
2023-09-28,41328,10861.0,26.88,70.06,3.35,Thursday,0,0,9,546.18,2023-09-28,542.56,545.64,543.1271428571429,551.2578571428571,True,False,False,False,False,False,False
2023-09-29,41470,10901.0,28.67,68.38,0.0,Friday,0,0,9,560.87,2023-09-29,546.18,545.06,543.2042857142857,553.5964285714286,True,False,False,False,False,False,False
2023-09-30,41590,10856.0,26.77,70.5,0.0,Saturday,1,0,9,558.11,2023-09-30,560.87,551.53,545.4628571428572,554.3307142857143,True,False,False,False,False,False,False
2023-10-01,41328,10847.0,25.39,73.16,2.18,Sunday,1,0,10,584.82,2023-10-01,558.11,587.53,546.4028571428571,552.6157142857143,True,False,False,False,True,False,False
2023-10-02,40959,10904.0,26.47,59.95,66.11,Monday,0,1,10,481.09,2023-10-02,584.82,518.54,546.0157142857142,551.725,True,False,False,False,True,False,False
2023-10-03,41700,10897.0,28.22,67.69,0.0,Tuesday,0,0,10,544.8,2023-10-03,481.09,511.03,540.6657142857142,546.7864285714285,True,False,False,False,True,False,False
2023-10-04,41330,10916.0,25.92,64.36,1.6,Wednesday,0,0,10,568.7,2023-10-04,544.8,542.56,545.49,545.0028571428571,True,False,False,False,True,False,False
2023-10-05,41194,10897.0,27.96,69.24,15.14,Thursday,0,0,10,543.93,2023-10-05,568.7,546.18,549.2242857142858,546.1757142857142,True,False,False,False,True,False,False
2023-10-06,41499,10783.0,23.88,68.52,6.89,Friday,0,0,10,552.61,2023-10-06,543.93,560.87,548.9028571428572,546.0535714285714,True,False,False,False,True,False,False
2023-10-07,41144,10824.0,26.35,66.04,11.14,Saturday,1,0,10,573.66,2023-10-07,552.61,558.11,547.7228571428572,546.592857142857,True,False,False,False,True,False,False
2023-10-08,41169,10939.0,24.84,71.57,0.0,Sunday,1,0,10,585.51,2023-10-08,573.66,584.82,549.9442857142857,548.1735714285714,True,False,False,False,True,False,False
2023-10-09,41148,10827.0,23.5,74.83,0.0,Monday,0,0,10,555.98,2023-10-09,585.51,481.09,550.0428571428572,548.0292857142857,True,False,False,False,True,False,False
2023-10-10,41257,10904.0,25.66,68.19,0.0,Tuesday,0,0,10,588.99,2023-10-10,555.98,544.8,560.7414285714286,550.7035714285714,True,False,False,False,True,False,False
2023-10-11,41025,10834.0,26.47,72.88,0.72,Wednesday,0,0,10,562.05,2023-10-11,588.99,568.7,567.0542857142857,556.2721428571429,True,False,False,False,True,False,False
2023-10-12,41311,10852.0,26.4,68.99,11.68,Thursday,0,0,10,545.6,2023-10-12,562.05,543.93,566.1042857142858,557.6642857142857,True,False,False,False,True,False,False
2023-10-13,41360,10898.0,26.57,69.27,4.81,Friday,0,0,10,553.0,2023-10-13,545.6,552.61,566.3428571428572,557.6228571428571,True,False,False,False,True,False,False
2023-10-14,40987,10831.0,19.95,54.57,0.0,Saturday,1,0,10,594.27,2023-10-14,553.0,573.66,566.3985714285715,557.0607142857143,True,False,False,False,True,False,False
2023-10-15,41024,10876.0,21.11,63.09,8.47,Sunday,1,0,10,548.75,2023-10-15,594.27,585.51,569.3428571428572,559.6435714285715,True,False,False,False,True,False,False
2023-10-16,41185,10872.0,21.74,62.64,16.81,Monday,0,0,10,482.37,2023-10-16,548.75,555.98,564.0914285714285,557.0671428571428,True,False,False,False,True,False,False
2023-10-17,40958,10929.0,22.67,72.36,0.0,Tuesday,0,0,10,526.5,2023-10-17,482.37,588.99,553.5757142857143,557.1585714285715,True,False,False,False,True,False,False
2023-10-18,41410,10876.0,24.44,61.5,0.0,Wednesday,0,0,10,538.55,2023-10-18,526.5,562.05,544.6485714285715,555.8514285714285,True,False,False,False,True,False,False
2023-10-19,41502,10895.0,24.31,71.42,28.88,Thursday,0,0,10,511.75,2023-10-19,538.55,545.6,541.2914285714286,553.6978571428571,True,False,False,False,True,False,False
2023-10-20,41151,10825.0,24.49,67.1,15.12,Friday,0,0,10,494.95,2023-10-20,511.75,553.0,536.4557142857143,551.3992857142857,True,False,False,False,True,False,False
2023-10-21,40640,10858.0,27.08,65.32,0.0,Saturday,1,0,10,590.52,2023-10-21,494.95,594.27,528.1628571428571,547.2807142857142,True,False,False,False,True,False,False
2023-10-22,41293,10875.0,27.02,60.81,4.24,Sunday,1,0,10,592.21,2023-10-22,590.52,548.75,527.6271428571429,548.4849999999999,True,False,False,False,True,False,False
2023-10-23,41137,10855.0,22.07,66.85,8.23,Monday,0,1,10,537.07,2023-10-23,592.21,482.37,533.8357142857143,548.9635714285714,True,False,False,False,True,False,False
2023-10-24,41337,10854.0,22.81,79.68,3.67,Tuesday,0,0,10,658.9,2023-10-24,537.07,526.5,541.65,547.6128571428571,True,False,False,False,True,False,False
2023-10-25,41178,10882.0,26.99,66.95,0.0,Wednesday,0,0,10,566.74,2023-10-25,658.9,538.55,560.5642857142857,552.6064285714285,True,False,False,False,True,False,False
2023-10-26,41544,10844.0,25.58,64.7,3.53,Thursday,0,0,10,537.03,2023-10-26,566.74,511.75,564.5914285714285,552.9414285714286,True,False,False,False,True,False,False
2023-10-27,41222,10856.0,24.38,70.29,0.0,Friday,0,0,10,537.93,2023-10-27,537.03,494.95,568.2028571428572,552.3292857142857,True,False,False,False,True,False,False
2023-10-28,41652,10845.0,21.27,63.94,0.0,Saturday,1,0,10,560.63,2023-10-28,537.93,590.52,574.3428571428572,551.2528571428571,True,False,False,False,True,False,False
2023-10-29,41602,10911.0,27.41,66.45,2.72,Sunday,1,0,10,577.5,2023-10-29,560.63,592.21,570.0728571428572,548.85,True,False,False,False,True,False,False
2023-10-30,41344,10835.0,23.22,69.73,0.0,Monday,0,0,10,528.86,2023-10-30,577.5,537.07,567.9714285714286,550.9035714285714,True,False,False,False,True,False,False
2023-10-31,41796,10836.0,23.87,54.02,1.17,Tuesday,0,0,10,517.48,2023-10-31,528.86,658.9,566.7985714285713,554.2242857142858,True,False,False,False,True,False,False
2023-11-01,41494,10810.0,21.62,66.85,0.0,Wednesday,0,0,11,546.05,2023-11-01,517.48,566.74,546.5957142857143,553.58,True,False,False,False,True,False,False
2023-11-02,41168,10930.0,23.68,63.9,8.4,Thursday,0,0,11,506.9,2023-11-02,546.05,537.03,543.64,554.1157142857143,True,False,False,False,True,False,False
2023-11-03,41634,10862.0,21.95,69.97,10.34,Friday,0,0,11,516.58,2023-11-03,506.9,537.93,539.3357142857142,553.7692857142857,True,False,False,False,True,False,False
2023-11-04,41291,10849.0,21.67,73.84,0.0,Saturday,1,0,11,558.91,2023-11-04,516.58,560.63,536.2857142857143,555.3142857142857,True,False,False,False,True,False,False
2023-11-05,41082,10914.0,22.14,68.36,0.0,Sunday,1,0,11,556.53,2023-11-05,558.91,577.5,536.04,553.0564285714285,True,False,False,False,True,False,False
2023-11-06,41726,10896.0,24.16,62.23,24.48,Monday,0,0,11,534.4,2023-11-06,556.53,528.86,533.0442857142856,550.5078571428572,True,False,False,False,True,False,False
2023-11-07,41359,10865.0,19.85,79.09,13.43,Tuesday,0,0,11,518.01,2023-11-07,534.4,517.48,533.8357142857143,550.3171428571428,True,False,False,False,True,False,False
2023-11-08,41637,10891.0,23.21,64.79,0.0,Wednesday,0,0,11,548.84,2023-11-08,518.01,546.05,533.9114285714286,540.2535714285715,True,False,False,False,True,False,False
2023-11-09,41211,10859.0,22.65,78.87,0.0,Thursday,0,0,11,587.06,2023-11-09,548.84,506.9,534.3100000000001,538.975,True,False,False,False,True,False,False
2023-11-10,41380,10828.0,23.58,68.75,0.0,Friday,0,0,11,508.31,2023-11-10,587.06,516.58,545.7614285714286,542.5485714285713,True,False,False,False,True,False,False
2023-11-11,41505,13308.5,23.86,74.08,30.59,Saturday,1,0,11,524.99,2023-11-11,508.31,558.91,544.58,540.4328571428572,True,False,False,False,True,False,False
2023-11-12,41312,10786.0,21.07,62.85,30.44,Sunday,1,0,11,507.23,2023-11-12,524.99,556.53,539.7342857142856,537.8871428571429,True,False,False,False,True,False,False
2023-11-13,41131,10946.0,19.98,58.38,28.96,Monday,0,0,11,518.42,2023-11-13,507.23,534.4,532.6914285714286,532.8678571428571,True,False,False,False,True,False,False
2023-11-14,41310,10805.0,21.35,72.65,10.15,Tuesday,0,0,11,505.54,2023-11-14,518.42,518.01,530.4085714285715,532.1221428571428,True,False,False,False,True,False,False
2023-11-15,41757,10944.0,21.22,71.01,16.73,Wednesday,0,0,11,492.68,2023-11-15,505.54,548.84,528.6271428571429,531.2692857142857,True,False,False,False,True,False,False
2023-11-16,41433,10897.0,24.45,78.33,17.1,Thursday,0,0,11,516.39,2023-11-16,492.68,587.06,520.6042857142858,527.4571428571428,True,False,False,False,True,False,False
2023-11-17,41467,10886.0,19.33,68.13,4.65,Friday,0,0,11,537.88,2023-11-17,516.39,508.31,510.5085714285715,528.135,True,False,False,False,True,False,False
2023-11-18,41086,10859.0,24.14,67.46,8.85,Saturday,1,0,11,578.11,2023-11-18,537.88,524.99,514.7328571428571,529.6564285714286,True,False,False,False,True,False,False
2023-11-19,41308,10849.0,24.82,72.26,0.0,Sunday,1,0,11,598.09,2023-11-19,578.11,507.23,522.3214285714286,531.0278571428572,True,False,False,False,True,False,False
2023-11-20,41655,10931.0,19.06,73.48,0.0,Monday,0,0,11,587.86,2023-11-20,598.09,518.42,535.3014285714286,533.9964285714285,True,False,False,False,True,False,False
2023-11-21,41661,10880.0,27.26,66.91,0.0,Tuesday,0,0,11,516.2,2023-11-21,587.86,505.54,545.2214285714286,537.8149999999999,True,False,False,False,True,False,False
2023-11-22,41544,10888.0,19.71,69.54,0.0,Wednesday,0,0,11,540.54,2023-11-22,516.2,492.68,546.7442857142858,537.6857142857143,True,False,False,False,True,False,False
2023-11-23,41373,10831.0,19.61,71.15,25.67,Thursday,0,0,11,501.68,2023-11-23,540.54,516.39,553.5814285714285,537.092857142857,True,False,False,False,True,False,False
2023-11-24,40942,10896.0,18.53,70.5,0.0,Friday,0,0,11,542.52,2023-11-24,501.68,537.88,551.48,530.9942857142858,True,False,False,False,True,False,False
2023-11-25,41409,10863.0,18.71,81.24,0.0,Saturday,1,0,11,560.62,2023-11-25,542.52,578.11,552.1428571428571,533.4378571428572,True,False,False,False,True,False,False
2023-11-26,41230,10935.0,21.2,54.2,0.0,Sunday,1,0,11,565.35,2023-11-26,560.62,598.09,549.6442857142857,535.9828571428571,True,False,False,False,True,False,False
2023-11-27,41581,10898.0,22.03,67.12,0.0,Monday,0,0,11,548.99,2023-11-27,565.35,587.86,544.9671428571429,540.1342857142857,True,False,False,False,True,False,False
2023-11-28,41148,10856.0,22.93,66.54,7.42,Tuesday,0,0,11,505.04,2023-11-28,548.99,516.2,539.4142857142857,542.3178571428572,True,False,False,False,True,False,False
2023-11-29,41368,10890.0,22.77,78.1,0.0,Wednesday,0,0,11,563.16,2023-11-29,505.04,540.54,537.82,542.282142857143,True,False,False,False,True,False,False
2023-11-30,41156,10883.0,21.58,73.55,0.0,Thursday,0,0,11,539.12,2023-11-30,563.16,501.68,541.0514285714286,547.3164285714286,True,False,False,False,True,False,False
2023-12-01,41628,10913.0,20.3,65.84,5.51,Friday,0,0,12,548.08,2023-12-01,539.12,542.52,546.4,548.9399999999999,True,False,False,False,False,False,True
2023-12-02,41188,10891.0,18.53,72.98,0.0,Saturday,1,0,12,548.46,2023-12-02,548.08,560.62,547.1942857142857,549.6685714285715,True,False,False,False,False,False,True
2023-12-03,41413,10853.0,19.81,72.57,1.65,Sunday,1,0,12,550.26,2023-12-03,548.46,565.35,545.4571428571428,547.5507142857143,True,False,False,False,False,False,True
2023-12-04,41229,10941.0,17.5,69.86,0.0,Monday,0,0,12,553.99,2023-12-04,550.26,548.99,543.3014285714286,544.1342857142857,True,False,False,False,False,False,True
2023-12-05,41277,10898.0,23.62,65.87,0.0,Tuesday,0,0,12,529.38,2023-12-05,553.99,505.04,544.0157142857142,541.715,True,False,False,False,False,False,True
2023-12-06,40966,10867.0,18.38,76.25,0.0,Wednesday,0,0,12,550.03,2023-12-06,529.38,563.16,547.4928571428571,542.6564285714286,True,False,False,False,False,False,True
2023-12-07,41335,10888.0,17.77,69.03,0.0,Thursday,0,0,12,561.28,2023-12-07,550.03,539.12,545.6171428571429,543.3342857142857,True,False,False,False,False,False,True
2023-12-08,42119,10852.0,22.48,61.37,0.0,Friday,0,0,12,547.59,2023-12-08,561.28,548.08,548.7828571428571,547.5914285714287,True,False,False,False,False,False,True
2023-12-09,41593,10864.0,20.78,73.9,5.14,Saturday,1,0,12,569.06,2023-12-09,547.59,548.46,548.7128571428572,547.9535714285714,True,False,False,False,False,False,True
2023-12-10,41267,10873.0,18.36,72.54,8.11,Sunday,1,0,12,561.03,2023-12-10,569.06,550.26,551.6557142857142,548.5564285714286,True,False,False,False,False,False,True
2023-12-11,41129,10900.0,14.03,69.82,0.0,Monday,0,0,12,539.48,2023-12-11,561.03,553.99,553.1942857142857,548.2478571428571,True,False,False,False,False,False,True
2023-12-12,41213,10865.0,19.97,67.19,0.0,Tuesday,0,0,12,544.24,2023-12-12,539.48,529.38,551.1214285714286,547.5685714285714,True,False,False,False,False,False,True
2023-12-13,41217,10850.0,17.74,71.47,0.0,Wednesday,0,0,12,514.55,2023-12-13,544.24,550.03,553.2442857142858,550.3685714285714,True,False,False,False,False,False,True
2023-12-14,41516,10920.0,20.64,73.05,0.0,Thursday,0,0,12,541.47,2023-12-14,514.55,561.28,548.1757142857142,546.8964285714286,True,False,False,False,False,False,True
2023-12-15,40942,10947.0,23.56,63.92,7.76,Friday,0,0,12,523.02,2023-12-15,541.47,547.59,545.3457142857143,547.0642857142857,True,False,False,False,False,False,True
2023-12-16,41869,10897.0,27.26,68.71,2.04,Saturday,1,0,12,565.42,2023-12-16,523.02,569.06,541.8357142857143,545.2742857142857,True,False,False,False,False,False,True
2023-12-17,41252,10874.0,19.4,67.66,0.0,Sunday,1,0,12,525.97,2023-12-17,565.42,561.03,541.3157142857143,546.4857142857143,True,False,False,False,False,False,True
2023-12-18,41254,10838.0,20.13,68.62,0.69,Monday,0,0,12,517.22,2023-12-18,525.97,539.48,536.3071428571428,544.7507142857143,True,False,False,False,False,False,True
2023-12-19,41127,10873.0,22.31,71.77,0.0,Tuesday,0,0,12,556.89,2023-12-19,517.22,544.24,533.1271428571429,542.1242857142857,True,False,False,False,False,False,True
2023-12-20,40885,10876.0,19.55,76.47,12.68,Wednesday,0,0,12,547.01,2023-12-20,556.89,514.55,534.9342857142857,544.0892857142857,True,False,False,False,False,False,True
2023-12-21,41442,10916.0,16.59,63.61,18.48,Thursday,0,0,12,536.08,2023-12-21,547.01,541.47,539.5714285714286,543.8735714285715,True,False,False,False,False,False,True
2023-12-22,41191,10883.0,22.89,77.32,0.0,Friday,0,0,12,559.41,2023-12-22,536.08,523.02,538.8014285714286,542.0735714285714,True,False,False,False,False,False,True
2023-12-23,41269,10874.0,19.75,65.37,0.0,Saturday,1,0,12,539.86,2023-12-23,559.41,565.42,544.0,542.9178571428572,True,False,False,False,False,False,True
2023-12-24,41470,10938.0,16.76,81.12,0.0,Sunday,1,0,12,541.43,2023-12-24,539.86,525.97,540.3485714285714,540.8321428571428,True,False,False,False,False,False,True
2023-12-25,41662,10896.0,19.54,66.39,0.0,Monday,0,1,12,590.94,2023-12-25,541.43,517.22,542.5571428571428,539.4321428571428,True,False,False,False,False,False,True
2023-12-26,41674,10902.0,14.75,66.29,0.0,Tuesday,0,0,12,537.2,2023-12-26,590.94,556.89,553.0885714285714,543.1078571428571,True,False,False,False,False,False,True
2023-12-27,41061,10922.0,20.96,72.22,0.0,Wednesday,0,0,12,551.85,2023-12-27,537.2,547.01,550.2757142857143,542.605,True,False,False,False,False,False,True
2023-12-28,41305,10801.0,16.93,69.92,1.32,Thursday,0,0,12,541.46,2023-12-28,551.85,536.08,550.9671428571429,545.2692857142857,True,False,False,False,False,False,True
2023-12-29,41389,10914.0,27.26,67.86,0.0,Friday,0,0,12,532.26,2023-12-29,541.46,559.41,551.7357142857143,545.2685714285714,True,False,False,False,False,False,True
2023-12-30,40938,10921.0,20.18,68.99,0.0,Saturday,1,0,12,545.5,2023-12-30,532.26,539.86,547.8571428571429,545.9285714285714,True,False,False,False,False,False,True
2023-12-31,41289,10899.0,18.37,70.74,11.14,Sunday,1,0,12,553.6,2023-12-31,545.5,541.43,548.6628571428571,544.5057142857142,True,False,False,False,False,False,True
2024-01-01,41256,10909.0,27.26,68.83,4.13,Monday,0,1,1,550.06,2024-01-01,553.6,590.94,550.4014285714286,546.4792857142858,True,False,False,False,False,False,True
2024-01-02,41520,10872.0,17.75,61.31,0.0,Tuesday,0,0,1,562.58,2024-01-02,550.06,537.2,544.5614285714286,548.825,True,False,False,False,False,False,True
2024-01-03,41368,10839.0,19.74,64.53,0.0,Wednesday,0,0,1,541.05,2024-01-03,562.58,551.85,548.1871428571429,549.2314285714285,True,False,False,False,False,False,True
2024-01-04,41180,10858.0,17.61,76.64,0.0,Thursday,0,0,1,509.16,2024-01-04,541.05,541.46,546.6442857142857,548.8057142857143,True,False,False,False,False,False,True
2024-01-05,41574,10864.0,23.27,64.4,0.0,Friday,0,0,1,583.6,2024-01-05,509.16,532.26,542.03,546.8828571428571,True,False,False,False,False,False,True
2024-01-06,41003,10858.0,22.65,64.94,0.0,Saturday,1,0,1,571.62,2024-01-06,583.6,545.5,549.3642857142858,548.6107142857143,True,False,False,False,False,False,True
2024-01-07,41001,10870.0,18.59,71.91,0.0,Sunday,1,0,1,580.89,2024-01-07,571.62,553.6,553.0957142857143,550.8792857142857,True,False,False,False,False,False,True
2024-01-08,41116,10898.0,18.32,76.3,0.0,Monday,0,0,1,557.1,2024-01-08,580.89,550.06,556.9942857142858,553.6978571428572,True,False,False,False,False,False,True
2024-01-09,41465,10889.0,17.11,66.14,0.0,Tuesday,0,0,1,554.89,2024-01-09,557.1,562.58,558.0000000000001,551.2807142857142,True,False,False,False,False,False,True
2024-01-10,41438,10873.0,18.72,65.0,0.0,Wednesday,0,0,1,514.42,2024-01-10,554.89,541.05,556.9014285714286,552.5442857142857,True,False,False,False,False,False,True
2024-01-11,41381,10948.0,21.62,65.19,0.0,Thursday,0,0,1,535.16,2024-01-11,514.42,509.16,553.0971428571429,549.8707142857144,True,False,False,False,False,False,True
2024-01-12,41474,10862.0,21.95,66.7,0.0,Friday,0,0,1,522.57,2024-01-12,535.16,583.6,556.8114285714286,549.4207142857143,True,False,False,False,False,False,True
2024-01-13,41250,10933.0,27.26,76.16,0.0,Saturday,1,0,1,574.2,2024-01-13,522.57,571.62,548.0928571428572,548.7285714285714,True,False,False,False,False,False,True
2024-01-14,41552,10910.0,16.07,67.01,2.88,Sunday,1,1,1,609.93,2024-01-14,574.2,580.89,548.4614285714285,550.7785714285715,True,False,False,False,False,False,True
2024-01-15,40856,10874.0,24.86,63.65,0.0,Monday,0,0,1,549.21,2024-01-15,609.93,557.1,552.61,554.8021428571428,True,False,False,False,False,False,True
2024-01-16,41295,10872.0,23.59,71.43,0.0,Tuesday,0,0,1,540.45,2024-01-16,549.21,554.89,551.4828571428571,554.7414285714286,True,False,False,False,False,False,True
2024-01-17,41361,10840.0,17.25,65.81,0.0,Wednesday,0,0,1,511.31,2024-01-17,540.45,514.42,549.42,553.1607142857143,True,False,False,False,False,False,True
2024-01-18,41128,10878.0,24.26,66.9,0.0,Thursday,0,0,1,577.36,2024-01-18,511.31,535.16,548.9757142857143,551.0364285714286,True,False,False,False,False,False,True
2024-01-19,41459,10904.0,21.18,83.45,3.56,Friday,0,0,1,537.77,2024-01-19,577.36,522.57,555.0042857142857,555.9078571428572,True,False,False,False,False,False,True
2024-01-20,41016,10856.0,21.68,74.38,0.0,Saturday,1,0,1,594.05,2024-01-20,537.77,574.2,557.1757142857143,552.6342857142857,True,False,False,False,False,False,True
2024-01-21,41404,10877.0,22.68,74.07,0.0,Sunday,1,0,1,579.11,2024-01-21,594.05,609.93,560.0114285714286,554.2364285714286,True,False,False,False,False,False,True
2024-01-22,41356,10898.0,22.09,68.72,0.0,Monday,0,0,1,667.88,2024-01-22,579.11,549.21,555.6085714285714,554.1092857142856,True,False,False,False,False,False,True
2024-01-23,41559,10875.0,22.64,70.5,0.0,Tuesday,0,0,1,551.25,2024-01-23,667.88,540.45,572.5614285714286,562.0221428571429,True,False,False,False,False,False,True
2024-01-24,41338,10898.0,19.48,73.26,25.47,Wednesday,0,0,1,510.97,2024-01-24,551.25,511.31,574.1042857142858,561.7621428571429,True,False,False,False,False,False,True
2024-01-25,41166,10934.0,23.49,74.87,6.67,Thursday,0,0,1,565.48,2024-01-25,510.97,577.36,574.0557142857143,561.5157142857144,True,False,False,False,False,False,True
2024-01-26,41698,10916.0,19.61,79.74,0.0,Friday,0,1,1,557.41,2024-01-26,565.48,537.77,572.3585714285715,563.6814285714286,True,False,False,False,False,False,True
2024-01-27,41738,10960.0,23.49,75.18,0.0,Saturday,1,0,1,600.27,2024-01-27,557.41,594.05,575.1642857142857,566.17,True,False,False,False,False,False,True
2024-01-28,41502,13308.5,20.06,73.78,0.0,Sunday,1,0,1,570.43,2024-01-28,600.27,579.11,576.0528571428572,568.0321428571428,True,False,False,False,False,False,True
2024-01-29,41487,10874.0,18.98,76.35,0.0,Monday,0,0,1,544.62,2024-01-29,570.43,667.88,574.8128571428572,565.2107142857143,True,False,False,False,False,False,True
2024-01-30,41216,10942.0,23.4,67.42,0.0,Tuesday,0,0,1,560.74,2024-01-30,544.62,551.25,557.2042857142857,564.8828571428572,True,False,False,False,False,False,True
2024-01-31,41417,10901.0,22.2,72.96,0.0,Wednesday,0,0,1,570.25,2024-01-31,560.74,510.97,558.5600000000001,566.3321428571428,True,False,False,False,False,False,True
2024-02-01,42009,10888.0,22.26,71.96,10.33,Thursday,0,0,2,538.21,2024-02-01,570.25,565.48,567.0285714285714,570.5421428571428,True,False,False,False,False,False,True
2024-02-02,40959,10959.0,23.52,71.76,0.0,Friday,0,0,2,562.86,2024-02-02,538.21,557.41,563.1328571428572,567.7457142857143,True,False,False,False,False,False,True
2024-02-03,42410,10940.0,24.09,70.93,0.0,Saturday,1,0,2,621.1,2024-02-03,562.86,600.27,563.9114285714286,569.5378571428571,True,False,False,False,False,False,True
2024-02-04,41071,10854.0,24.06,68.04,0.0,Sunday,1,0,2,595.01,2024-02-04,621.1,570.43,566.8871428571429,571.47,True,False,False,False,False,False,True
2024-02-05,41207,10877.0,19.38,67.91,0.0,Monday,0,0,2,573.68,2024-02-05,595.01,544.62,570.3985714285715,572.6057142857143,True,False,False,False,False,False,True
2024-02-06,41052,10888.0,25.99,62.55,0.0,Tuesday,0,0,2,585.94,2024-02-06,573.68,560.74,574.5500000000001,565.8771428571429,True,False,False,False,False,False,True
2024-02-07,41450,10884.0,22.5,69.43,0.0,Wednesday,0,0,2,545.02,2024-02-07,585.94,570.25,578.15,568.355,True,False,False,False,False,False,True
2024-02-08,41644,10863.0,21.86,68.19,0.0,Thursday,0,0,2,530.93,2024-02-08,545.02,538.21,574.5457142857142,570.7871428571428,True,False,False,False,False,False,True
2024-02-09,41289,10849.0,22.91,74.66,0.0,Friday,0,0,2,568.44,2024-02-09,530.93,562.86,573.5057142857142,568.3192857142857,True,False,False,False,False,False,True
2024-02-10,41558,10905.0,23.5,78.26,0.0,Saturday,1,0,2,536.14,2024-02-10,568.44,621.1,574.3028571428572,569.1071428571429,True,False,False,False,False,False,True
2024-02-11,41502,10901.0,20.31,62.91,0.0,Sunday,1,0,2,558.92,2024-02-11,536.14,595.01,562.1657142857142,564.5264285714286,True,False,False,False,False,False,True
2024-02-12,41278,10878.0,21.32,70.87,0.0,Monday,0,0,2,571.0,2024-02-12,558.92,573.68,557.01,563.7042857142858,True,False,False,False,False,False,True
2024-02-13,41364,10864.0,21.48,67.51,0.0,Tuesday,0,0,2,540.04,2024-02-13,571.0,585.94,556.6271428571429,565.5885714285714,True,False,False,False,False,False,True
2024-02-14,41407,10890.0,25.18,66.27,0.0,Wednesday,0,0,2,597.62,2024-02-14,540.04,545.02,550.0699999999999,564.11,True,False,False,False,False,False,True
2024-02-15,41736,10896.0,23.04,69.02,0.0,Thursday,0,0,2,556.87,2024-02-15,597.62,530.93,557.5842857142858,566.0649999999999,True,False,False,False,False,False,True
2024-02-16,41436,10900.0,20.69,70.15,6.08,Friday,0,0,2,562.9,2024-02-16,556.87,568.44,561.29,567.3978571428571,True,False,False,False,False,False,True
2024-02-17,41529,10952.0,24.63,73.69,5.23,Saturday,1,0,2,608.85,2024-02-17,562.9,536.14,560.4985714285714,567.4007142857143,True,False,False,False,False,False,True
2024-02-18,41442,10893.0,22.25,77.24,0.0,Sunday,1,0,2,605.17,2024-02-18,608.85,558.92,570.8857142857142,566.5257142857142,True,False,False,False,False,False,True
2024-02-19,40993,10873.0,22.22,71.97,0.0,Monday,0,0,2,568.12,2024-02-19,605.17,571.0,577.4928571428571,567.2514285714285,True,False,False,False,False,False,True
2024-02-20,41970,10905.0,24.65,65.35,0.0,Tuesday,0,0,2,618.79,2024-02-20,568.12,540.04,577.0814285714285,566.8542857142858,True,False,False,False,False,False,True
2024-02-21,41459,10860.0,22.95,65.63,0.0,Wednesday,0,0,2,572.39,2024-02-21,618.79,597.62,588.3314285714285,569.2007142857143,True,False,False,False,False,False,True
2024-02-22,41311,10900.0,21.15,77.2,8.38,Thursday,0,0,2,554.0,2024-02-22,572.39,556.87,584.7271428571429,571.1557142857143,True,False,False,False,False,False,True
2024-02-23,42010,10929.0,26.15,75.97,0.0,Friday,0,0,2,618.74,2024-02-23,554.0,562.9,584.3171428571429,572.8035714285714,True,False,False,False,False,False,True
2024-02-24,41428,10916.0,20.44,71.41,0.0,Saturday,1,0,2,552.33,2024-02-24,618.74,608.85,592.2942857142856,576.3964285714286,True,False,False,False,False,False,True
2024-02-25,41115,10903.0,24.47,69.05,0.0,Sunday,1,0,2,618.39,2024-02-25,552.33,605.17,584.22,577.5528571428571,True,False,False,False,False,False,True
2024-02-26,41504,10862.0,23.95,73.86,0.0,Monday,0,0,2,559.19,2024-02-26,618.39,568.12,586.1085714285715,581.8007142857143,True,False,False,False,False,False,True
2024-02-27,41148,10881.0,21.62,68.73,0.0,Tuesday,0,0,2,552.54,2024-02-27,559.19,618.79,584.8328571428572,580.9571428571428,True,False,False,False,False,False,True
2024-02-28,41341,10941.0,23.3,65.79,0.0,Wednesday,0,0,2,554.21,2024-02-28,552.54,572.39,575.3685714285714,581.85,True,False,False,False,False,False,True
2024-02-29,41363,10906.0,27.19,73.58,0.0,Thursday,0,0,2,602.26,2024-02-29,554.21,554.0,572.7714285714285,578.7492857142857,True,False,False,False,False,False,True
2024-03-01,41282,10916.0,21.3,76.88,0.0,Friday,0,0,3,558.6,2024-03-01,602.26,618.74,579.6657142857142,581.9914285714286,True,False,False,False,False,True,False
2024-03-02,40973,10894.0,23.9,61.77,0.0,Saturday,1,0,3,631.51,2024-03-02,558.6,552.33,571.0742857142857,581.6842857142857,True,False,False,False,False,True,False
2024-03-03,41323,10921.0,24.94,62.51,0.0,Sunday,1,0,3,603.45,2024-03-03,631.51,618.39,582.3857142857144,583.3028571428571,True,False,False,False,False,True,False
2024-03-04,41403,10913.0,22.05,72.55,0.0,Monday,0,0,3,630.2,2024-03-04,603.45,559.19,580.2514285714286,583.1800000000001,True,False,False,False,False,True,False
2024-03-05,41482,11005.0,25.6,67.29,0.0,Tuesday,0,0,3,846.34,2024-03-05,630.2,552.54,590.3957142857142,587.6142857142858,True,False,False,False,False,True,False
2024-03-06,41509,10889.0,24.95,60.8,0.0,Wednesday,0,0,3,581.8,2024-03-06,846.34,554.21,632.3671428571428,603.8678571428571,True,False,False,False,False,True,False
2024-03-07,41717,10889.0,26.12,71.6,0.0,Thursday,0,0,3,546.09,2024-03-07,581.8,602.26,636.3085714285714,604.54,True,False,False,False,False,True,False
2024-03-08,41379,10895.0,25.35,59.69,2.5,Friday,0,0,3,588.72,2024-03-08,546.09,558.6,628.2842857142857,603.975,True,False,False,False,False,True,False
2024-03-09,41200,10958.0,27.58,64.59,2.25,Saturday,1,0,3,602.08,2024-03-09,588.72,631.51,632.5871428571429,601.8307142857144,True,False,False,False,False,True,False
2024-03-10,41236,10875.0,26.27,63.9,0.0,Sunday,1,0,3,633.22,2024-03-10,602.08,603.45,628.3828571428572,605.3842857142857,True,False,False,False,False,True,False
2024-03-11,41437,10914.0,22.53,70.97,0.0,Monday,0,0,3,598.45,2024-03-11,633.22,630.2,632.6357142857144,606.4435714285713,True,False,False,False,False,True,False
2024-03-12,41358,10944.0,25.45,68.93,0.0,Tuesday,0,0,3,601.78,2024-03-12,598.45,846.34,628.1,609.2478571428572,True,False,False,False,False,True,False
2024-03-13,41821,10978.0,27.91,74.3,0.0,Wednesday,0,0,3,572.82,2024-03-13,601.78,581.8,593.1628571428571,612.7650000000001,True,False,False,False,False,True,False
2024-03-14,41420,10901.0,22.99,74.56,12.31,Thursday,0,0,3,564.78,2024-03-14,572.82,546.09,591.88,614.0942857142857,True,False,False,False,False,True,False
2024-03-15,41323,10892.0,28.61,72.14,0.0,Friday,0,0,3,595.08,2024-03-15,564.78,588.72,594.5500000000001,611.4171428571428,True,False,False,False,False,True,False
2024-03-16,41429,10947.0,24.91,73.39,0.0,Saturday,1,0,3,660.9,2024-03-16,595.08,602.08,595.4585714285714,614.0228571428571,True,False,False,False,False,True,False
2024-03-17,41389,10929.0,25.96,58.49,0.0,Sunday,1,0,3,608.47,2024-03-17,660.9,633.22,603.8614285714286,616.1221428571429,True,False,False,False,False,True,False
2024-03-18,41395,10837.0,26.06,68.64,0.0,Monday,0,0,3,580.09,2024-03-18,608.47,598.45,600.3257142857143,616.4807142857143,True,False,False,False,False,True,False
2024-03-19,41219,10910.0,27.0,62.5,0.0,Tuesday,0,0,3,601.27,2024-03-19,580.09,601.78,597.7028571428572,612.9014285714286,True,False,False,False,False,True,False
2024-03-20,42021,10905.0,26.44,65.14,0.0,Wednesday,0,0,3,607.83,2024-03-20,601.27,572.82,597.63,595.3964285714285,True,False,False,False,False,True,False
2024-03-21,41275,10891.0,25.15,59.08,0.0,Thursday,0,0,3,606.27,2024-03-21,607.83,564.78,602.6314285714286,597.2557142857142,True,False,False,False,False,True,False
2024-03-22,41808,10936.0,28.29,75.83,10.81,Friday,0,0,3,617.23,2024-03-22,606.27,595.08,608.5585714285714,601.5542857142857,True,False,False,False,False,True,False
2024-03-23,41256,10931.0,25.73,66.91,0.0,Saturday,1,0,3,609.16,2024-03-23,617.23,660.9,611.7228571428572,603.5907142857143,True,False,False,False,False,True,False
2024-03-24,41047,10916.0,26.56,66.91,0.0,Sunday,1,0,3,602.58,2024-03-24,609.16,608.47,604.3314285714285,604.0964285714286,True,False,False,False,False,True,False
2024-03-25,41747,10898.0,26.02,69.12,0.0,Monday,0,0,3,604.89,2024-03-25,602.58,580.09,603.49,601.9078571428572,True,False,False,False,False,True,False
2024-03-26,41461,10919.0,28.39,68.5,0.0,Tuesday,0,0,3,602.46,2024-03-26,604.89,601.27,607.0328571428571,602.3678571428571,True,False,False,False,False,True,False
2024-03-27,41386,10938.0,24.27,59.33,0.0,Wednesday,0,0,3,618.95,2024-03-27,602.46,607.83,607.2028571428572,602.4164285714286,True,False,False,False,False,True,False
2024-03-28,41448,10897.0,27.44,68.33,0.0,Thursday,0,0,3,573.59,2024-03-28,618.95,606.27,608.7914285714286,605.7114285714285,True,False,False,False,False,True,False
2024-03-29,41388,10872.0,29.66,63.72,0.0,Friday,0,0,3,609.12,2024-03-29,573.59,617.23,604.1228571428571,606.3407142857143,True,False,False,False,False,True,False
2024-03-30,41634,10879.0,25.4,66.17,0.0,Saturday,1,0,3,582.7,2024-03-30,609.12,609.16,602.9642857142857,607.3435714285715,True,False,False,False,False,True,False
2024-03-31,41471,10886.0,25.41,72.54,0.0,Sunday,1,0,3,634.07,2024-03-31,582.7,602.58,599.1842857142857,601.7578571428572,True,False,False,False,False,True,False
2024-04-01,41501,10905.0,23.12,63.06,0.0,Monday,0,0,4,592.01,2024-04-01,634.07,604.89,603.6828571428572,603.5864285714287,True,False,False,False,False,True,False
2024-04-02,41414,10873.0,29.02,65.99,0.0,Tuesday,0,0,4,626.25,2024-04-02,592.01,602.46,601.842857142857,604.4378571428572,True,False,False,False,False,True,False
2024-04-03,41644,10901.0,34.32,57.61,0.0,Wednesday,0,0,4,643.68,2024-04-03,626.25,618.95,605.2414285714285,606.2221428571429,True,False,False,False,False,True,False
2024-04-04,41552,10937.0,24.62,76.02,0.0,Thursday,0,0,4,617.36,2024-04-04,643.68,573.59,608.7742857142857,608.7828571428571,True,False,False,False,False,True,False
2024-04-05,41495,10894.0,30.05,67.21,0.0,Friday,0,0,4,585.91,2024-04-05,617.36,609.12,615.0271428571428,609.575,True,False,False,False,False,True,False
2024-04-06,41386,10931.0,31.0,65.95,11.21,Saturday,1,0,4,653.2,2024-04-06,585.91,582.7,611.7114285714285,607.3378571428572,True,False,False,False,False,True,False
2024-04-07,41502,10810.0,29.26,70.64,0.0,Sunday,1,0,4,612.03,2024-04-07,653.2,634.07,621.7828571428572,610.4835714285715,True,False,False,False,False,True,False
2024-04-08,41571,10874.0,31.62,64.64,0.0,Monday,0,0,4,637.07,2024-04-08,612.03,592.01,618.6342857142857,611.1585714285715,True,False,False,False,False,True,False
2024-04-09,41296,10894.0,33.65,60.58,0.0,Tuesday,0,0,4,608.62,2024-04-09,637.07,626.25,625.0714285714286,613.4571428571428,True,False,False,False,False,True,False
2024-04-10,41631,10994.0,32.29,65.56,0.0,Wednesday,0,0,4,657.46,2024-04-10,608.62,643.68,622.5528571428571,613.8971428571429,True,False,False,False,False,True,False
2024-04-11,41272,10900.0,27.08,64.64,17.79,Thursday,0,0,4,546.35,2024-04-11,657.46,617.36,624.5214285714285,616.6478571428571,True,False,False,False,False,True,False
2024-04-12,41490,10918.0,28.59,63.95,0.0,Friday,0,0,4,634.06,2024-04-12,546.35,585.91,614.3771428571429,614.7021428571428,True,False,False,False,False,True,False
2024-04-13,41460,10949.0,28.26,66.36,0.0,Saturday,1,0,4,597.61,2024-04-13,634.06,653.2,621.2557142857142,616.4835714285715,True,False,False,False,False,True,False
2024-04-14,41447,10935.0,27.54,66.8,0.0,Sunday,1,0,4,668.24,2024-04-14,597.61,612.03,613.3142857142858,617.5485714285714,True,False,False,False,False,True,False
2024-04-15,41146,10932.0,29.06,67.49,0.0,Monday,0,0,4,570.68,2024-04-15,668.24,637.07,621.3442857142857,619.9892857142858,True,False,False,False,False,True,False
2024-04-16,41622,10926.0,30.94,66.31,0.0,Tuesday,0,0,4,624.83,2024-04-16,570.68,608.62,611.8599999999999,618.4657142857143,True,False,False,False,False,True,False
2024-04-17,41463,10977.0,30.53,65.63,0.0,Wednesday,0,0,4,610.17,2024-04-17,624.83,657.46,614.1757142857142,618.3642857142858,True,False,False,False,False,True,False
2024-04-18,41495,10899.0,30.06,61.67,16.06,Thursday,0,0,4,543.28,2024-04-18,610.17,546.35,607.42,615.9707142857143,True,False,False,False,False,True,False
2024-04-19,41474,10882.0,32.0,57.76,0.0,Friday,0,0,4,613.5,2024-04-19,543.28,634.06,606.9814285714285,610.6792857142857,True,False,False,False,False,True,False
2024-04-20,41489,10903.0,29.44,62.21,0.0,Saturday,1,0,4,617.42,2024-04-20,613.5,597.61,604.0442857142858,612.65,True,False,False,False,False,True,False
2024-04-21,41764,10909.0,29.2,60.37,0.0,Sunday,1,0,4,599.0,2024-04-21,617.42,668.24,606.8742857142857,610.0942857142857,True,False,False,False,False,True,False
2024-04-22,41301,10899.0,28.56,63.2,0.0,Monday,0,0,4,608.46,2024-04-22,599.0,570.68,596.9828571428571,609.1635714285715,True,False,False,False,False,True,False
2024-04-23,41425,10949.0,27.54,66.73,3.68,Tuesday,0,0,4,585.69,2024-04-23,608.46,624.83,602.38,607.12,True,False,False,False,False,True,False
2024-04-24,41779,10950.0,27.1,59.58,0.0,Wednesday,0,0,4,595.14,2024-04-24,585.69,610.17,596.7885714285715,605.4821428571429,True,False,False,False,False,True,False
2024-04-25,41603,10929.0,29.02,68.55,0.0,Thursday,0,0,4,634.5,2024-04-25,595.14,543.28,594.6414285714285,601.0307142857143,True,False,False,False,False,True,False
2024-04-26,41244,10947.0,35.64,62.02,0.0,Friday,0,0,4,621.82,2024-04-26,634.5,613.5,607.6728571428572,607.3271428571428,True,False,False,False,False,True,False
2024-04-27,41074,10919.0,31.34,74.04,0.0,Saturday,1,0,4,629.73,2024-04-27,621.82,617.42,608.8614285714286,606.4528571428572,True,False,False,False,False,True,False
2024-04-28,41392,10913.0,29.69,61.13,0.0,Sunday,1,0,4,615.69,2024-04-28,629.73,599.0,610.62,608.7471428571428,True,False,False,False,False,True,False
2024-04-29,41483,10892.0,30.49,63.17,0.0,Monday,0,0,4,598.63,2024-04-29,615.69,608.46,613.0042857142859,604.9935714285714,True,False,False,False,False,True,False
2024-04-30,41475,10957.0,31.79,61.79,0.0,Tuesday,0,0,4,573.86,2024-04-30,598.63,585.69,611.6,606.99,True,False,False,False,False,True,False
2024-05-01,41355,10887.0,30.12,63.54,0.0,Wednesday,0,0,5,628.77,2024-05-01,573.86,595.14,609.91,603.3492857142857,True,False,False,False,False,True,False
2024-05-02,41326,10903.0,33.34,64.88,0.0,Thursday,0,0,5,629.43,2024-05-02,628.77,634.5,614.7142857142857,604.6778571428571,True,False,False,False,False,True,False
2024-05-03,41798,10920.0,30.09,64.46,0.0,Friday,0,0,5,598.32,2024-05-03,629.43,621.82,613.99,610.8314285714285,True,False,False,False,False,True,False
2024-05-04,41301,10894.0,33.21,59.83,13.55,Saturday,1,0,5,615.31,2024-05-04,598.32,629.73,610.6328571428572,609.7471428571429,True,False,False,False,False,True,False
2024-05-05,41546,10987.0,31.24,67.76,0.0,Sunday,1,0,5,637.19,2024-05-05,615.31,615.69,608.5728571428572,609.5964285714286,True,False,False,False,False,True,False
2024-05-06,41245,10933.0,31.49,60.46,0.0,Monday,0,0,5,615.1,2024-05-06,637.19,598.63,611.6442857142857,612.3242857142858,True,False,False,False,False,True,False
2024-05-07,41796,10857.0,27.26,66.91,6.04,Tuesday,0,0,5,638.71,2024-05-07,615.1,573.86,613.9971428571428,612.7985714285714,True,False,False,False,False,True,False
2024-05-08,41406,10933.0,32.34,73.25,0.0,Wednesday,0,0,5,624.16,2024-05-08,638.71,628.77,623.2614285714286,616.5857142857142,True,False,False,False,False,True,False
2024-05-09,40873,10909.0,36.0,59.67,24.15,Thursday,0,0,5,592.2,2024-05-09,624.16,629.43,622.602857142857,618.6585714285715,True,False,False,False,False,True,False
2024-05-10,41284,10954.0,32.5,66.36,0.0,Friday,0,0,5,665.16,2024-05-10,592.2,598.32,617.2842857142857,615.6371428571429,True,False,False,False,False,True,False
2024-05-11,41866,10927.0,35.85,56.89,0.0,Saturday,1,0,5,641.11,2024-05-11,665.16,615.31,626.8328571428572,618.7328571428571,True,False,False,False,False,True,False
2024-05-12,41771,10936.0,34.97,60.06,10.4,Sunday,1,0,5,626.45,2024-05-12,641.11,637.19,630.5185714285715,619.5457142857142,True,False,False,False,False,True,False
2024-05-13,41766,10910.0,35.46,63.26,0.0,Monday,0,0,5,637.96,2024-05-13,626.45,615.1,628.9842857142858,620.3142857142857,True,False,False,False,False,True,False
2024-05-14,41559,10991.0,33.18,68.72,0.0,Tuesday,0,0,5,628.94,2024-05-14,637.96,638.71,632.25,623.1235714285714,True,False,False,False,False,True,False
2024-05-15,41605,10950.0,30.04,66.87,0.0,Wednesday,0,0,5,600.49,2024-05-15,628.94,624.16,630.8542857142857,627.0578571428571,True,False,False,False,False,True,False
2024-05-16,41286,10875.0,34.41,56.56,20.05,Thursday,0,0,5,598.67,2024-05-16,600.49,592.2,627.4728571428572,625.0378571428572,True,False,False,False,False,True,False
2024-05-17,41124,10882.0,32.34,58.24,0.0,Friday,0,0,5,603.22,2024-05-17,598.67,665.16,628.397142857143,622.8407142857143,True,False,False,False,False,True,False
2024-05-18,41510,10938.0,33.95,62.16,12.4,Saturday,1,0,5,637.88,2024-05-18,603.22,641.11,619.5485714285714,623.1907142857143,True,False,False,False,False,True,False
2024-05-19,41613,10879.0,32.38,59.12,2.37,Sunday,1,0,5,642.61,2024-05-19,637.88,626.45,619.0871428571429,624.8028571428571,True,False,False,False,False,True,False
2024-05-20,41241,10956.0,34.97,67.03,0.0,Monday,0,0,5,621.56,2024-05-20,642.61,637.96,621.3957142857143,625.1899999999999,True,False,False,False,False,True,False
2024-05-21,41312,10931.0,32.07,62.55,23.94,Tuesday,0,0,5,614.44,2024-05-21,621.56,628.94,619.0528571428571,625.6514285714286,True,False,False,False,False,True,False
2024-05-22,41015,10950.0,31.64,63.54,4.37,Wednesday,0,0,5,598.54,2024-05-22,614.44,600.49,616.9814285714285,623.9178571428572,True,False,False,False,False,True,False
2024-05-23,41498,10969.0,34.6,55.47,0.0,Thursday,0,0,5,628.48,2024-05-23,598.54,598.67,616.7028571428572,622.0878571428572,True,False,False,False,False,True,False
2024-05-24,41677,10925.0,33.7,60.52,0.0,Friday,0,0,5,646.08,2024-05-24,628.48,603.22,620.9614285714287,624.6792857142857,True,False,False,False,False,True,False
2024-05-25,41220,10924.0,31.09,56.55,28.09,Saturday,1,0,5,591.69,2024-05-25,646.08,637.88,627.0842857142858,623.3164285714286,True,False,False,False,False,True,False
2024-05-26,41588,10929.0,32.07,65.62,0.0,Sunday,1,0,5,612.76,2024-05-26,591.69,642.61,620.4857142857143,619.7864285714286,True,False,False,False,False,True,False
2024-05-27,41779,10918.0,31.71,63.99,0.0,Monday,0,0,5,586.65,2024-05-27,612.76,621.56,616.2214285714286,618.8085714285714,True,False,False,False,False,True,False
2024-05-28,41933,10947.0,32.13,65.9,0.0,Tuesday,0,0,5,603.83,2024-05-28,586.65,614.44,611.2342857142858,615.1435714285715,True,False,False,False,False,True,False
2024-05-29,41129,10944.0,37.0,65.93,0.0,Wednesday,0,0,5,604.72,2024-05-29,603.83,598.54,609.7185714285715,613.35,True,False,False,False,False,True,False
2024-05-30,41522,10935.0,31.03,60.82,0.0,Thursday,0,0,5,607.63,2024-05-30,604.72,628.48,610.6014285714285,613.6521428571428,True,False,False,False,False,True,False
2024-05-31,41250,10893.0,31.35,68.22,4.39,Friday,0,0,5,586.86,2024-05-31,607.63,646.08,607.6228571428572,614.2921428571428,True,False,False,False,False,True,False
2024-06-01,42155,10947.0,33.47,60.76,0.0,Saturday,1,0,6,650.83,2024-06-01,586.86,591.69,599.1628571428572,613.1235714285714,True,False,False,False,False,False,False
2024-06-02,41368,10970.0,33.73,67.84,8.84,Sunday,1,0,6,619.61,2024-06-02,650.83,612.76,607.6114285714285,614.0485714285714,True,False,False,False,False,False,False
2024-06-03,41359,10943.0,31.56,68.85,3.08,Monday,0,0,6,621.15,2024-06-03,619.61,586.65,608.59,612.4057142857143,True,False,False,False,False,False,False
2024-06-04,41219,10926.0,38.03,58.68,0.0,Tuesday,0,0,6,633.53,2024-06-04,621.15,603.83,613.5185714285715,612.3764285714286,True,False,False,False,False,False,False
2024-06-05,41528,10913.0,33.07,55.96,19.93,Wednesday,0,0,6,601.52,2024-06-05,633.53,604.72,617.7614285714286,613.74,True,False,False,False,False,False,False
2024-06-06,41474,10907.0,32.84,57.02,11.55,Thursday,0,0,6,602.0,2024-06-06,601.52,607.63,617.3042857142857,613.9528571428572,True,False,False,False,False,False,False
2024-06-07,41130,10922.0,35.47,62.09,8.81,Friday,0,0,6,571.2,2024-06-07,602.0,586.86,616.5,612.0614285714286,True,False,False,False,False,False,False
2024-06-08,41212,10957.0,33.32,63.58,12.59,Saturday,1,0,6,637.39,2024-06-08,571.2,650.83,614.2628571428571,606.7128571428572,True,False,False,False,False,False,False
2024-06-09,41574,10989.0,34.08,69.2,0.0,Sunday,1,0,6,626.92,2024-06-09,637.39,619.61,612.342857142857,609.9771428571429,True,False,False,False,False,False,False
2024-06-10,41618,10929.0,34.74,67.85,0.0,Monday,0,0,6,552.96,2024-06-10,626.92,621.15,613.3871428571429,610.9885714285714,True,False,False,False,False,False,False
2024-06-11,41419,10901.0,31.68,63.21,0.0,Tuesday,0,0,6,588.69,2024-06-11,552.96,633.53,603.6457142857142,608.5821428571428,True,False,False,False,False,False,False
2024-06-12,41627,11001.0,27.26,68.75,11.18,Wednesday,0,0,6,592.15,2024-06-12,588.69,601.52,597.24,607.5007142857143,True,False,False,False,False,False,False
2024-06-13,41709,10969.0,34.09,57.83,2.25,Thursday,0,0,6,618.49,2024-06-13,592.15,602.0,595.9014285714286,606.6028571428571,True,False,False,False,False,False,False
2024-06-14,41557,10945.0,34.48,57.62,14.15,Friday,0,0,6,589.08,2024-06-14,618.49,571.2,598.2571428571429,607.3785714285714,True,False,False,False,False,False,False
2024-06-15,41717,10924.0,36.28,68.84,0.0,Saturday,1,0,6,653.69,2024-06-15,589.08,637.39,600.8114285714286,607.5371428571428,True,False,False,False,False,False,False
2024-06-16,41344,11006.0,35.53,69.87,0.0,Sunday,1,0,6,664.5,2024-06-16,653.69,626.92,603.1400000000001,607.7414285714286,True,False,False,False,False,False,False
2024-06-17,41227,10926.0,29.71,64.89,0.0,Monday,0,0,6,594.2,2024-06-17,664.5,552.96,608.5085714285715,610.9478571428572,True,False,False,False,False,False,False
2024-06-18,41929,10881.0,35.11,67.35,11.85,Tuesday,0,0,6,568.75,2024-06-18,594.2,588.69,614.4,609.0228571428571,True,False,False,False,False,False,False
2024-06-19,41544,10935.0,32.58,60.52,0.0,Wednesday,0,0,6,601.88,2024-06-19,568.75,592.15,611.5514285714286,604.3957142857143,True,False,False,False,False,False,False
2024-06-20,41483,10989.0,32.61,65.44,0.0,Thursday,0,0,6,625.01,2024-06-20,601.88,618.49,612.9414285714286,604.4214285714286,True,False,False,False,False,False,False
2024-06-21,41985,10873.0,44.12,62.76,26.24,Friday,0,0,6,567.0,2024-06-21,625.01,589.08,613.8728571428572,606.0649999999999,True,False,False,False,False,False,False
2024-06-22,41970,10902.0,38.23,63.88,4.4,Saturday,1,0,6,598.01,2024-06-22,567.0,653.69,610.7185714285715,605.765,True,False,False,False,False,False,False
2024-06-23,41439,10895.0,35.48,62.09,0.0,Sunday,1,0,6,631.53,2024-06-23,598.01,664.5,602.7642857142857,602.9521428571428,True,False,False,False,False,False,False
2024-06-24,41524,10909.0,34.23,63.49,8.01,Monday,0,0,6,613.34,2024-06-24,631.53,594.2,598.0542857142857,603.2814285714286,True,False,False,False,False,False,False
2024-06-25,41676,10899.0,32.07,63.46,0.0,Tuesday,0,0,6,608.98,2024-06-25,613.34,568.75,600.7885714285713,607.5942857142857,True,False,False,False,False,False,False
2024-06-26,41893,10924.0,38.42,59.3,8.92,Wednesday,0,0,6,597.66,2024-06-26,608.98,601.88,606.5357142857143,609.0435714285715,True,False,False,False,False,False,False
2024-06-27,41588,10950.0,33.02,61.4,1.61,Thursday,0,0,6,581.89,2024-06-27,597.66,625.01,605.9328571428571,609.4371428571429,True,False,False,False,False,False,False
2024-06-28,41847,10921.0,34.75,63.65,1.84,Friday,0,0,6,609.02,2024-06-28,581.89,567.0,599.7728571428571,606.8228571428572,True,False,False,False,False,False,False
2024-06-29,41305,10935.0,33.7,58.97,0.0,Saturday,1,0,6,621.8,2024-06-29,609.02,598.01,605.7757142857143,608.2471428571428,True,False,False,False,False,False,False
2024-06-30,41322,10923.0,30.11,63.75,0.0,Sunday,1,0,6,636.34,2024-06-30,621.8,631.53,609.1742857142856,605.9692857142857,True,False,False,False,False,False,False
2024-07-01,41527,10943.0,32.2,72.78,0.0,Monday,0,0,7,601.44,2024-07-01,636.34,613.34,609.8614285714285,603.9578571428572,True,False,False,False,False,False,False
2024-07-02,41343,10891.0,32.41,63.47,8.06,Tuesday,0,0,7,565.5,2024-07-02,601.44,608.98,608.1614285714286,604.475,True,False,False,False,False,False,False
2024-07-03,41763,10918.0,30.06,59.98,17.28,Wednesday,0,0,7,600.67,2024-07-03,565.5,597.66,601.9499999999999,604.2428571428571,True,False,False,False,False,False,False
2024-07-04,41506,10935.0,32.61,63.05,0.0,Thursday,0,0,7,567.7,2024-07-04,600.67,581.89,602.38,604.1564285714286,True,False,False,False,False,False,False
2024-07-05,41787,10881.0,37.65,58.56,0.0,Friday,0,0,7,605.37,2024-07-05,567.7,609.02,600.3528571428571,600.0628571428571,True,False,False,False,False,False,False
2024-07-06,41838,10985.0,31.9,63.14,0.0,Saturday,1,0,7,617.59,2024-07-06,605.37,621.8,599.8314285714285,602.8035714285714,True,False,False,False,False,False,False
2024-07-07,41430,10873.0,32.52,68.04,7.73,Sunday,1,0,7,591.22,2024-07-07,617.59,636.34,599.2299999999999,604.2021428571428,True,False,False,False,False,False,False
2024-07-08,41234,10962.0,33.74,65.19,0.0,Monday,0,0,7,596.84,2024-07-08,591.22,601.44,592.7842857142857,601.3228571428572,True,False,False,False,False,False,False
2024-07-09,41389,10948.0,34.52,74.48,1.09,Tuesday,0,0,7,600.26,2024-07-09,596.84,565.5,592.1271428571429,600.1442857142857,True,False,False,False,False,False,False
2024-07-10,41888,10919.0,35.01,60.43,0.0,Wednesday,0,0,7,620.64,2024-07-10,600.26,600.67,597.0928571428573,599.5214285714286,True,False,False,False,False,False,False
2024-07-11,41745,10940.0,38.49,60.01,2.34,Thursday,0,0,7,614.13,2024-07-11,620.64,567.7,599.9457142857143,601.1628571428572,True,False,False,False,False,False,False
2024-07-12,41387,10922.0,31.9,67.15,14.41,Friday,0,0,7,565.74,2024-07-12,614.13,605.37,606.5785714285714,603.4657142857143,True,False,False,False,False,False,False
2024-07-13,41137,11044.0,36.38,69.48,0.0,Saturday,1,0,7,639.82,2024-07-13,565.74,617.59,600.9171428571428,600.3742857142857,True,False,False,False,False,False,False
2024-07-14,41196,10917.0,36.03,67.14,0.0,Sunday,1,0,7,624.09,2024-07-14,639.82,591.22,604.092857142857,601.6614285714286,True,False,False,False,False,False,False
2024-07-15,41382,10941.0,34.13,66.91,5.66,Monday,0,0,7,572.29,2024-07-15,624.09,596.84,608.7885714285715,600.7864285714286,True,False,False,False,False,False,False
2024-07-16,41497,10967.0,30.51,66.78,0.0,Tuesday,0,0,7,555.32,2024-07-16,572.29,600.26,605.2814285714286,598.7042857142858,True,False,False,False,False,False,False
2024-07-17,41939,10958.0,29.48,69.18,17.31,Wednesday,0,0,7,562.86,2024-07-17,555.32,620.64,598.8614285714285,597.9771428571429,True,False,False,False,False,False,False
2024-07-18,41529,10919.0,32.72,58.55,11.83,Thursday,0,0,7,600.92,2024-07-18,562.86,614.13,590.6071428571429,595.2764285714285,True,False,False,False,False,False,False
2024-07-19,41569,10966.0,33.76,69.78,21.77,Friday,0,0,7,581.86,2024-07-19,600.92,565.74,588.72,597.6492857142857,True,False,False,False,False,False,False
2024-07-20,41840,10965.0,32.16,61.47,0.0,Saturday,1,0,7,603.49,2024-07-20,581.86,639.82,591.0228571428571,595.97,True,False,False,False,False,False,False
2024-07-21,40999,10886.0,36.96,59.24,0.0,Sunday,1,0,7,641.4,2024-07-21,603.49,624.09,585.8328571428572,594.9628571428572,True,False,False,False,False,False,False
2024-07-22,41157,10940.0,36.71,70.42,0.0,Monday,0,0,7,588.64,2024-07-22,641.4,572.29,588.3057142857142,598.5471428571428,True,False,False,False,False,False,False
2024-07-23,41319,10985.0,36.12,63.88,29.79,Tuesday,0,0,7,569.11,2024-07-23,588.64,555.32,590.6414285714285,597.9614285714285,True,False,False,False,False,False,False
2024-07-24,41318,10918.0,31.36,72.12,0.0,Wednesday,0,0,7,596.12,2024-07-24,569.11,562.86,592.6114285714285,595.7364285714285,True,False,False,False,False,False,False
2024-07-25,41385,10941.0,31.62,64.44,7.2,Thursday,0,0,7,581.33,2024-07-25,596.12,600.92,597.3628571428571,593.985,True,False,False,False,False,False,False
2024-07-26,41425,10968.0,29.11,73.92,16.35,Friday,0,0,7,550.6,2024-07-26,581.33,581.86,594.5642857142857,591.6421428571429,True,False,False,False,False,False,False
2024-07-27,41278,10933.0,33.98,60.94,0.0,Saturday,1,0,7,572.86,2024-07-27,550.6,603.49,590.0985714285715,590.5607142857143,True,False,False,False,False,False,False
2024-07-28,41829,10936.0,30.85,61.98,0.0,Sunday,1,0,7,591.92,2024-07-28,572.86,641.4,585.7228571428572,585.7778571428572,True,False,False,False,False,False,False
2024-07-29,41393,10926.0,27.77,58.5,16.44,Monday,0,0,7,545.56,2024-07-29,591.92,588.64,578.6542857142857,583.48,True,False,False,False,False,False,False
2024-07-30,41240,10872.0,32.04,67.6,0.0,Tuesday,0,0,7,611.69,2024-07-30,545.56,569.11,572.5,581.5707142857143,True,False,False,False,False,False,False
2024-07-31,41555,10933.0,32.1,63.65,13.33,Wednesday,0,0,7,586.73,2024-07-31,611.69,596.12,578.5828571428572,585.5971428571429,True,False,False,False,False,False,False
2024-08-01,41436,10916.0,33.27,60.18,23.16,Thursday,0,0,8,552.62,2024-08-01,586.73,581.33,577.2414285714286,587.3021428571428,True,False,False,False,False,False,False
2024-08-02,41375,10926.0,32.73,56.72,0.0,Friday,0,0,8,572.81,2024-08-02,552.62,550.6,573.14,583.8521428571429,True,False,False,False,False,False,False
2024-08-03,41680,10958.0,28.82,65.67,9.96,Saturday,1,0,8,550.76,2024-08-03,572.81,572.86,576.3128571428572,583.2057142857143,True,False,False,False,False,False,False
2024-08-04,41636,10931.0,30.13,60.17,0.0,Sunday,1,0,8,596.76,2024-08-04,550.76,591.92,573.1557142857143,579.4392857142857,True,False,False,False,False,False,False
2024-08-05,41459,10998.0,31.49,65.27,7.5,Monday,0,0,8,569.46,2024-08-05,596.76,545.56,573.8471428571428,576.2507142857143,True,False,False,False,False,False,False
2024-08-06,41627,10997.0,32.06,70.44,22.48,Tuesday,0,0,8,552.74,2024-08-06,569.46,611.69,577.2614285714286,574.8807142857144,True,False,False,False,False,False,False
2024-08-07,41683,10972.0,31.94,69.16,19.75,Wednesday,0,0,8,572.36,2024-08-07,552.74,586.73,568.84,573.7114285714285,True,False,False,False,False,False,False
2024-08-08,41726,10913.0,31.99,66.26,0.0,Thursday,0,0,8,594.9,2024-08-08,572.36,552.62,566.7871428571428,572.0142857142857,True,False,False,False,False,False,False
2024-08-09,41442,10946.0,30.04,66.04,4.77,Friday,0,0,8,558.1,2024-08-09,594.9,572.81,572.8271428571428,572.9835714285715,True,False,False,False,False,False,False
2024-08-10,41522,10904.0,29.44,71.64,2.5,Saturday,1,0,8,583.91,2024-08-10,558.1,550.76,570.7257142857143,573.5192857142857,True,False,False,False,False,False,False
2024-08-11,41784,10955.0,36.11,54.28,0.0,Sunday,1,0,8,616.81,2024-08-11,583.91,596.76,575.4614285714285,574.3085714285714,True,False,False,False,False,False,False
2024-08-12,42001,10990.0,29.63,62.43,4.95,Monday,0,0,8,569.22,2024-08-12,616.81,569.46,578.3257142857143,576.0864285714285,True,False,False,False,False,False,False
2024-08-13,41746,10887.0,31.23,59.61,6.05,Tuesday,0,0,8,576.96,2024-08-13,569.22,552.74,578.2914285714286,577.7764285714286,True,False,False,False,False,False,False
2024-08-14,41498,10959.0,29.29,69.38,0.0,Wednesday,0,0,8,568.69,2024-08-14,576.96,572.36,581.7514285714285,575.2957142857143,True,False,False,False,False,False,False
2024-08-15,41494,11011.0,30.8,59.57,6.76,Thursday,0,1,8,589.67,2024-08-15,568.69,594.9,581.2271428571428,574.0071428571429,True,False,False,False,False,False,False
2024-08-16,41407,10995.0,28.73,64.76,0.0,Friday,0,0,8,581.91,2024-08-16,589.67,558.1,580.48,576.6535714285714,True,False,False,False,False,False,False
2024-08-17,41489,10955.0,34.54,56.04,26.83,Saturday,1,0,8,559.53,2024-08-17,581.91,583.91,583.8814285714286,577.3035714285714,True,False,False,False,False,False,False
2024-08-18,41155,10968.0,31.68,74.97,13.67,Sunday,1,0,8,597.89,2024-08-18,559.53,616.81,580.3985714285715,577.93,True,False,False,False,False,False,False
2024-08-19,41272,10927.0,30.44,66.33,8.52,Monday,0,0,8,579.22,2024-08-19,597.89,569.22,577.6957142857143,578.0107142857142,True,False,False,False,False,False,False
2024-08-20,41605,10915.0,26.78,70.53,19.51,Tuesday,0,0,8,510.86,2024-08-20,579.22,576.96,579.1242857142857,578.7078571428572,True,False,False,False,False,False,False
2024-08-21,41883,10983.0,26.12,63.13,15.37,Wednesday,0,0,8,495.48,2024-08-21,510.86,568.69,569.6814285714286,575.7164285714285,True,False,False,False,False,False,False
2024-08-22,41761,10953.0,30.5,63.6,0.0,Thursday,0,0,8,581.91,2024-08-22,495.48,589.67,559.2228571428572,570.225,True,False,False,False,False,False,False
2024-08-23,41715,10972.0,30.27,71.0,2.25,Friday,0,0,8,581.81,2024-08-23,581.91,581.91,558.1142857142858,569.2971428571428,True,False,False,False,False,False,False
2024-08-24,41246,11011.0,31.41,63.58,0.0,Saturday,1,0,8,632.0,2024-08-24,581.81,559.53,558.1,570.9907142857143,True,False,False,False,False,False,False
2024-08-25,42129,10927.0,33.32,63.23,0.0,Sunday,1,0,8,595.35,2024-08-25,632.0,597.89,568.4528571428572,574.4257142857143,True,False,False,False,False,False,False
2024-08-26,41766,10972.0,31.97,62.33,0.0,Monday,0,0,8,613.96,2024-08-26,595.35,579.22,568.09,572.8928571428571,True,False,False,False,False,False,False
2024-08-27,41709,10941.0,30.07,66.04,0.0,Tuesday,0,0,8,574.9,2024-08-27,613.96,510.86,573.0528571428571,576.0885714285714,True,False,False,False,False,False,False
2024-08-28,41541,11004.0,31.56,66.4,0.0,Wednesday,0,0,8,571.64,2024-08-28,574.9,495.48,582.2014285714286,575.9414285714286,True,False,False,False,False,False,False
2024-08-29,41315,10953.0,30.15,64.02,0.0,Thursday,0,0,8,565.17,2024-08-29,571.64,581.91,593.0814285714285,576.1521428571428,True,False,False,False,False,False,False
2024-08-30,41391,10996.0,29.3,63.35,17.03,Friday,0,0,8,573.32,2024-08-30,565.17,581.81,590.6899999999999,574.4021428571428,True,False,False,False,False,False,False
2024-08-31,41862,10950.0,29.11,62.59,0.0,Saturday,1,0,8,562.74,2024-08-31,573.32,632.0,589.4771428571429,573.7885714285715,True,False,False,False,False,False,False
2024-09-01,41717,10917.0,25.99,62.91,7.61,Sunday,1,0,9,586.79,2024-09-01,562.74,595.35,579.5828571428572,574.0178571428571,True,False,False,False,False,False,False
2024-09-02,42072,10894.0,27.26,70.37,19.43,Monday,0,0,9,563.07,2024-09-02,586.79,613.96,578.36,573.225,True,False,False,False,False,False,False
2024-09-03,41837,10936.0,28.66,64.72,28.48,Tuesday,0,0,9,520.9,2024-09-03,563.07,574.9,571.09,572.0714285714286,True,False,False,False,False,False,False
2024-09-04,41415,10887.0,30.76,58.92,12.12,Wednesday,0,0,9,571.2,2024-09-04,520.9,571.64,563.3757142857143,572.7885714285715,True,False,False,False,False,False,False
2024-09-05,41711,10923.0,29.21,58.48,0.0,Thursday,0,0,9,540.93,2024-09-05,571.2,565.17,563.3128571428572,578.1971428571428,True,False,False,False,False,False,False
2024-09-06,41245,10926.0,28.54,63.67,0.0,Friday,0,0,9,571.22,2024-09-06,540.93,573.32,559.85,575.27,True,False,False,False,False,False,False
2024-09-07,41542,10994.0,30.21,59.86,0.0,Saturday,1,0,9,605.94,2024-09-07,571.22,562.74,559.5500000000001,574.5135714285715,True,False,False,False,False,False,False
2024-09-08,41314,10978.0,26.49,73.75,152.31,Sunday,1,0,9,566.36,2024-09-08,605.94,586.79,565.7214285714286,572.6521428571428,True,False,False,False,False,False,False
2024-09-09,41527,10912.0,25.37,70.48,11.19,Monday,0,0,9,528.23,2024-09-09,566.36,563.07,562.8028571428571,570.5814285714285,True,False,False,False,False,False,False
2024-09-10,42213,10993.0,27.46,64.18,22.25,Tuesday,0,0,9,524.91,2024-09-10,528.23,520.9,557.8257142857143,564.4578571428572,True,False,False,False,False,False,False
2024-09-11,41291,10968.0,27.74,70.13,20.84,Wednesday,0,0,9,552.32,2024-09-11,524.91,571.2,558.3985714285715,560.8871428571429,True,False,False,False,False,False,False
2024-09-12,41272,10940.0,29.96,75.07,5.91,Thursday,0,0,9,580.79,2024-09-12,552.32,540.93,555.7014285714286,559.5071428571429,True,False,False,False,False,False,False
2024-09-13,42321,10927.0,31.89,68.54,12.36,Friday,0,0,9,555.68,2024-09-13,580.79,571.22,561.3957142857142,560.6228571428571,True,False,False,False,False,False,False
2024-09-14,41786,10974.0,27.52,60.89,11.83,Saturday,1,0,9,571.69,2024-09-14,555.68,605.94,559.1757142857143,559.3628571428571,True,False,False,False,False,False,False
2024-09-15,41259,10942.0,26.81,76.73,0.0,Sunday,1,0,9,602.56,2024-09-15,571.69,566.36,554.2828571428571,560.0021428571429,True,False,False,False,False,False,False
2024-09-16,41116,10977.0,26.0,66.91,10.9,Monday,0,0,9,563.44,2024-09-16,602.56,528.23,559.4542857142858,561.1285714285715,True,False,False,False,False,False,False
2024-09-17,42017,10883.0,24.81,58.95,5.44,Tuesday,0,0,9,540.47,2024-09-17,563.44,524.91,564.4842857142858,561.155,True,False,False,False,False,False,False
2024-09-18,41215,10910.0,27.08,72.96,0.0,Wednesday,0,0,9,545.52,2024-09-18,540.47,552.32,566.7071428571429,562.5528571428571,True,False,False,False,False,False,False
2024-09-19,41825,10929.0,24.66,59.48,4.08,Thursday,0,0,9,525.12,2024-09-19,545.52,580.79,565.7357142857143,560.7185714285714,True,False,False,False,False,False,False
2024-09-20,41526,11033.0,23.43,66.91,3.77,Friday,0,0,9,694.6,2024-09-20,525.12,555.68,557.7828571428571,559.5892857142857,True,False,False,False,False,False,False
2024-09-21,41044,10926.0,29.66,70.36,24.67,Saturday,1,0,9,569.44,2024-09-21,694.6,571.69,577.6285714285715,568.4021428571428,True,False,False,False,False,False,False
2024-09-22,41425,11047.0,26.99,56.04,0.0,Sunday,1,0,9,572.88,2024-09-22,569.44,602.56,577.3071428571428,565.795,True,False,False,False,False,False,False
2024-09-23,41728,10935.0,29.48,70.58,0.0,Monday,0,0,9,567.29,2024-09-23,572.88,563.44,573.0671428571429,566.2607142857142,True,False,False,False,False,False,False
2024-09-24,41501,10944.0,26.43,61.93,12.43,Tuesday,0,0,9,524.34,2024-09-24,567.29,540.47,573.6171428571428,569.0507142857143,True,False,False,False,False,False,False
2024-09-25,41189,10894.0,22.94,70.96,8.23,Wednesday,0,0,9,522.96,2024-09-25,524.34,545.52,571.3128571428572,569.01,True,False,False,False,False,False,False
2024-09-26,41580,10985.0,28.04,65.27,5.1,Thursday,0,0,9,545.67,2024-09-26,522.96,525.12,568.09,566.9128571428571,True,False,False,False,False,False,False
2024-09-27,41612,11042.0,25.02,67.88,0.0,Friday,0,0,9,585.3,2024-09-27,545.67,694.6,571.0257142857143,564.4042857142857,True,False,False,False,False,False,False
2024-09-28,41797,11004.0,25.02,66.38,16.62,Saturday,1,0,9,563.37,2024-09-28,585.3,569.44,555.4114285714285,566.5200000000001,True,False,False,False,False,False,False
2024-09-29,41821,10971.0,22.28,70.47,13.67,Sunday,1,0,9,576.65,2024-09-29,563.37,572.88,554.5442857142856,565.9257142857143,True,False,False,False,False,False,False
2024-09-30,41603,10997.0,48.45,70.17,134.39,Monday,0,0,9,555.41,2024-09-30,576.65,567.29,555.0828571428572,564.075,True,False,False,False,False,False,False
2024-10-01,41411,10998.0,25.27,60.38,6.29,Tuesday,0,0,10,549.8,2024-10-01,555.41,524.34,553.3857142857142,563.5014285714285,True,False,False,False,True,False,False
2024-10-02,41967,10996.0,28.58,67.48,17.46,Wednesday,0,1,10,569.97,2024-10-02,549.8,522.96,557.0228571428571,564.1678571428571,True,False,False,False,True,False,False
2024-10-03,41235,10963.0,24.4,66.96,25.27,Thursday,0,0,10,511.16,2024-10-03,569.97,545.67,563.7385714285714,565.9142857142857,True,False,False,False,True,False,False
2024-10-04,41393,10937.0,24.78,70.93,3.66,Friday,0,0,10,565.14,2024-10-04,511.16,585.3,558.8085714285714,564.9171428571428,True,False,False,False,True,False,False
2024-10-05,41908,10970.0,24.74,69.81,15.62,Saturday,1,0,10,544.14,2024-10-05,565.14,563.37,555.9285714285714,555.67,True,False,False,False,True,False,False
2024-10-06,41735,10946.0,26.49,69.64,0.0,Sunday,1,0,10,598.46,2024-10-06,544.14,576.65,553.1814285714286,553.8628571428571,True,False,False,False,True,False,False
2024-10-07,41645,10954.0,28.19,62.9,2.94,Monday,0,0,10,548.73,2024-10-07,598.46,555.41,556.2971428571428,555.6899999999999,True,False,False,False,True,False,False
2024-10-08,41475,10961.0,27.26,57.94,0.0,Tuesday,0,0,10,504.49,2024-10-08,548.73,549.8,555.3428571428572,554.3642857142858,True,False,False,False,True,False,False
2024-10-09,41995,10954.0,27.26,66.79,6.86,Wednesday,0,0,10,549.8,2024-10-09,504.49,569.97,548.87,552.9464285714286,True,False,False,False,True,False,False
2024-10-10,41740,10942.0,25.14,72.69,52.51,Thursday,0,0,10,497.75,2024-10-10,549.8,511.16,545.9885714285714,554.8635714285714,True,False,False,False,True,False,False
2024-10-11,41433,10945.0,26.41,67.99,0.0,Friday,0,0,10,525.97,2024-10-11,497.75,565.14,544.0728571428571,551.4407142857143,True,False,False,False,True,False,False
2024-10-12,41680,10958.0,24.98,65.86,8.35,Saturday,1,0,10,604.09,2024-10-12,525.97,544.14,538.4771428571429,547.202857142857,True,False,False,False,True,False,False
2024-10-13,41367,11032.0,23.28,68.82,6.13,Sunday,1,0,10,569.72,2024-10-13,604.09,598.46,547.0414285714286,550.1114285714285,True,False,False,False,True,False,False
2024-10-14,41579,10998.0,24.64,68.27,35.02,Monday,0,0,10,497.05,2024-10-14,569.72,548.73,542.9357142857143,549.6164285714286,True,False,False,False,True,False,False
2024-10-15,41253,10945.0,23.72,65.7,0.0,Tuesday,0,0,10,538.03,2024-10-15,497.05,504.49,535.5528571428572,545.4478571428572,True,False,False,False,True,False,False
2024-10-16,41765,11009.0,21.61,70.64,0.0,Wednesday,0,0,10,517.02,2024-10-16,538.03,549.8,540.3442857142857,544.6071428571429,True,False,False,False,True,False,False
2024-10-17,41625,10941.0,25.99,63.56,0.0,Thursday,0,0,10,557.0,2024-10-17,517.02,497.75,535.6614285714286,540.8249999999999,True,False,False,False,True,False,False
2024-10-18,41418,11031.0,23.08,69.33,14.47,Friday,0,0,10,562.17,2024-10-18,557.0,525.97,544.1257142857143,544.0992857142857,True,False,False,False,True,False,False
2024-10-19,41890,10981.0,25.46,67.24,20.42,Saturday,1,0,10,576.62,2024-10-19,562.17,604.09,549.2971428571428,543.8871428571429,True,False,False,False,True,False,False
2024-10-20,41589,10876.0,20.18,68.1,18.83,Sunday,1,0,10,517.29,2024-10-20,576.62,569.72,545.3728571428571,546.2071428571428,True,False,False,False,True,False,False
2024-10-21,41918,10941.0,24.2,69.24,0.0,Monday,0,0,10,566.78,2024-10-21,517.29,497.05,537.8828571428571,540.4092857142857,True,False,False,False,True,False,False
2024-10-22,41194,10955.0,23.16,70.16,0.0,Tuesday,0,0,10,569.47,2024-10-22,566.78,538.03,547.8442857142857,541.6985714285714,True,False,False,False,True,False,False
2024-10-23,41389,10947.0,26.95,70.34,0.0,Wednesday,0,1,10,563.69,2024-10-23,569.47,517.02,552.3357142857143,546.34,True,False,False,False,True,False,False
2024-10-24,41449,10970.0,22.65,66.51,4.9,Thursday,0,0,10,561.01,2024-10-24,563.69,557.0,559.0028571428571,547.3321428571428,True,False,False,False,True,False,False
2024-10-25,41707,11012.0,22.53,66.37,0.0,Friday,0,0,10,529.48,2024-10-25,561.01,562.17,559.5757142857143,551.8507142857143,True,False,False,False,True,False,False
2024-10-26,41362,10898.0,22.5,62.71,22.92,Saturday,1,0,10,531.15,2024-10-26,529.48,576.62,554.9057142857143,552.1014285714285,True,False,False,False,True,False,False
2024-10-27,41722,10951.0,18.86,78.8,27.02,Sunday,1,0,10,500.47,2024-10-27,531.15,517.29,548.41,546.8914285714286,True,False,False,False,True,False,False
2024-10-28,42157,11018.0,21.59,65.88,0.0,Monday,0,0,10,542.36,2024-10-28,500.47,566.78,546.0071428571429,541.9449999999999,True,False,False,False,True,False,False
2024-10-29,41809,10905.0,23.44,67.71,12.52,Tuesday,0,0,10,547.06,2024-10-29,542.36,569.47,542.5185714285715,545.1814285714286,True,False,False,False,True,False,False
2024-10-30,41611,10949.0,19.06,70.02,0.0,Wednesday,0,0,10,504.67,2024-10-30,547.06,563.69,539.3171428571429,545.8264285714286,True,False,False,False,True,False,False
2024-10-31,41612,10975.0,20.41,62.84,26.19,Thursday,0,0,10,495.35,2024-10-31,504.67,561.01,530.8857142857142,544.9442857142857,True,False,False,False,True,False,False
2024-11-01,41444,10977.0,24.38,73.26,0.0,Friday,0,0,11,541.6,2024-11-01,495.35,529.48,521.5057142857142,540.5407142857142,True,False,False,False,True,False,False
2024-11-02,42110,10939.0,21.17,71.72,17.18,Saturday,1,0,11,527.7,2024-11-02,541.6,531.15,523.2371428571429,539.0714285714286,True,False,False,False,True,False,False
2024-11-03,41945,10957.0,22.03,64.11,11.63,Sunday,1,0,11,549.89,2024-11-03,527.7,500.47,522.7442857142858,535.5771428571428,True,False,False,False,True,False,False
2024-11-04,41255,10891.0,24.49,68.52,0.0,Monday,0,0,11,527.37,2024-11-04,549.89,542.36,529.8042857142857,537.9057142857143,True,False,False,False,True,False,False
2024-11-05,41896,11027.0,20.66,73.21,9.28,Tuesday,0,0,11,524.41,2024-11-05,527.37,547.06,527.6628571428572,535.0907142857143,True,False,False,False,True,False,False
2024-11-06,41727,10966.0,24.57,69.54,26.96,Wednesday,0,0,11,539.89,2024-11-06,524.41,504.67,524.4271428571428,531.8721428571429,True,False,False,False,True,False,False
2024-11-07,41768,10951.0,22.62,70.03,16.35,Thursday,0,0,11,538.36,2024-11-07,539.89,495.35,529.4585714285714,530.1721428571428,True,False,False,False,True,False,False
2024-11-08,42008,10994.0,22.75,71.38,0.0,Friday,0,0,11,570.58,2024-11-08,538.36,541.6,535.6028571428571,528.5542857142857,True,False,False,False,True,False,False
2024-11-09,41882,10973.0,25.42,73.2,45.41,Saturday,1,0,11,524.11,2024-11-09,570.58,527.7,539.7428571428571,531.49,True,False,False,False,True,False,False
2024-11-10,42106,10976.0,43.62,68.85,7.89,Sunday,1,0,11,534.25,2024-11-10,524.11,549.89,539.23,530.9871428571429,True,False,False,False,True,False,False
2024-11-11,41734,10933.0,18.12,72.55,17.78,Monday,0,0,11,543.03,2024-11-11,534.25,527.37,536.9957142857143,533.4,True,False,False,False,True,False,False
2024-11-12,42307,11076.0,17.85,60.13,15.16,Tuesday,0,0,11,537.96,2024-11-12,543.03,524.41,539.2328571428571,533.4478571428571,True,False,False,False,True,False,False
2024-11-13,41465,10949.0,20.9,73.96,0.0,Wednesday,0,0,11,536.95,2024-11-13,537.96,539.89,541.1685714285715,532.7978571428572,True,False,False,False,True,False,False
2024-11-14,41590,11007.0,19.39,64.74,14.09,Thursday,0,0,11,547.83,2024-11-14,536.95,538.36,540.7485714285714,535.1035714285715,True,False,False,False,True,False,False
2024-11-15,41483,11021.0,16.4,77.15,20.96,Friday,0,0,11,513.28,2024-11-15,547.83,570.58,542.1014285714285,538.8521428571429,True,False,False,False,True,False,False
2024-11-16,41588,11033.0,20.88,80.31,0.0,Saturday,1,0,11,595.19,2024-11-16,513.28,524.11,533.9157142857143,536.8292857142857,True,False,False,False,True,False,False
2024-11-17,41571,10950.0,24.11,69.23,2.68,Sunday,1,0,11,587.32,2024-11-17,595.19,534.25,544.07,541.65,True,False,False,False,True,False,False
2024-11-18,41568,10950.0,22.4,63.42,0.0,Monday,0,0,11,554.65,2024-11-18,587.32,543.03,551.6514285714286,544.3235714285714,True,False,False,False,True,False,False
2024-11-19,41743,10973.0,21.9,66.91,0.0,Tuesday,0,0,11,566.65,2024-11-19,554.65,537.96,553.3114285714286,546.2721428571429,True,False,False,False,True,False,False
2024-11-20,41795,10966.0,22.63,69.29,0.0,Wednesday,0,0,11,564.84,2024-11-20,566.65,536.95,557.41,549.2892857142857,True,False,False,False,True,False,False
2024-11-21,41717,10957.0,19.9,71.06,15.25,Thursday,0,0,11,508.02,2024-11-21,564.84,547.83,561.3942857142857,551.0714285714286,True,False,False,False,True,False,False
2024-11-22,41698,10992.0,23.57,75.54,0.0,Friday,0,0,11,547.68,2024-11-22,508.02,513.28,555.7071428571429,548.9042857142857,True,False,False,False,True,False,False
2024-11-23,41699,11009.0,21.39,52.3,0.0,Saturday,1,0,11,584.68,2024-11-23,547.68,595.19,560.6214285714285,547.2685714285715,True,False,False,False,True,False,False
2024-11-24,41896,10993.0,19.26,76.84,0.0,Sunday,1,0,11,559.43,2024-11-24,584.68,587.32,559.12,551.595,True,False,False,False,True,False,False
2024-11-25,41443,10982.0,23.21,74.95,1.56,Monday,0,0,11,658.94,2024-11-25,559.43,554.65,555.1357142857142,553.3935714285715,True,False,False,False,True,False,False
2024-11-26,42127,10975.0,21.62,74.36,51.62,Tuesday,0,0,11,465.58,2024-11-26,658.94,566.65,570.0342857142857,561.6728571428572,True,False,False,False,True,False,False
2024-11-27,42042,11000.0,19.4,66.1,0.0,Wednesday,0,0,11,548.8,2024-11-27,465.58,564.84,555.5957142857143,556.5028571428571,True,False,False,False,True,False,False
2024-11-28,41637,10990.0,21.05,66.56,0.0,Thursday,0,0,11,522.38,2024-11-28,548.8,508.02,553.3042857142857,557.3492857142857,True,False,False,False,True,False,False
2024-11-29,41844,11007.0,21.74,68.73,19.84,Friday,0,0,11,547.4,2024-11-29,522.38,547.68,555.3557142857143,555.5314285714286,True,False,False,False,True,False,False
2024-11-30,41743,10986.0,21.92,63.54,2.72,Saturday,1,0,11,556.42,2024-11-30,547.4,584.68,555.3157142857143,557.9685714285714,True,False,False,False,True,False,False
2024-12-01,41693,10969.0,22.7,79.0,0.0,Sunday,1,0,12,562.14,2024-12-01,556.42,559.43,551.2785714285714,555.1992857142857,True,False,False,False,False,False,True
2024-12-02,41659,10964.0,18.57,68.47,18.7,Monday,0,0,12,555.08,2024-12-02,562.14,658.94,551.6657142857142,553.4007142857142,True,False,False,False,False,False,True
2024-12-03,41763,10962.0,18.19,68.12,30.72,Tuesday,0,0,12,498.55,2024-12-03,555.08,465.58,536.8285714285714,553.4314285714286,True,False,False,False,False,False,True
2024-12-04,41170,10983.0,22.78,68.29,7.14,Wednesday,0,0,12,552.72,2024-12-04,498.55,548.8,541.5385714285715,548.5671428571428,True,False,False,False,False,False,True
2024-12-05,42251,10930.0,19.71,65.09,6.89,Thursday,0,0,12,560.43,2024-12-05,552.72,522.38,542.0985714285715,547.7014285714287,True,False,False,False,False,False,True
2024-12-06,41407,10991.0,21.19,70.82,9.34,Friday,0,0,12,536.34,2024-12-06,560.43,547.4,547.5342857142857,551.4449999999999,True,False,False,False,False,False,True
2024-12-07,42218,10980.0,20.13,71.37,18.21,Saturday,1,0,12,533.96,2024-12-07,536.34,556.42,545.9542857142858,550.635,True,False,False,False,False,False,True
2024-12-08,41667,10940.0,20.83,70.96,0.0,Sunday,1,0,12,584.68,2024-12-08,533.96,562.14,542.7457142857144,547.0121428571429,True,False,False,False,False,False,True
2024-12-09,41545,10975.0,20.83,72.2,0.0,Monday,0,0,12,548.91,2024-12-09,584.68,555.08,545.9657142857143,548.8157142857143,True,False,False,False,False,False,True
2024-12-10,41495,11062.0,21.61,63.79,18.31,Tuesday,0,0,12,504.31,2024-12-10,548.91,498.55,545.0842857142858,540.9564285714285,True,False,False,False,False,False,True
2024-12-11,41800,10914.0,17.17,74.11,0.0,Wednesday,0,0,12,531.54,2024-12-11,504.31,552.72,545.9071428571428,543.7228571428572,True,False,False,False,False,False,True
2024-12-12,41298,10992.0,18.44,68.17,0.0,Thursday,0,0,12,543.8,2024-12-12,531.54,560.43,542.8814285714286,542.49,True,False,False,False,False,False,True
2024-12-13,41169,10988.0,20.19,67.48,0.0,Friday,0,0,12,549.44,2024-12-13,543.8,536.34,540.5057142857142,544.02,True,False,False,False,False,False,True
2024-12-14,41692,11033.0,21.43,68.97,10.68,Saturday,1,0,12,585.14,2024-12-14,549.44,533.96,542.3771428571428,544.1657142857142,True,False,False,False,False,False,True
2024-12-15,41674,11018.0,20.63,68.02,0.0,Sunday,1,0,12,526.07,2024-12-15,585.14,584.68,549.6885714285714,546.2171428571429,True,False,False,False,False,False,True
2024-12-16,41746,10956.0,20.71,65.09,0.0,Monday,0,0,12,531.21,2024-12-16,526.07,548.91,541.3157142857143,543.6407142857144,True,False,False,False,False,False,True
2024-12-17,41144,10921.0,22.05,64.29,0.0,Tuesday,0,0,12,570.54,2024-12-17,531.21,504.31,538.7871428571428,541.9357142857143,True,False,False,False,False,False,True
2024-12-18,41597,10981.0,19.17,76.54,0.0,Wednesday,0,0,12,576.0,2024-12-18,570.54,531.54,548.2485714285714,547.0778571428572,True,False,False,False,False,False,True
2024-12-19,41563,10977.0,20.93,61.1,25.81,Thursday,0,0,12,488.72,2024-12-19,576.0,543.8,554.6,548.7407142857143,True,False,False,False,False,False,True
2024-12-20,41771,10948.0,20.48,65.04,0.0,Friday,0,0,12,575.51,2024-12-20,488.72,549.44,546.7314285714285,543.6185714285714,True,False,False,False,False,False,True
2024-12-21,41591,10959.0,22.93,71.79,0.0,Saturday,1,0,12,564.73,2024-12-21,575.51,585.14,550.4557142857144,546.4164285714286,True,False,False,False,False,False,True
2024-12-22,41775,10959.0,19.82,67.31,2.64,Sunday,1,0,12,568.56,2024-12-22,564.73,526.07,547.54,548.6142857142858,True,False,False,False,False,False,True
2024-12-23,41788,10965.0,18.68,73.46,0.0,Monday,0,0,12,537.66,2024-12-23,568.56,531.21,553.61,547.4628571428572,True,False,False,False,False,False,True
2024-12-24,41631,10959.0,23.08,70.35,0.0,Tuesday,0,0,12,539.28,2024-12-24,537.66,570.54,554.5314285714286,546.6592857142857,True,False,False,False,False,False,True
2024-12-25,41525,10956.0,21.58,71.37,0.0,Wednesday,0,1,12,573.92,2024-12-25,539.28,576.0,550.0657142857143,549.1571428571428,True,False,False,False,False,False,True
2024-12-26,41594,10984.0,16.43,57.6,0.0,Thursday,0,0,12,553.75,2024-12-26,573.92,488.72,549.7685714285715,552.1842857142857,True,False,False,False,False,False,True
2024-12-27,41469,10912.0,19.58,80.13,0.0,Friday,0,0,12,542.66,2024-12-27,553.75,575.51,559.0585714285714,552.8950000000001,True,False,False,False,False,False,True
2024-12-28,41686,10972.0,21.94,71.64,0.0,Saturday,1,0,12,570.88,2024-12-28,542.66,564.73,554.3657142857143,552.4107142857143,True,False,False,False,False,False,True
2024-12-29,41911,10968.0,22.57,63.76,0.0,Sunday,1,0,12,585.17,2024-12-29,570.88,568.56,555.2442857142858,551.3921428571429,True,False,False,False,False,False,True
2024-12-30,41810,10957.0,20.19,67.63,0.0,Monday,0,0,12,565.66,2024-12-30,585.17,537.66,557.6171428571428,555.6135714285714,True,False,False,False,False,False,True
2024-12-31,41402,10943.0,20.69,71.55,0.0,Tuesday,0,0,12,579.14,2024-12-31,565.66,539.28,561.6171428571428,558.0742857142857,True,False,False,False,False,False,True
2023-01-15,68249,16899.0,25.1,65.29,16.55,Sunday,1,0,1,1072.86,2023-01-15,1168.19,1117.65,1135.0528571428572,1107.2414285714287,False,True,False,False,False,False,True
2023-01-16,67377,16943.0,19.78,76.1,24.17,Monday,0,0,1,895.12,2023-01-16,1072.86,1036.81,1128.6542857142856,1105.8514285714286,False,True,False,False,False,False,True
2023-01-17,67939,16947.0,22.0,72.27,4.31,Tuesday,0,0,1,978.57,2023-01-17,895.12,974.43,1108.412857142857,1088.9035714285715,False,True,False,False,False,False,True
2023-01-18,67660,16856.0,21.1,72.32,6.59,Wednesday,0,0,1,1015.75,2023-01-18,978.57,1503.98,1109.0042857142857,1083.0964285714285,False,True,False,False,False,False,True
2023-01-19,68012,16854.0,22.33,66.27,0.0,Thursday,0,0,1,1084.76,2023-01-19,1015.75,1022.12,1039.257142857143,1081.7507142857144,False,True,False,False,False,False,True
2023-01-20,68229,16835.0,20.01,75.66,0.0,Friday,0,0,1,1103.03,2023-01-20,1084.76,1122.19,1048.2057142857143,1080.605,False,True,False,False,False,False,True
2023-01-21,68106,16899.0,19.14,68.16,0.0,Saturday,1,0,1,1053.95,2023-01-21,1103.03,1168.19,1045.4685714285713,1084.8657142857141,False,True,False,False,False,False,True
2023-01-22,68133,16967.0,22.98,67.19,0.0,Sunday,1,0,1,1113.97,2023-01-22,1053.95,1072.86,1029.1485714285714,1082.1007142857143,False,True,False,False,False,False,True
2023-01-23,68008,16901.0,22.49,69.73,0.0,Monday,0,0,1,1027.35,2023-01-23,1113.97,895.12,1035.0214285714287,1081.837857142857,False,True,False,False,False,False,True
2023-01-24,68143,16898.0,18.99,76.86,0.0,Tuesday,0,0,1,967.51,2023-01-24,1027.35,978.57,1053.9114285714286,1081.1621428571427,False,True,False,False,False,False,True
2023-01-25,67985,16916.0,23.6,76.79,0.0,Wednesday,0,0,1,1073.1,2023-01-25,967.51,1015.75,1052.3314285714284,1080.6678571428572,False,True,False,False,False,False,True
2023-01-26,67532,16940.0,24.08,64.24,0.0,Thursday,0,1,1,1095.06,2023-01-26,1073.1,1084.76,1060.5242857142857,1049.8907142857142,False,True,False,False,False,False,True
2023-01-27,68309,16918.0,21.01,82.98,0.0,Friday,0,0,1,1067.64,2023-01-27,1095.06,1103.03,1061.9957142857143,1055.1007142857143,False,True,False,False,False,False,True
2023-01-28,68003,16916.0,23.23,67.39,0.0,Saturday,1,0,1,1088.16,2023-01-28,1067.64,1053.95,1056.94,1051.2042857142856,False,True,False,False,False,False,True
2023-01-29,68202,16921.0,22.49,68.68,23.81,Sunday,1,0,1,1080.1,2023-01-29,1088.16,1113.97,1061.827142857143,1045.487857142857,False,True,False,False,False,False,True
2023-01-30,68383,16897.0,21.29,75.54,0.0,Monday,0,0,1,1037.42,2023-01-30,1080.1,1027.35,1056.9885714285715,1046.0049999999999,False,True,False,False,False,False,True
2023-01-31,67996,16888.0,25.22,71.6,0.0,Tuesday,0,0,1,1033.55,2023-01-31,1037.42,967.51,1058.4271428571428,1056.1692857142857,False,True,False,False,False,False,True
2023-02-01,67908,16906.0,24.08,63.48,0.0,Wednesday,0,0,2,1049.46,2023-02-01,1033.55,1073.1,1067.8614285714286,1060.0964285714285,False,True,False,False,False,False,True
2023-02-02,68472,16959.0,21.57,71.35,0.0,Thursday,0,0,2,1077.3,2023-02-02,1049.46,1095.06,1064.4842857142858,1062.5042857142857,False,True,False,False,False,False,True
2023-02-03,67431,16883.0,25.65,76.88,0.0,Friday,0,0,2,1057.4,2023-02-03,1077.3,1067.64,1061.9471428571428,1061.9714285714285,False,True,False,False,False,False,True
2023-02-04,68163,16934.0,17.05,87.27,0.0,Saturday,1,0,2,1089.82,2023-02-04,1057.4,1088.16,1060.4842857142855,1058.712142857143,False,True,False,False,False,False,True
2023-02-05,68301,16931.0,22.38,71.37,0.0,Sunday,1,0,2,1129.0,2023-02-05,1089.82,1080.1,1060.7214285714285,1061.2742857142857,False,True,False,False,False,False,True
2023-02-06,68142,16924.0,25.07,59.88,0.0,Monday,0,0,2,1093.91,2023-02-06,1129.0,1037.42,1067.707142857143,1062.3478571428573,False,True,False,False,False,False,True
2023-02-07,67958,16959.0,22.07,60.07,10.77,Tuesday,0,0,2,1066.92,2023-02-07,1093.91,1033.55,1075.777142857143,1067.1021428571428,False,True,False,False,False,False,True
2023-02-08,68024,16873.0,21.58,66.33,0.0,Wednesday,0,0,2,1092.61,2023-02-08,1066.92,1049.46,1080.5442857142857,1074.202857142857,False,True,False,False,False,False,True
2023-02-09,68267,16902.0,25.57,71.01,0.0,Thursday,0,0,2,1117.86,2023-02-09,1092.61,1077.3,1086.7085714285715,1075.5964285714285,False,True,False,False,False,False,True
2023-02-10,67535,16894.0,24.14,68.69,0.0,Friday,0,0,2,1052.72,2023-02-10,1117.86,1057.4,1092.5028571428572,1077.225,False,True,False,False,False,False,True
2023-02-11,68420,16909.0,21.88,65.94,19.7,Saturday,1,0,2,1096.9,2023-02-11,1052.72,1089.82,1091.8342857142857,1076.1592857142857,False,True,False,False,False,False,True
2023-02-12,67913,16906.0,21.27,62.97,8.51,Sunday,1,0,2,1091.6,2023-02-12,1096.9,1129.0,1092.8457142857144,1076.7835714285713,False,True,False,False,False,False,True
2023-02-13,67555,16886.0,24.08,61.94,136.12,Monday,0,0,2,1031.2,2023-02-13,1091.6,1093.91,1087.502857142857,1077.605,False,True,False,False,False,False,True
2023-02-14,68471,16944.0,19.33,66.91,0.0,Tuesday,0,0,2,1164.79,2023-02-14,1031.2,1066.92,1078.5442857142857,1077.1607142857142,False,True,False,False,False,False,True
2023-02-15,67729,16933.0,26.33,66.37,0.0,Wednesday,0,0,2,1069.33,2023-02-15,1164.79,1092.61,1092.5257142857142,1086.535,False,True,False,False,False,False,True
2023-02-16,67449,16884.0,23.22,66.88,0.0,Thursday,0,0,2,1059.43,2023-02-16,1069.33,1117.86,1089.2,1087.9542857142858,False,True,False,False,False,False,True
2023-02-17,68051,16920.0,24.8,66.27,0.0,Friday,0,0,2,1053.14,2023-02-17,1059.43,1052.72,1080.8528571428571,1086.6778571428572,False,True,False,False,False,False,True
2023-02-18,68353,16906.0,22.86,69.9,0.0,Saturday,1,0,2,1084.26,2023-02-18,1053.14,1096.9,1080.912857142857,1086.3735714285715,False,True,False,False,False,False,True
2023-02-19,68350,16872.0,24.42,57.58,0.0,Sunday,1,0,2,1180.45,2023-02-19,1084.26,1091.6,1079.107142857143,1085.9764285714286,False,True,False,False,False,False,True
2023-02-20,67678,16927.0,26.43,68.89,1.59,Monday,0,0,2,1052.31,2023-02-20,1180.45,1031.2,1091.8,1089.6514285714286,False,True,False,False,False,False,True
2023-02-21,68128,16903.0,27.39,69.78,0.0,Tuesday,0,0,2,1142.34,2023-02-21,1052.31,1164.79,1094.8157142857142,1086.68,False,True,False,False,False,False,True
2023-02-22,68032,16910.0,25.23,64.55,5.15,Wednesday,0,0,2,1070.27,2023-02-22,1142.34,1069.33,1091.6085714285714,1092.067142857143,False,True,False,False,False,False,True
2023-02-23,68625,16905.0,23.36,65.32,9.43,Thursday,0,0,2,1039.36,2023-02-23,1070.27,1059.43,1091.7428571428572,1090.4714285714285,False,True,False,False,False,False,True
2023-02-24,68341,16922.0,24.2,66.46,0.0,Friday,0,0,2,1052.06,2023-02-24,1039.36,1053.14,1088.8757142857144,1084.8642857142856,False,True,False,False,False,False,True
2023-02-25,67910,16953.0,23.34,66.92,0.0,Saturday,1,0,2,1170.2,2023-02-25,1052.06,1084.26,1088.7214285714285,1084.8171428571427,False,True,False,False,False,False,True
2023-02-26,68189,16889.0,24.86,67.62,0.0,Sunday,1,0,2,1137.02,2023-02-26,1170.2,1180.45,1100.9985714285715,1090.0528571428572,False,True,False,False,False,False,True
2023-02-27,68287,16921.0,27.9,66.82,0.0,Monday,0,0,2,1136.1,2023-02-27,1137.02,1052.31,1094.7942857142857,1093.297142857143,False,True,False,False,False,False,True
2023-02-28,68098,16913.0,20.3,60.28,0.0,Tuesday,0,0,2,1039.21,2023-02-28,1136.1,1142.34,1106.7642857142857,1100.79,False,True,False,False,False,False,True
2023-03-01,67691,16886.0,26.0,66.94,0.0,Wednesday,0,0,3,1109.79,2023-03-01,1039.21,1070.27,1092.0314285714287,1091.82,False,True,False,False,False,True,False
2023-03-02,67923,16881.0,27.56,74.59,0.0,Thursday,0,0,3,1077.06,2023-03-02,1109.79,1039.36,1097.6771428571428,1094.7099999999998,False,True,False,False,False,True,False
2023-03-03,68180,16917.0,27.26,67.26,47.32,Friday,0,0,3,1036.27,2023-03-03,1077.06,1052.06,1103.0628571428572,1095.9692857142857,False,True,False,False,False,True,False
2023-03-04,68222,16857.0,25.04,65.31,0.0,Saturday,1,0,3,1098.22,2023-03-04,1036.27,1170.2,1100.8071428571427,1094.7642857142857,False,True,False,False,False,True,False
2023-03-05,68344,16965.0,24.33,62.9,0.0,Sunday,1,0,3,1213.38,2023-03-05,1098.22,1137.02,1090.5242857142857,1095.7614285714285,False,True,False,False,False,True,False
2023-03-06,68212,16916.0,24.21,71.55,0.0,Monday,0,0,3,1115.99,2023-03-06,1213.38,1136.1,1101.4328571428573,1098.1135714285713,False,True,False,False,False,True,False
2023-03-07,68188,16945.0,23.62,63.95,0.0,Tuesday,0,0,3,1097.69,2023-03-07,1115.99,1039.21,1098.56,1102.6621428571427,False,True,False,False,False,True,False
2023-03-08,68163,16957.0,27.82,73.69,0.0,Wednesday,0,0,3,1081.27,2023-03-08,1097.69,1109.79,1106.9142857142856,1099.472857142857,False,True,False,False,False,True,False
2023-03-09,68124,16918.0,24.46,66.62,0.0,Thursday,0,0,3,1050.9,2023-03-09,1081.27,1077.06,1102.84,1100.2585714285715,False,True,False,False,False,True,False
2023-03-10,68111,16963.0,24.52,70.99,0.0,Friday,0,0,3,1138.74,2023-03-10,1050.9,1036.27,1099.1028571428571,1101.0828571428572,False,True,False,False,False,True,False
2023-03-11,68495,16874.0,27.7,67.28,0.0,Saturday,1,0,3,1239.32,2023-03-11,1138.74,1098.22,1113.7414285714287,1107.2742857142857,False,True,False,False,False,True,False
2023-03-12,67590,16933.0,27.33,69.06,0.0,Sunday,1,0,3,1214.73,2023-03-12,1239.32,1213.38,1133.8985714285716,1112.2114285714285,False,True,False,False,False,True,False
2023-03-13,68680,16960.0,25.34,64.99,0.0,Monday,0,0,3,1079.98,2023-03-13,1214.73,1115.99,1134.0914285714284,1117.7621428571429,False,True,False,False,False,True,False
2023-03-14,68052,16940.0,25.77,60.97,0.0,Tuesday,0,0,3,1096.65,2023-03-14,1079.98,1097.69,1128.9471428571428,1113.7535714285716,False,True,False,False,False,True,False
2023-03-15,68189,16973.0,27.54,73.33,0.0,Wednesday,0,0,3,1135.55,2023-03-15,1096.65,1081.27,1128.7985714285714,1117.8564285714285,False,True,False,False,False,True,False
2023-03-16,68736,16919.0,27.99,66.53,0.0,Thursday,0,0,3,1127.37,2023-03-16,1135.55,1050.9,1136.5528571428572,1119.6964285714287,False,True,False,False,False,True,False
2023-03-17,68066,16964.0,24.99,72.51,0.0,Friday,0,0,3,1101.3,2023-03-17,1127.37,1138.74,1147.4771428571428,1123.29,False,True,False,False,False,True,False
2023-03-18,68288,16944.0,28.67,67.26,0.0,Saturday,1,0,3,1156.02,2023-03-18,1101.3,1239.32,1142.1285714285716,1127.935,False,True,False,False,False,True,False
2023-03-19,68284,16961.0,28.64,68.71,0.0,Sunday,1,0,3,1107.81,2023-03-19,1156.02,1214.73,1130.2285714285713,1132.0635714285713,False,True,False,False,False,True,False
2023-03-20,67767,16918.0,30.11,71.07,0.0,Monday,0,0,3,1132.45,2023-03-20,1107.81,1079.98,1114.9542857142858,1124.5228571428572,False,True,False,False,False,True,False
2023-03-21,68169,16969.0,27.82,58.7,0.0,Tuesday,0,0,3,1052.4,2023-03-21,1132.45,1096.65,1122.45,1125.6985714285715,False,True,False,False,False,True,False
2023-03-22,67951,16888.0,27.26,69.01,0.0,Wednesday,0,0,3,1215.32,2023-03-22,1052.4,1135.55,1116.1285714285714,1122.4635714285714,False,True,False,False,False,True,False
2023-03-23,67965,16949.0,26.67,73.48,0.0,Thursday,0,0,3,1133.83,2023-03-23,1215.32,1127.37,1127.5242857142857,1132.0385714285715,False,True,False,False,False,True,False
2023-03-24,68143,16930.0,25.31,66.65,0.0,Friday,0,0,3,1108.48,2023-03-24,1133.83,1101.3,1128.4471428571428,1137.962142857143,False,True,False,False,False,True,False
2023-03-25,68061,16916.0,27.87,67.04,0.0,Saturday,1,0,3,1145.69,2023-03-25,1108.48,1156.02,1129.472857142857,1135.8007142857143,False,True,False,False,False,True,False
2023-03-26,68371,16942.0,30.45,71.11,0.0,Sunday,1,0,3,1240.31,2023-03-26,1145.69,1107.81,1127.997142857143,1129.1128571428571,False,True,False,False,False,True,False
2023-03-27,67844,16955.0,30.16,72.57,16.91,Monday,0,0,3,1165.0,2023-03-27,1240.31,1132.45,1146.9257142857143,1130.94,False,True,False,False,False,True,False
2023-03-28,67941,16870.0,28.13,77.81,0.0,Tuesday,0,0,3,1127.34,2023-03-28,1165.0,1052.4,1151.5757142857142,1137.0128571428572,False,True,False,False,False,True,False
2023-03-29,68106,16946.0,28.74,61.99,17.93,Wednesday,0,0,3,1130.96,2023-03-29,1127.34,1215.32,1162.2814285714285,1139.205,False,True,False,False,False,True,False
2023-03-30,68226,16960.0,26.89,63.87,0.0,Thursday,0,0,3,1071.11,2023-03-30,1130.96,1133.83,1150.23,1138.8771428571429,False,True,False,False,False,True,False
2023-03-31,68400,16909.0,29.07,62.92,0.0,Friday,0,0,3,1213.69,2023-03-31,1071.11,1108.48,1141.27,1134.8585714285714,False,True,False,False,False,True,False
2023-04-01,67820,16942.0,28.85,69.5,0.0,Saturday,1,0,4,1145.95,2023-04-01,1213.69,1145.69,1156.3,1142.8864285714285,False,True,False,False,False,True,False
2023-04-02,68543,13308.5,30.03,62.68,0.0,Sunday,1,0,4,1221.35,2023-04-02,1145.95,1240.31,1156.337142857143,1142.1671428571428,False,True,False,False,False,True,False
2023-04-03,67997,16939.0,31.85,59.35,0.0,Monday,0,0,4,1132.5,2023-04-03,1221.35,1165.0,1153.6285714285714,1150.277142857143,False,True,False,False,False,True,False
2023-04-04,68140,16969.0,29.59,66.14,16.52,Tuesday,0,0,4,1138.81,2023-04-04,1132.5,1127.34,1148.9857142857143,1150.2807142857143,False,True,False,False,False,True,False
2023-04-05,68035,16948.0,28.64,68.7,0.0,Wednesday,0,0,4,1125.58,2023-04-05,1138.81,1130.96,1150.6242857142856,1156.452857142857,False,True,False,False,False,True,False
2023-04-06,68325,16947.0,30.29,61.99,3.53,Thursday,0,0,4,1126.52,2023-04-06,1125.58,1071.11,1149.8557142857142,1150.0428571428572,False,True,False,False,False,True,False
2023-04-07,68035,16910.0,31.39,59.0,0.0,Friday,0,0,4,1179.09,2023-04-07,1126.52,1213.69,1157.7714285714285,1149.5207142857143,False,True,False,False,False,True,False
2023-04-08,68284,16932.0,26.93,61.58,0.0,Saturday,1,0,4,1188.59,2023-04-08,1179.09,1145.95,1152.8285714285714,1154.5642857142857,False,True,False,False,False,True,False
2023-04-09,68054,16931.0,28.6,57.55,0.0,Sunday,1,0,4,1196.94,2023-04-09,1188.59,1221.35,1158.9199999999998,1157.6285714285714,False,True,False,False,False,True,False
2023-04-10,68596,16903.0,28.04,67.2,0.0,Monday,0,0,4,1054.9,2023-04-10,1196.94,1132.5,1155.4328571428573,1154.530714285714,False,True,False,False,False,True,False
2023-04-11,68217,16864.0,29.24,61.95,2.59,Tuesday,0,0,4,1197.72,2023-04-11,1054.9,1138.81,1144.347142857143,1146.6664285714285,False,True,False,False,False,True,False
2023-04-12,67617,16949.0,29.2,60.51,19.68,Wednesday,0,0,4,1022.37,2023-04-12,1197.72,1125.58,1152.7628571428572,1151.6935714285714,False,True,False,False,False,True,False
2023-04-13,67992,16934.0,28.67,62.83,0.0,Thursday,0,0,4,1154.75,2023-04-13,1022.37,1126.52,1138.0185714285715,1143.9371428571428,False,True,False,False,False,True,False
2023-04-14,68364,16917.0,27.62,64.11,0.0,Friday,0,0,4,1047.22,2023-04-14,1154.75,1179.09,1142.0514285714287,1149.9114285714284,False,True,False,False,False,True,False
2023-04-15,68438,16968.0,30.97,65.87,0.0,Saturday,1,0,4,1150.11,2023-04-15,1047.22,1188.59,1123.2128571428573,1138.0207142857143,False,True,False,False,False,True,False
2023-04-16,68444,16941.0,28.69,69.0,0.0,Sunday,1,0,4,1142.28,2023-04-16,1150.11,1196.94,1117.7157142857143,1138.3178571428573,False,True,False,False,False,True,False
2023-04-17,68245,16948.0,33.17,62.77,0.0,Monday,0,0,4,1226.18,2023-04-17,1142.28,1054.9,1109.9071428571428,1132.6699999999998,False,True,False,False,False,True,False
2023-04-18,68202,16887.0,28.62,61.0,0.0,Tuesday,0,0,4,1112.71,2023-04-18,1226.18,1197.72,1134.3757142857144,1139.3614285714286,False,True,False,False,False,True,False
2023-04-19,67775,16901.0,30.84,67.88,0.0,Wednesday,0,0,4,1078.84,2023-04-19,1112.71,1022.37,1122.2314285714285,1137.4971428571428,False,True,False,False,False,True,False
2023-04-20,68508,17008.0,29.63,64.97,0.0,Thursday,0,0,4,1173.19,2023-04-20,1078.84,1154.75,1130.2985714285714,1134.1585714285713,False,True,False,False,False,True,False
2023-04-21,68485,16941.0,28.88,66.19,0.0,Friday,0,0,4,1122.33,2023-04-21,1173.19,1047.22,1132.932857142857,1137.4921428571429,False,True,False,False,False,True,False
2023-04-22,68082,16933.0,27.02,68.15,0.0,Saturday,1,0,4,1240.5,2023-04-22,1122.33,1150.11,1143.662857142857,1133.4378571428572,False,True,False,False,False,True,False
2023-04-23,68357,16977.0,31.8,59.8,0.0,Sunday,1,0,4,1204.91,2023-04-23,1240.5,1142.28,1156.5757142857142,1137.1457142857143,False,True,False,False,False,True,False
2023-04-24,68036,16989.0,30.06,56.15,0.0,Monday,0,0,4,1168.7,2023-04-24,1204.91,1226.18,1165.5228571428572,1137.715,False,True,False,False,False,True,False
2023-04-25,68261,16996.0,28.73,64.1,0.0,Tuesday,0,0,4,1062.43,2023-04-25,1168.7,1112.71,1157.3114285714287,1145.8435714285715,False,True,False,False,False,True,False
2023-04-26,68486,16987.0,32.38,68.0,0.0,Wednesday,0,0,4,1220.76,2023-04-26,1062.43,1078.84,1150.1285714285714,1136.18,False,True,False,False,False,True,False
2023-04-27,67895,16958.0,30.17,66.6,0.0,Thursday,0,0,4,1219.51,2023-04-27,1220.76,1173.19,1170.402857142857,1150.3507142857145,False,True,False,False,False,True,False
2023-04-28,68311,16960.0,30.02,69.02,0.0,Friday,0,0,4,1329.72,2023-04-28,1219.51,1122.33,1177.02,1154.9764285714284,False,True,False,False,False,True,False
2023-04-29,67738,16867.0,28.35,75.12,0.0,Saturday,1,0,4,1199.24,2023-04-29,1329.72,1240.5,1206.6471428571429,1175.155,False,True,False,False,False,True,False
2023-04-30,68125,16944.0,34.73,66.44,25.65,Sunday,1,0,4,1183.26,2023-04-30,1199.24,1204.91,1200.7528571428572,1178.6642857142856,False,True,False,False,False,True,False
2023-05-01,68409,16941.0,30.66,61.0,0.0,Monday,0,0,5,1108.18,2023-05-01,1183.26,1168.7,1197.66,1181.5914285714284,False,True,False,False,False,True,False
2023-05-02,68131,16962.0,32.6,59.18,0.0,Tuesday,0,0,5,1149.98,2023-05-02,1108.18,1062.43,1189.0142857142857,1173.162857142857,False,True,False,False,False,True,False
2023-05-03,67969,17006.0,28.65,76.37,0.0,Wednesday,0,0,5,1163.78,2023-05-03,1149.98,1220.76,1201.5214285714285,1175.8250000000003,False,True,False,False,False,True,False
2023-05-04,68408,16969.0,35.13,57.93,0.0,Thursday,0,0,5,1141.44,2023-05-04,1163.78,1219.51,1193.3814285714286,1181.892142857143,False,True,False,False,False,True,False
2023-05-05,68027,17013.0,31.55,74.87,0.0,Friday,0,0,5,1276.88,2023-05-05,1141.44,1329.72,1182.2285714285715,1179.6242857142859,False,True,False,False,False,True,False
2023-05-06,68784,16960.0,32.44,66.03,0.0,Saturday,1,0,5,1204.79,2023-05-06,1276.88,1199.24,1174.68,1190.6635714285715,False,True,False,False,False,True,False
2023-05-07,68079,16900.0,32.79,60.93,0.0,Sunday,1,0,5,1190.78,2023-05-07,1204.79,1183.26,1175.472857142857,1188.1128571428574,False,True,False,False,False,True,False
2023-05-08,68475,16943.0,34.47,64.67,0.0,Monday,0,0,5,1176.84,2023-05-08,1190.78,1108.18,1176.547142857143,1187.1035714285715,False,True,False,False,False,True,False
2023-05-09,68283,16979.0,34.21,57.0,6.36,Tuesday,0,0,5,1161.42,2023-05-09,1176.84,1149.98,1186.3557142857142,1187.685,False,True,False,False,False,True,False
2023-05-10,67837,16926.0,30.8,69.97,3.69,Wednesday,0,0,5,1160.11,2023-05-10,1161.42,1163.78,1187.99,1194.7557142857142,False,True,False,False,False,True,False
2023-05-11,68181,16962.0,32.71,55.88,0.0,Thursday,0,0,5,1185.81,2023-05-11,1160.11,1141.44,1187.4657142857143,1190.4235714285714,False,True,False,False,False,True,False
2023-05-12,68036,16931.0,32.04,66.19,0.0,Friday,0,0,5,1177.84,2023-05-12,1185.81,1276.88,1193.8042857142857,1188.0164285714286,False,True,False,False,False,True,False
2023-05-13,68304,16925.0,32.25,73.18,0.0,Saturday,1,0,5,1183.09,2023-05-13,1177.84,1204.79,1179.6557142857143,1177.167857142857,False,True,False,False,False,True,False
2023-05-14,68245,16988.0,32.95,63.74,13.33,Sunday,1,0,5,1193.05,2023-05-14,1183.09,1190.78,1176.5557142857142,1176.0142857142857,False,True,False,False,False,True,False
2023-05-15,68189,16914.0,31.02,72.56,0.0,Monday,0,0,5,1221.35,2023-05-15,1193.05,1176.84,1176.8799999999999,1176.7135714285712,False,True,False,False,False,True,False
2023-05-16,67939,16979.0,32.06,66.26,0.0,Tuesday,0,0,5,1151.05,2023-05-16,1221.35,1161.42,1183.2385714285715,1184.797142857143,False,True,False,False,False,True,False
2023-05-17,68256,16975.0,36.04,61.92,0.0,Wednesday,0,0,5,1161.42,2023-05-17,1151.05,1160.11,1181.7571428571428,1184.8735714285715,False,True,False,False,False,True,False
2023-05-18,68385,16886.0,29.0,61.95,0.0,Thursday,0,0,5,1128.88,2023-05-18,1161.42,1185.81,1181.9442857142858,1184.705,False,True,False,False,False,True,False
2023-05-19,68170,17002.0,34.49,64.02,0.0,Friday,0,0,5,1106.8,2023-05-19,1128.88,1177.84,1173.8114285714287,1183.8078571428573,False,True,False,False,False,True,False
2023-05-20,68250,16975.0,29.58,64.54,0.0,Saturday,1,0,5,1199.6,2023-05-20,1106.8,1183.09,1163.662857142857,1171.6592857142857,False,True,False,False,False,True,False
2023-05-21,68408,16952.0,34.42,62.65,18.59,Sunday,1,0,5,1169.96,2023-05-21,1199.6,1193.05,1166.0214285714285,1171.2885714285715,False,True,False,False,False,True,False
2023-05-22,68397,16998.0,37.79,65.66,15.25,Monday,0,0,5,1175.36,2023-05-22,1169.96,1221.35,1162.722857142857,1169.8014285714285,False,True,False,False,False,True,False
2023-05-23,67799,17008.0,36.89,65.39,0.0,Tuesday,0,0,5,1180.89,2023-05-23,1175.36,1151.05,1156.152857142857,1169.6957142857143,False,True,False,False,False,True,False
2023-05-24,68396,16977.0,34.68,66.68,0.0,Wednesday,0,0,5,1206.49,2023-05-24,1180.89,1161.42,1160.4157142857143,1171.0864285714285,False,True,False,False,False,True,False
2023-05-25,68432,17021.0,33.24,71.69,0.0,Thursday,0,0,5,1166.32,2023-05-25,1206.49,1128.88,1166.8542857142857,1174.3992857142857,False,True,False,False,False,True,False
2023-05-26,68570,17013.0,33.15,70.09,0.0,Friday,0,0,5,1165.07,2023-05-26,1166.32,1106.8,1172.202857142857,1173.0071428571428,False,True,False,False,False,True,False
2023-05-27,68410,16927.0,33.62,74.74,0.0,Saturday,1,0,5,1240.3,2023-05-27,1165.07,1199.6,1180.5271428571427,1172.0949999999998,False,True,False,False,False,True,False
2023-05-28,68187,16964.0,36.95,65.29,0.0,Sunday,1,0,5,1298.86,2023-05-28,1240.3,1169.96,1186.3414285714284,1176.1814285714283,False,True,False,False,False,True,False
2023-05-29,67968,17019.0,33.76,68.42,13.93,Monday,0,0,5,1132.66,2023-05-29,1298.86,1175.36,1204.7557142857145,1183.7392857142856,False,True,False,False,False,True,False
2023-05-30,68012,16947.0,28.95,60.32,13.51,Tuesday,0,0,5,1116.66,2023-05-30,1132.66,1180.89,1198.6557142857143,1177.4042857142856,False,True,False,False,False,True,False
2023-05-31,68413,16954.0,32.93,63.88,0.0,Wednesday,0,0,5,1130.03,2023-05-31,1116.66,1206.49,1189.48,1174.9478571428572,False,True,False,False,False,True,False
2023-06-01,68430,16925.0,30.43,62.45,0.0,Thursday,0,0,6,1114.57,2023-06-01,1130.03,1166.32,1178.5571428571427,1172.7057142857143,False,True,False,False,False,False,False
2023-06-02,68464,16930.0,33.48,66.91,0.0,Friday,0,0,6,1157.68,2023-06-02,1114.57,1165.07,1171.1642857142856,1171.6835714285714,False,True,False,False,False,False,False
2023-06-03,67951,16952.0,31.13,63.91,7.78,Saturday,1,0,6,1124.02,2023-06-03,1157.68,1240.3,1170.1085714285714,1175.3178571428573,False,True,False,False,False,False,False
2023-06-04,67915,16983.0,30.83,66.84,0.0,Sunday,1,0,6,1152.49,2023-06-04,1124.02,1298.86,1153.4971428571428,1169.9192857142857,False,True,False,False,False,False,False
2023-06-05,68006,16989.0,32.36,62.66,17.29,Monday,0,0,6,995.07,2023-06-05,1152.49,1132.66,1132.587142857143,1168.6714285714286,False,True,False,False,False,False,False
2023-06-06,67806,16948.0,33.57,62.28,0.0,Tuesday,0,0,6,1179.27,2023-06-06,995.07,1116.66,1112.9314285714286,1155.7935714285713,False,True,False,False,False,False,False
2023-06-07,68041,16959.0,30.73,62.94,2.06,Wednesday,0,0,6,1103.18,2023-06-07,1179.27,1130.03,1121.8757142857144,1155.6778571428572,False,True,False,False,False,False,False
2023-06-08,68111,16944.0,31.78,64.89,4.44,Thursday,0,0,6,1136.3,2023-06-08,1103.18,1114.57,1118.04,1148.2985714285714,False,True,False,False,False,False,False
2023-06-09,68165,16970.0,33.44,71.39,10.34,Friday,0,0,6,1100.89,2023-06-09,1136.3,1157.68,1121.1442857142858,1146.1542857142856,False,True,False,False,False,False,False
2023-06-10,68453,16938.0,34.14,64.71,0.0,Saturday,1,0,6,1122.35,2023-06-10,1100.89,1124.02,1113.0314285714287,1141.5700000000002,False,True,False,False,False,False,False
2023-06-11,67908,16963.0,32.11,62.22,7.21,Sunday,1,0,6,1191.11,2023-06-11,1122.35,1152.49,1112.7928571428572,1133.145,False,True,False,False,False,False,False
2023-06-12,68289,16952.0,29.85,63.43,0.0,Monday,0,0,6,1135.86,2023-06-12,1191.11,995.07,1118.31,1125.4485714285715,False,True,False,False,False,False,False
2023-06-13,68334,17007.0,32.81,61.34,11.74,Tuesday,0,0,6,1187.6,2023-06-13,1135.86,1179.27,1138.422857142857,1125.6771428571428,False,True,False,False,False,False,False
2023-06-14,68207,16939.0,36.61,63.71,0.0,Wednesday,0,0,6,1197.3,2023-06-14,1187.6,1103.18,1139.6128571428571,1130.7442857142858,False,True,False,False,False,False,False
2023-06-15,68394,16995.0,34.87,66.23,0.0,Thursday,0,0,6,1235.62,2023-06-15,1197.3,1136.3,1153.0585714285714,1135.5492857142858,False,True,False,False,False,False,False
2023-06-16,68335,16917.0,33.78,61.09,0.0,Friday,0,0,6,1163.32,2023-06-16,1235.62,1100.89,1167.2471428571428,1144.195714285714,False,True,False,False,False,False,False
2023-06-17,68252,17013.0,31.36,60.77,10.94,Saturday,1,0,6,1188.84,2023-06-17,1163.32,1122.35,1176.1657142857143,1144.5985714285714,False,True,False,False,False,False,False
2023-06-18,68131,16942.0,33.3,70.86,3.11,Sunday,1,0,6,1236.88,2023-06-18,1188.84,1191.11,1185.6642857142856,1149.2285714285715,False,True,False,False,False,False,False
2023-06-19,68181,16909.0,33.47,68.42,9.38,Monday,0,0,6,1107.2,2023-06-19,1236.88,1135.86,1192.2028571428568,1155.2564285714286,False,True,False,False,False,False,False
2023-06-20,68016,16989.0,35.77,60.41,9.36,Tuesday,0,0,6,1221.32,2023-06-20,1107.2,1187.6,1188.1085714285714,1163.2657142857145,False,True,False,False,False,False,False
2023-06-21,68458,17012.0,32.06,61.85,9.18,Wednesday,0,0,6,1110.57,2023-06-21,1221.32,1197.3,1192.9257142857143,1166.2692857142858,False,True,False,False,False,False,False
2023-06-22,67793,16932.0,35.34,66.01,15.78,Thursday,0,0,6,1113.06,2023-06-22,1110.57,1235.62,1180.5357142857142,1166.797142857143,False,True,False,False,False,False,False
2023-06-23,68487,17027.0,32.22,64.85,0.0,Friday,0,0,6,1151.34,2023-06-23,1113.06,1163.32,1163.0271428571427,1165.1371428571429,False,True,False,False,False,False,False
2023-06-24,68381,16933.0,31.44,56.36,4.69,Saturday,1,0,6,1184.77,2023-06-24,1151.34,1188.84,1161.3157142857142,1168.7407142857141,False,True,False,False,False,False,False
2023-06-25,68346,16981.0,34.25,59.94,0.0,Sunday,1,0,6,1193.07,2023-06-25,1184.77,1236.88,1160.7342857142855,1173.1992857142855,False,True,False,False,False,False,False
2023-06-26,68381,17006.0,34.65,59.5,0.0,Monday,0,0,6,1130.1,2023-06-26,1193.07,1107.2,1154.4757142857143,1173.3392857142858,False,True,False,False,False,False,False
2023-06-27,68092,16977.0,34.12,73.09,0.0,Tuesday,0,0,6,1233.07,2023-06-27,1130.1,1221.32,1157.7471428571428,1172.927857142857,False,True,False,False,False,False,False
2023-06-28,68548,16956.0,31.79,62.6,0.0,Wednesday,0,0,6,1114.07,2023-06-28,1233.07,1110.57,1159.4257142857143,1176.1757142857143,False,True,False,False,False,False,False
2023-06-29,68382,16934.0,30.85,59.65,0.0,Thursday,0,0,6,1092.24,2023-06-29,1114.07,1113.06,1159.9257142857143,1170.2307142857142,False,True,False,False,False,False,False
2023-06-30,68430,16990.0,32.58,57.97,16.89,Friday,0,0,6,1111.72,2023-06-30,1092.24,1151.34,1156.9514285714286,1159.9892857142856,False,True,False,False,False,False,False
2023-07-01,68713,16953.0,36.86,61.26,0.0,Saturday,1,0,7,1221.88,2023-07-01,1111.72,1184.77,1151.2914285714285,1156.3035714285713,False,True,False,False,False,False,False
2023-07-02,68041,16927.0,30.29,69.91,0.0,Sunday,1,0,7,1136.43,2023-07-02,1221.88,1193.07,1156.5928571428572,1158.6635714285715,False,True,False,False,False,False,False
2023-07-03,68655,16978.0,33.78,62.72,0.0,Monday,0,0,7,1168.55,2023-07-03,1136.43,1130.1,1148.5014285714285,1151.4885714285715,False,True,False,False,False,False,False
2023-07-04,68393,16969.0,30.62,69.86,16.46,Tuesday,0,0,7,1024.44,2023-07-04,1168.55,1233.07,1153.9942857142858,1155.8707142857143,False,True,False,False,False,False,False
2023-07-05,68818,16969.0,31.34,69.05,0.0,Wednesday,0,0,7,1042.31,2023-07-05,1024.44,1114.07,1124.19,1141.807857142857,False,True,False,False,False,False,False
2023-07-06,68060,16983.0,32.12,68.23,0.0,Thursday,0,0,7,1021.63,2023-07-06,1042.31,1092.24,1113.9385714285713,1136.9321428571427,False,True,False,False,False,False,False
2023-07-07,68218,17022.0,34.5,67.4,0.0,Friday,0,0,7,1109.87,2023-07-07,1021.63,1111.72,1103.8514285714286,1130.4014285714286,False,True,False,False,False,False,False
2023-07-08,68202,17019.0,33.37,58.01,20.81,Saturday,1,0,7,1103.97,2023-07-08,1109.87,1221.88,1103.587142857143,1127.4392857142857,False,True,False,False,False,False,False
2023-07-09,68065,16895.0,31.94,65.99,1.91,Sunday,1,0,7,1156.55,2023-07-09,1103.97,1136.43,1086.742857142857,1121.667857142857,False,True,False,False,False,False,False
2023-07-10,68400,16928.0,34.21,68.29,17.68,Monday,0,0,7,1017.29,2023-07-10,1156.55,1168.55,1089.6171428571429,1119.0592857142858,False,True,False,False,False,False,False
2023-07-11,68057,17019.0,35.82,58.28,0.0,Tuesday,0,0,7,1159.76,2023-07-11,1017.29,1024.44,1068.0085714285713,1111.0014285714285,False,True,False,False,False,False,False
2023-07-12,67879,16897.0,33.59,51.38,16.15,Wednesday,0,0,7,1058.13,2023-07-12,1159.76,1042.31,1087.34,1105.7649999999999,False,True,False,False,False,False,False
2023-07-13,68463,16933.0,35.3,64.63,0.0,Thursday,0,0,7,1146.31,2023-07-13,1058.13,1021.63,1089.6,1101.7692857142858,False,True,False,False,False,False,False
2023-07-14,68496,16962.0,33.88,60.8,11.79,Friday,0,0,7,1130.84,2023-07-14,1146.31,1109.87,1107.4114285714286,1105.6314285714286,False,True,False,False,False,False,False
2023-07-15,68111,16983.0,31.84,56.8,0.0,Saturday,1,0,7,1158.8,2023-07-15,1130.84,1103.97,1110.4071428571428,1106.997142857143,False,True,False,False,False,False,False
2023-07-16,68342,17007.0,31.37,63.15,1.06,Sunday,1,0,7,1112.94,2023-07-16,1158.8,1156.55,1118.24,1102.4914285714285,False,True,False,False,False,False,False
2023-07-17,68197,16997.0,33.79,57.42,10.27,Monday,0,0,7,1200.19,2023-07-17,1112.94,1017.29,1112.01,1100.8135714285713,False,True,False,False,False,False,False
2023-07-18,68054,16973.0,33.58,61.44,6.73,Tuesday,0,0,7,1170.27,2023-07-18,1200.19,1159.76,1138.1385714285714,1103.0735714285715,False,True,False,False,False,False,False
2023-07-19,68377,17005.0,33.51,56.0,0.0,Wednesday,0,0,7,1125.44,2023-07-19,1170.27,1058.13,1139.64,1113.49,False,True,False,False,False,False,False
2023-07-20,68233,16964.0,30.73,66.15,0.0,Thursday,0,0,7,1139.3,2023-07-20,1125.44,1146.31,1149.2557142857142,1119.4278571428572,False,True,False,False,False,False,False
2023-07-21,68718,16970.0,31.44,57.65,0.0,Friday,0,0,7,1144.1,2023-07-21,1139.3,1130.84,1148.2542857142857,1127.8328571428572,False,True,False,False,False,False,False
2023-07-22,68737,17025.0,30.28,61.76,3.6,Saturday,1,0,7,1171.42,2023-07-22,1144.1,1158.8,1150.1485714285716,1130.277857142857,False,True,False,False,False,False,False
2023-07-23,68388,17019.0,33.72,63.6,0.0,Sunday,1,0,7,1210.17,2023-07-23,1171.42,1112.94,1151.9514285714286,1135.0957142857144,False,True,False,False,False,False,False
2023-07-24,68377,16980.0,35.11,60.44,2.93,Monday,0,0,7,1117.33,2023-07-24,1210.17,1200.19,1165.8414285714284,1138.9257142857143,False,True,False,False,False,False,False
2023-07-25,68127,16998.0,30.58,60.32,8.92,Tuesday,0,0,7,1297.45,2023-07-25,1117.33,1170.27,1154.0042857142857,1146.0714285714287,False,True,False,False,False,False,False
2023-07-26,68667,17025.0,35.03,60.24,18.16,Wednesday,0,0,7,1137.56,2023-07-26,1297.45,1125.44,1172.172857142857,1155.9064285714287,False,True,False,False,False,False,False
2023-07-27,68503,17006.0,32.95,65.28,4.93,Thursday,0,0,7,1088.98,2023-07-27,1137.56,1139.3,1173.9042857142856,1161.58,False,True,False,False,False,False,False
2023-07-28,68359,16979.0,34.1,70.11,27.6,Friday,0,0,7,1004.59,2023-07-28,1088.98,1144.1,1166.7157142857143,1157.485,False,True,False,False,False,False,False
2023-07-29,68670,17035.0,33.48,54.1,15.73,Saturday,1,0,7,1185.69,2023-07-29,1004.59,1171.42,1146.7857142857142,1148.4671428571428,False,True,False,False,False,False,False
2023-07-30,68179,16945.0,33.5,60.11,1.54,Sunday,1,0,7,1177.89,2023-07-30,1185.69,1210.17,1148.8242857142857,1150.3878571428572,False,True,False,False,False,False,False
2023-07-31,68096,16909.0,31.29,62.5,4.96,Monday,0,0,7,1049.69,2023-07-31,1177.89,1117.33,1144.2128571428573,1155.0271428571427,False,True,False,False,False,False,False
2023-08-01,67770,17055.0,31.99,50.78,4.49,Tuesday,0,0,8,1081.24,2023-08-01,1049.69,1297.45,1134.55,1144.2771428571427,False,True,False,False,False,False,False
2023-08-02,68127,16942.0,33.84,69.93,10.12,Wednesday,0,0,8,1086.54,2023-08-02,1081.24,1137.56,1103.662857142857,1137.9178571428572,False,True,False,False,False,False,False
2023-08-03,68277,16996.0,32.73,59.15,0.0,Thursday,0,0,8,1100.47,2023-08-03,1086.54,1088.98,1096.3742857142859,1135.1392857142857,False,True,False,False,False,False,False
2023-08-04,68439,17052.0,34.38,64.81,0.0,Friday,0,0,8,1095.11,2023-08-04,1100.47,1004.59,1098.0157142857142,1132.3657142857144,False,True,False,False,False,False,False
2023-08-05,68371,16963.0,33.61,64.22,0.0,Saturday,1,0,8,1111.55,2023-08-05,1095.11,1185.69,1110.9471428571428,1128.8664285714287,False,True,False,False,False,False,False
2023-08-06,68462,17026.0,33.82,63.51,0.0,Sunday,1,0,8,1228.61,2023-08-06,1111.55,1177.89,1100.3557142857142,1124.59,False,True,False,False,False,False,False
2023-08-07,68526,16971.0,28.05,60.39,17.43,Monday,0,0,8,1071.52,2023-08-07,1228.61,1049.69,1107.6014285714284,1125.9071428571428,False,True,False,False,False,False,False
2023-08-08,68146,17005.0,32.02,61.86,0.0,Tuesday,0,0,8,1107.68,2023-08-08,1071.52,1081.24,1110.72,1122.635,False,True,False,False,False,False,False
2023-08-09,68297,17034.0,34.36,64.63,0.0,Wednesday,0,0,8,1065.11,2023-08-09,1107.68,1086.54,1114.4971428571428,1109.08,False,True,False,False,False,False,False
2023-08-10,68602,17012.0,26.95,67.23,0.0,Thursday,0,0,8,1098.4,2023-08-10,1065.11,1100.47,1111.4357142857143,1103.905,False,True,False,False,False,False,False
2023-08-11,68287,17007.0,29.86,62.84,26.31,Friday,0,0,8,1057.61,2023-08-11,1098.4,1095.11,1111.1399999999999,1104.577857142857,False,True,False,False,False,False,False
2023-08-12,68720,13308.5,35.36,74.0,19.06,Saturday,1,0,8,1096.37,2023-08-12,1057.61,1111.55,1105.782857142857,1108.365,False,True,False,False,False,False,False
2023-08-13,68336,17006.0,32.06,74.66,0.0,Sunday,1,0,8,1083.96,2023-08-13,1096.37,1228.61,1103.6142857142856,1101.985,False,True,False,False,False,False,False
2023-08-14,68044,16967.0,31.67,66.99,0.0,Monday,0,0,8,1071.14,2023-08-14,1083.96,1071.52,1082.95,1095.2757142857142,False,True,False,False,False,False,False
2023-08-15,68506,17029.0,28.58,71.27,5.63,Tuesday,0,1,8,1075.16,2023-08-15,1071.14,1107.68,1082.8957142857143,1096.807857142857,False,True,False,False,False,False,False
2023-08-16,68738,16983.0,28.91,66.88,0.0,Wednesday,0,0,8,1102.94,2023-08-16,1075.16,1065.11,1078.25,1096.3735714285715,False,True,False,False,False,False,False
2023-08-17,68146,17001.0,34.33,74.69,0.0,Thursday,0,0,8,1095.61,2023-08-17,1102.94,1098.4,1083.6542857142856,1097.5449999999998,False,True,False,False,False,False,False
2023-08-18,68648,16913.0,30.9,62.81,0.0,Friday,0,0,8,1040.4,2023-08-18,1095.61,1057.61,1083.2557142857145,1097.1978571428572,False,True,False,False,False,False,False
2023-08-19,68372,17024.0,31.33,69.79,5.38,Saturday,1,0,8,1152.02,2023-08-19,1040.4,1096.37,1080.797142857143,1093.29,False,True,False,False,False,False,False
2023-08-20,68322,16957.0,31.19,67.5,5.52,Sunday,1,0,8,1148.48,2023-08-20,1152.02,1083.96,1088.7471428571428,1096.1807142857144,False,True,False,False,False,False,False
2023-08-21,68248,17033.0,27.67,76.98,19.51,Monday,0,0,8,1035.86,2023-08-21,1148.48,1071.14,1097.9642857142858,1090.4571428571428,False,True,False,False,False,False,False
2023-08-22,68576,16978.0,29.16,75.09,0.0,Tuesday,0,0,8,1059.0,2023-08-22,1035.86,1075.16,1092.9242857142858,1087.91,False,True,False,False,False,False,False
2023-08-23,68830,16971.0,34.33,65.7,11.77,Wednesday,0,0,8,1000.93,2023-08-23,1059.0,1102.94,1090.6157142857141,1084.4328571428573,False,True,False,False,False,False,False
2023-08-24,68299,16983.0,30.39,64.14,10.07,Thursday,0,0,8,1079.53,2023-08-24,1000.93,1095.61,1076.0428571428572,1079.8485714285714,False,True,False,False,False,False,False
2023-08-25,68231,17056.0,32.66,68.67,10.52,Friday,0,0,8,1142.24,2023-08-25,1079.53,1040.4,1073.7457142857143,1078.5007142857144,False,True,False,False,False,False,False
2023-08-26,68225,16990.0,31.02,69.38,6.17,Saturday,1,0,8,1076.18,2023-08-26,1142.24,1152.02,1088.2942857142857,1084.5457142857142,False,True,False,False,False,False,False
2023-08-27,68038,16959.0,32.26,71.04,15.08,Sunday,1,0,8,1052.84,2023-08-27,1076.18,1148.48,1077.4599999999998,1083.1035714285715,False,True,False,False,False,False,False
2023-08-28,68715,17005.0,27.94,65.45,0.0,Monday,0,0,8,1082.3,2023-08-28,1052.84,1035.86,1063.797142857143,1080.8807142857142,False,True,False,False,False,False,False
2023-08-29,68287,16942.0,33.81,65.12,7.09,Tuesday,0,0,8,1088.9,2023-08-29,1082.3,1059.0,1070.4314285714286,1081.6778571428572,False,True,False,False,False,False,False
2023-08-30,68552,17025.0,30.96,70.16,13.94,Wednesday,0,0,8,1079.14,2023-08-30,1088.9,1000.93,1074.702857142857,1082.6592857142857,False,True,False,False,False,False,False
2023-08-31,68337,16963.0,29.78,61.79,21.03,Thursday,0,0,8,1088.85,2023-08-31,1079.14,1079.53,1085.8757142857144,1080.9592857142857,False,True,False,False,False,False,False
2023-09-01,68078,17096.0,31.22,66.22,0.0,Friday,0,0,9,1088.81,2023-09-01,1088.85,1142.24,1087.2071428571428,1080.4764285714286,False,True,False,False,False,False,False
2023-09-02,68186,16990.0,27.66,63.78,8.28,Saturday,1,0,9,1085.42,2023-09-02,1088.81,1076.18,1079.5742857142857,1083.9342857142858,False,True,False,False,False,False,False
2023-09-03,68261,17038.0,29.86,59.28,8.88,Sunday,1,0,9,1111.16,2023-09-03,1085.42,1052.84,1080.8942857142858,1079.1771428571428,False,True,False,False,False,False,False
2023-09-04,68511,17007.0,29.03,55.33,14.99,Monday,0,0,9,1041.48,2023-09-04,1111.16,1082.3,1089.2257142857143,1076.5114285714285,False,True,False,False,False,False,False
2023-09-05,68676,17013.0,29.39,70.66,0.0,Tuesday,0,0,9,1089.63,2023-09-05,1041.48,1088.9,1083.3942857142858,1076.912857142857,False,True,False,False,False,False,False
2023-09-06,68663,16939.0,30.26,65.62,0.0,Wednesday,0,0,9,1045.58,2023-09-06,1089.63,1079.14,1083.4985714285715,1079.1007142857143,False,True,False,False,False,False,False
2023-09-07,68722,16999.0,28.63,68.44,16.66,Thursday,0,0,9,1000.08,2023-09-07,1045.58,1088.85,1078.7042857142858,1082.2900000000002,False,True,False,False,False,False,False
2023-09-08,68595,17010.0,29.3,73.33,16.35,Friday,0,0,9,1026.46,2023-09-08,1000.08,1088.81,1066.0228571428572,1076.615,False,True,False,False,False,False,False
2023-09-09,68910,16982.0,29.94,67.27,0.0,Saturday,1,0,9,1122.91,2023-09-09,1026.46,1085.42,1057.1157142857141,1068.345,False,True,False,False,False,False,False
2023-09-10,67495,17051.0,26.76,65.9,4.95,Sunday,1,0,9,1081.86,2023-09-10,1122.91,1111.16,1062.4714285714285,1071.682857142857,False,True,False,False,False,False,False
2023-09-11,68430,16996.0,29.89,59.0,0.0,Monday,0,0,9,1103.57,2023-09-11,1081.86,1041.48,1058.2857142857142,1073.7557142857142,False,True,False,False,False,False,False
2023-09-12,68168,16977.0,27.71,66.19,0.0,Tuesday,0,0,9,1023.19,2023-09-12,1103.57,1089.63,1067.1557142857143,1075.275,False,True,False,False,False,False,False
2023-09-13,68727,16932.0,24.69,73.05,0.73,Wednesday,0,0,9,1097.23,2023-09-13,1023.19,1045.58,1057.6642857142856,1070.5814285714287,False,True,False,False,False,False,False
2023-09-14,68792,16993.0,28.31,62.82,19.09,Thursday,0,0,9,1066.37,2023-09-14,1097.23,1000.08,1065.042857142857,1071.8735714285715,False,True,False,False,False,False,False
2023-09-15,69176,17046.0,28.64,61.28,0.0,Friday,0,0,9,1017.34,2023-09-15,1066.37,1026.46,1074.512857142857,1070.267857142857,False,True,False,False,False,False,False
2023-09-16,68745,17017.0,26.21,66.68,0.0,Saturday,1,0,9,1121.87,2023-09-16,1017.34,1122.91,1073.2099999999998,1065.162857142857,False,True,False,False,False,False,False
2023-09-17,68490,17010.0,27.26,75.56,3.94,Sunday,1,0,9,1078.42,2023-09-17,1121.87,1081.86,1073.0614285714285,1067.7664285714286,False,True,False,False,False,False,False
2023-09-18,68107,17029.0,31.54,58.64,4.94,Monday,0,0,9,1121.86,2023-09-18,1078.42,1103.57,1072.57,1065.4278571428572,False,True,False,False,False,False,False
2023-09-19,68098,16966.0,28.57,59.48,10.34,Tuesday,0,0,9,1052.3,2023-09-19,1121.86,1023.19,1075.182857142857,1071.1692857142857,False,True,False,False,False,False,False
2023-09-20,68637,16971.0,28.21,67.53,23.9,Wednesday,0,0,9,977.37,2023-09-20,1052.3,1097.23,1079.3414285714284,1068.502857142857,False,True,False,False,False,False,False
2023-09-21,67904,16995.0,26.62,61.74,29.35,Thursday,0,0,9,935.0,2023-09-21,977.37,1066.37,1062.2185714285713,1063.6307142857142,False,True,False,False,False,False,False
2023-09-22,68511,16980.0,25.1,66.17,0.0,Friday,0,0,9,1088.38,2023-09-22,935.0,1017.34,1043.4514285714286,1058.982142857143,False,True,False,False,False,False,False
2023-09-23,68527,17002.0,24.58,66.6,23.62,Saturday,1,0,9,1001.42,2023-09-23,1088.38,1121.87,1053.6,1063.405,False,True,False,False,False,False,False
2023-09-24,68677,17045.0,24.24,67.5,0.0,Sunday,1,0,9,1051.21,2023-09-24,1001.42,1078.42,1036.392857142857,1054.7271428571428,False,True,False,False,False,False,False
2023-09-25,68240,16984.0,26.15,59.94,13.05,Monday,0,0,9,1093.75,2023-09-25,1051.21,1121.86,1032.5057142857142,1052.537857142857,False,True,False,False,False,False,False
2023-09-26,68289,17085.0,28.11,63.27,17.28,Tuesday,0,0,9,1039.87,2023-09-26,1093.75,1052.3,1028.49,1051.8364285714285,False,True,False,False,False,False,False
2023-09-27,68132,16989.0,27.53,64.99,2.02,Wednesday,0,0,9,1014.51,2023-09-27,1039.87,977.37,1026.7142857142858,1053.027857142857,False,True,False,False,False,False,False
2023-09-28,68236,16994.0,30.32,63.97,16.07,Thursday,0,0,9,1080.78,2023-09-28,1014.51,935.0,1032.02,1047.1192857142858,False,True,False,False,False,False,False
2023-09-29,68552,16886.0,25.36,61.37,0.0,Friday,0,0,9,1079.38,2023-09-29,1080.78,1088.38,1052.8457142857144,1048.1485714285714,False,True,False,False,False,False,False
2023-09-30,68122,17057.0,25.23,76.82,15.19,Saturday,1,0,9,1097.78,2023-09-30,1079.38,1001.42,1051.56,1052.58,False,True,False,False,False,False,False
2023-10-01,68785,17012.0,25.54,70.63,21.52,Sunday,1,0,10,956.71,2023-10-01,1097.78,1051.21,1065.3257142857142,1050.8592857142858,False,True,False,False,True,False,False
2023-10-02,68066,17007.0,25.29,60.68,0.0,Monday,0,1,10,1172.08,2023-10-02,956.71,1093.75,1051.8257142857142,1042.1657142857143,False,True,False,False,True,False,False
2023-10-03,68618,17089.0,27.13,7.23,0.0,Tuesday,0,0,10,1077.35,2023-10-03,1172.08,1039.87,1063.0157142857142,1045.752857142857,False,True,False,False,True,False,False
2023-10-04,68732,16910.0,23.57,68.19,5.26,Wednesday,0,0,10,994.22,2023-10-04,1077.35,1014.51,1068.3700000000001,1047.5421428571428,False,True,False,False,True,False,False
2023-10-05,68440,17019.0,24.23,75.1,0.0,Thursday,0,0,10,1035.01,2023-10-05,994.22,1080.78,1065.4714285714285,1048.7457142857143,False,True,False,False,True,False,False
2023-10-06,68150,17000.0,27.28,62.76,11.09,Friday,0,0,10,1039.73,2023-10-06,1035.01,1079.38,1058.932857142857,1055.8892857142857,False,True,False,False,True,False,False
2023-10-07,68617,17035.0,24.14,62.46,10.81,Saturday,1,0,10,1054.09,2023-10-07,1039.73,1097.78,1053.2685714285715,1052.4142857142856,False,True,False,False,True,False,False
2023-10-08,68056,16996.0,27.39,72.86,12.72,Sunday,1,0,10,1061.24,2023-10-08,1054.09,956.71,1047.027142857143,1056.1764285714285,False,True,False,False,True,False,False
2023-10-09,68210,16987.0,27.51,72.15,0.0,Monday,0,0,10,1021.74,2023-10-09,1061.24,1172.08,1061.96,1056.892857142857,False,True,False,False,True,False,False
2023-10-10,68789,17008.0,25.03,69.01,0.0,Tuesday,0,0,10,1045.37,2023-10-10,1021.74,1077.35,1040.4828571428573,1051.7492857142859,False,True,False,False,True,False,False
2023-10-11,68808,16969.0,21.45,69.81,13.63,Wednesday,0,0,10,1009.97,2023-10-11,1045.37,994.22,1035.9142857142856,1052.1421428571427,False,True,False,False,True,False,False
2023-10-12,68101,16990.0,19.98,69.45,26.21,Thursday,0,0,10,947.41,2023-10-12,1009.97,1035.01,1038.1642857142858,1051.817857142857,False,True,False,False,True,False,False
2023-10-13,68536,17075.0,25.21,73.73,0.0,Friday,0,0,10,1014.74,2023-10-13,947.41,1039.73,1025.65,1042.2914285714285,False,True,False,False,True,False,False
2023-10-14,67962,17090.0,24.43,72.49,1.95,Saturday,1,0,10,1031.61,2023-10-14,1014.74,1054.09,1022.0799999999999,1037.6742857142858,False,True,False,False,True,False,False
2023-10-15,68556,17013.0,22.47,68.29,0.0,Sunday,1,0,10,1091.72,2023-10-15,1031.61,1061.24,1018.8685714285714,1032.947857142857,False,True,False,False,True,False,False
2023-10-16,68442,13308.5,28.15,59.97,9.59,Monday,0,0,10,1074.17,2023-10-16,1091.72,1021.74,1023.222857142857,1042.5914285714287,False,True,False,False,True,False,False
2023-10-17,68456,17029.0,24.79,78.51,0.0,Tuesday,0,0,10,1016.37,2023-10-17,1074.17,1045.37,1030.712857142857,1035.5978571428573,False,True,False,False,True,False,False
2023-10-18,67796,17011.0,25.9,70.5,0.0,Wednesday,0,0,10,1070.83,2023-10-18,1016.37,1009.97,1026.57,1031.2421428571429,False,True,False,False,True,False,False
2023-10-19,68808,17028.0,22.98,57.24,15.28,Thursday,0,0,10,966.61,2023-10-19,1070.83,947.41,1035.2642857142857,1036.7142857142858,False,True,False,False,True,False,False
2023-10-20,68389,17011.0,23.39,70.87,15.81,Friday,0,0,10,966.85,2023-10-20,966.61,1014.74,1038.007142857143,1031.8285714285714,False,True,False,False,True,False,False
2023-10-21,68206,17044.0,23.61,60.29,13.13,Saturday,1,0,10,1072.28,2023-10-21,966.85,1031.61,1031.1657142857143,1026.6228571428571,False,True,False,False,True,False,False
2023-10-22,68507,17035.0,24.04,66.91,0.0,Sunday,1,0,10,1081.25,2023-10-22,1072.28,1091.72,1036.9757142857143,1027.922142857143,False,True,False,False,True,False,False
2023-10-23,68604,16976.0,25.39,66.18,21.54,Monday,0,1,10,1094.2,2023-10-23,1081.25,1074.17,1035.48,1029.3514285714286,False,True,False,False,True,False,False
2023-10-24,68403,17030.0,27.95,71.57,59.4,Tuesday,0,0,10,921.85,2023-10-24,1094.2,1016.37,1038.3414285714287,1034.527142857143,False,True,False,False,True,False,False
2023-10-25,68042,17005.0,23.08,70.41,0.0,Wednesday,0,0,10,1052.78,2023-10-25,921.85,1070.83,1024.8385714285716,1025.7042857142858,False,True,False,False,True,False,False
2023-10-26,68615,17048.0,22.11,64.38,0.0,Thursday,0,0,10,1056.88,2023-10-26,1052.78,966.61,1022.2600000000001,1028.762142857143,False,True,False,False,True,False,False
2023-10-27,68979,17021.0,25.74,67.98,3.9,Friday,0,0,10,1064.41,2023-10-27,1056.88,966.85,1035.1557142857143,1036.5814285714287,False,True,False,False,True,False,False
2023-10-28,68472,17058.0,22.28,65.22,0.0,Saturday,1,0,10,1044.36,2023-10-28,1064.41,1072.28,1049.0928571428572,1040.1292857142857,False,True,False,False,True,False,False
2023-10-29,68970,17032.0,22.42,77.67,0.0,Sunday,1,0,10,1057.36,2023-10-29,1044.36,1081.25,1045.1042857142857,1041.0400000000002,False,True,False,False,True,False,False
2023-10-30,68433,17102.0,24.09,74.84,0.0,Monday,0,0,10,1041.34,2023-10-30,1057.36,1094.2,1041.6914285714286,1038.5857142857142,False,True,False,False,True,False,False
2023-10-31,68442,16982.0,22.3,69.09,0.0,Tuesday,0,0,10,1044.02,2023-10-31,1041.34,921.85,1034.1399999999999,1036.2407142857141,False,True,False,False,True,False,False
2023-11-01,67932,16975.0,21.63,76.88,2.17,Wednesday,0,0,11,974.89,2023-11-01,1044.02,1052.78,1051.5928571428572,1038.2157142857143,False,True,False,False,True,False,False
2023-11-02,68973,17005.0,22.59,68.52,0.0,Thursday,0,0,11,1000.69,2023-11-02,974.89,1056.88,1040.4657142857143,1031.3628571428571,False,True,False,False,True,False,False
2023-11-03,68559,17068.0,24.06,62.23,14.85,Friday,0,0,11,1011.66,2023-11-03,1000.69,1064.41,1032.4385714285713,1033.797142857143,False,True,False,False,True,False,False
2023-11-04,68488,17035.0,20.35,79.96,0.0,Saturday,1,0,11,1075.69,2023-11-04,1011.66,1044.36,1024.902857142857,1036.9978571428571,False,True,False,False,True,False,False
2023-11-05,68639,16994.0,24.33,67.66,0.0,Sunday,1,0,11,1036.36,2023-11-05,1075.69,1057.36,1029.3785714285714,1037.2414285714287,False,True,False,False,True,False,False
2023-11-06,68081,17082.0,24.0,77.48,7.56,Monday,0,0,11,928.77,2023-11-06,1036.36,1041.34,1026.3785714285714,1034.035,False,True,False,False,True,False,False
2023-11-07,68923,16991.0,21.4,66.75,25.48,Tuesday,0,0,11,912.34,2023-11-07,928.77,1044.02,1010.2971428571428,1022.2185714285714,False,True,False,False,True,False,False
2023-11-08,68666,17011.0,25.16,61.0,0.0,Wednesday,0,0,11,1044.95,2023-11-08,912.34,974.89,991.4857142857143,1021.5392857142857,False,True,False,False,True,False,False
2023-11-09,67888,17011.0,23.14,68.42,0.0,Thursday,0,0,11,1079.05,2023-11-09,1044.95,1000.69,1001.4942857142856,1020.9800000000001,False,True,False,False,True,False,False
2023-11-10,68692,16986.0,21.7,72.67,0.0,Friday,0,0,11,1052.43,2023-11-10,1079.05,1011.66,1012.6885714285714,1022.5635714285714,False,True,False,False,True,False,False
2023-11-11,68342,17046.0,19.84,65.79,11.21,Saturday,1,0,11,1053.88,2023-11-11,1052.43,1075.69,1018.5128571428571,1021.7078571428572,False,True,False,False,True,False,False
2023-11-12,68138,16934.0,23.25,64.39,16.7,Sunday,1,0,11,994.13,2023-11-12,1053.88,1036.36,1015.3971428571429,1022.3878571428571,False,True,False,False,True,False,False
2023-11-13,69004,17069.0,23.75,70.03,0.0,Monday,0,0,11,1040.11,2023-11-13,994.13,928.77,1009.3642857142858,1017.8714285714286,False,True,False,False,True,False,False
2023-11-14,68178,16995.0,18.44,72.03,0.0,Tuesday,0,0,11,990.97,2023-11-14,1040.11,912.34,1025.27,1017.7835714285715,False,True,False,False,True,False,False
2023-11-15,68233,16999.0,22.79,73.54,12.36,Wednesday,0,0,11,993.03,2023-11-15,990.97,1044.95,1036.5028571428572,1013.9942857142858,False,True,False,False,True,False,False
2023-11-16,68635,17034.0,21.71,63.99,15.68,Thursday,0,0,11,962.06,2023-11-16,993.03,1079.05,1029.0857142857142,1015.2900000000001,False,True,False,False,True,False,False
2023-11-17,68167,17008.0,20.54,63.59,0.0,Friday,0,0,11,1026.22,2023-11-17,962.06,1052.43,1012.3728571428572,1012.5307142857143,False,True,False,False,True,False,False
2023-11-18,68400,16963.0,25.11,68.91,0.0,Saturday,1,0,11,1089.53,2023-11-18,1026.22,1053.88,1008.6285714285714,1013.5707142857143,False,True,False,False,True,False,False
2023-11-19,68744,16970.0,23.59,74.76,9.29,Sunday,1,0,11,1000.85,2023-11-19,1089.53,994.13,1013.7214285714284,1014.5592857142857,False,True,False,False,True,False,False
2023-11-20,68802,17050.0,20.76,79.44,7.28,Monday,0,0,11,965.07,2023-11-20,1000.85,1040.11,1014.6814285714285,1012.0228571428572,False,True,False,False,True,False,False
2023-11-21,68398,16998.0,20.12,66.91,0.0,Tuesday,0,0,11,1014.78,2023-11-21,965.07,990.97,1003.9614285714285,1014.6157142857144,False,True,False,False,True,False,False
2023-11-22,67926,16972.0,20.02,65.93,27.36,Wednesday,0,0,11,899.95,2023-11-22,1014.78,993.03,1007.3628571428571,1021.9328571428571,False,True,False,False,True,False,False
2023-11-23,68934,17079.0,21.93,61.47,13.88,Thursday,0,0,11,975.69,2023-11-23,899.95,962.06,994.0657142857143,1011.5757142857143,False,True,False,False,True,False,False
2023-11-24,68348,16986.0,23.42,73.02,0.0,Friday,0,0,11,1047.77,2023-11-24,975.69,1026.22,996.0128571428571,1004.1928571428572,False,True,False,False,True,False,False
2023-11-25,69095,17057.0,22.3,69.3,27.02,Saturday,1,0,11,949.68,2023-11-25,1047.77,1089.53,999.0914285714287,1003.86,False,True,False,False,True,False,False
2023-11-26,68624,17056.0,16.39,67.16,1.07,Sunday,1,0,11,1040.64,2023-11-26,949.68,1000.85,979.1128571428573,996.4171428571427,False,True,False,False,True,False,False
2023-11-27,68647,17083.0,20.7,67.97,7.34,Monday,0,0,11,1031.47,2023-11-27,1040.64,965.07,984.7971428571428,999.7392857142858,False,True,False,False,True,False,False
2023-11-28,68651,17072.0,20.64,76.7,0.0,Tuesday,0,0,11,1020.16,2023-11-28,1031.47,1014.78,994.2828571428572,999.1221428571429,False,True,False,False,True,False,False
2023-11-29,68714,16993.0,19.81,60.94,24.88,Wednesday,0,0,11,977.96,2023-11-29,1020.16,899.95,995.0514285714286,1001.2071428571428,False,True,False,False,True,False,False
2023-11-30,68692,17050.0,21.77,66.08,0.0,Thursday,0,0,11,1031.04,2023-11-30,977.96,975.69,1006.1957142857143,1000.1307142857142,False,True,False,False,True,False,False
2023-12-01,68127,16986.0,20.83,74.31,56.07,Friday,0,0,12,901.35,2023-12-01,1031.04,1047.77,1014.1028571428573,1005.0578571428571,False,True,False,False,False,False,True
2023-12-02,68787,17052.0,22.47,69.31,0.0,Saturday,1,0,12,1132.02,2023-12-02,901.35,949.68,993.1857142857143,996.1385714285715,False,True,False,False,False,False,True
2023-12-03,68602,16975.0,23.34,69.77,0.0,Sunday,1,0,12,1080.05,2023-12-03,1132.02,1040.64,1019.2342857142856,999.1735714285714,False,True,False,False,False,False,True
2023-12-04,69183,17035.0,18.26,76.66,0.0,Monday,0,0,12,1022.61,2023-12-04,1080.05,1031.47,1024.8642857142856,1004.8307142857142,False,True,False,False,False,False,True
2023-12-05,68584,16992.0,18.85,79.58,0.0,Tuesday,0,0,12,997.19,2023-12-05,1022.61,1020.16,1023.5985714285715,1008.9407142857143,False,True,False,False,False,False,True
2023-12-06,68795,16962.0,20.71,82.14,0.0,Wednesday,0,0,12,1050.66,2023-12-06,997.19,977.96,1020.3171428571429,1007.6842857142858,False,True,False,False,False,False,True
2023-12-07,68855,17027.0,22.02,78.18,15.97,Thursday,0,0,12,1004.31,2023-12-07,1050.66,1031.04,1030.702857142857,1018.4492857142858,False,True,False,False,False,False,True
2023-12-08,68587,17043.0,22.38,71.46,4.67,Friday,0,0,12,1042.84,2023-12-08,1004.31,901.35,1026.8842857142856,1020.4935714285714,False,True,False,False,False,False,True
2023-12-09,68767,17047.0,22.41,65.87,23.22,Saturday,1,0,12,1012.56,2023-12-09,1042.84,1132.02,1047.097142857143,1020.1414285714285,False,True,False,False,False,False,True
2023-12-10,68698,16988.0,27.26,66.81,0.0,Sunday,1,0,12,1031.45,2023-12-10,1012.56,1080.05,1030.0314285714285,1024.6328571428571,False,True,False,False,False,False,True
2023-12-11,68488,16964.0,21.4,59.9,22.76,Monday,0,0,12,944.77,2023-12-11,1031.45,1022.61,1023.0885714285715,1023.9764285714285,False,True,False,False,False,False,True
2023-12-12,68473,17019.0,22.62,63.14,0.0,Tuesday,0,0,12,1077.32,2023-12-12,944.77,997.19,1011.9685714285714,1017.7835714285715,False,True,False,False,False,False,True
2023-12-13,68981,17026.0,21.8,73.7,6.72,Wednesday,0,0,12,1048.89,2023-12-13,1077.32,1050.66,1023.4157142857142,1021.8664285714286,False,True,False,False,False,False,True
2023-12-14,68238,17086.0,18.57,72.57,0.0,Thursday,0,0,12,1027.3,2023-12-14,1048.89,1004.31,1023.1628571428572,1026.932857142857,False,True,False,False,False,False,True
2023-12-15,68519,17022.0,19.49,67.86,6.59,Friday,0,0,12,1037.39,2023-12-15,1027.3,1042.84,1026.4471428571428,1026.6657142857143,False,True,False,False,False,False,True
2023-12-16,68787,16979.0,22.77,75.38,0.0,Saturday,1,0,12,1118.93,2023-12-16,1037.39,1012.56,1025.6685714285716,1036.3828571428571,False,True,False,False,False,False,True
2023-12-17,68866,17013.0,19.22,70.18,0.0,Sunday,1,0,12,1032.72,2023-12-17,1118.93,1031.45,1040.8642857142856,1035.4478571428572,False,True,False,False,False,False,True
2023-12-18,68604,17061.0,18.6,74.13,0.0,Monday,0,0,12,1074.82,2023-12-18,1032.72,944.77,1041.0457142857144,1032.067142857143,False,True,False,False,False,False,True
2023-12-19,68524,17097.0,20.03,74.84,19.1,Tuesday,0,0,12,941.8,2023-12-19,1074.82,1077.32,1059.6242857142856,1035.7964285714286,False,True,False,False,False,False,True
2023-12-20,68725,17052.0,24.41,70.34,0.0,Wednesday,0,0,12,1017.09,2023-12-20,941.8,1048.89,1040.2642857142857,1031.84,False,True,False,False,False,False,True
2023-12-21,68548,16984.0,20.05,65.15,0.0,Thursday,0,0,12,1027.36,2023-12-21,1017.09,1027.3,1035.7214285714285,1029.4421428571427,False,True,False,False,False,False,True
2023-12-22,68429,17011.0,27.26,65.75,0.0,Friday,0,0,12,996.27,2023-12-22,1027.36,1037.39,1035.73,1031.0885714285714,False,True,False,False,False,False,True
2023-12-23,68603,17079.0,23.78,71.83,0.0,Saturday,1,0,12,1122.1,2023-12-23,996.27,1118.93,1029.8557142857142,1027.7621428571429,False,True,False,False,False,False,True
2023-12-24,68567,17037.0,17.97,75.26,28.11,Sunday,1,0,12,969.46,2023-12-24,1122.1,1032.72,1030.3085714285714,1035.5864285714285,False,True,False,False,False,False,True
2023-12-25,67916,17106.0,17.35,73.82,23.04,Monday,0,1,12,942.01,2023-12-25,969.46,1074.82,1021.2714285714285,1031.1585714285713,False,True,False,False,False,False,True
2023-12-26,68503,16967.0,20.13,64.71,0.0,Tuesday,0,0,12,1017.79,2023-12-26,942.01,941.8,1002.2985714285714,1030.9614285714285,False,True,False,False,False,False,True
2023-12-27,68495,17054.0,19.63,62.2,0.0,Wednesday,0,0,12,1058.27,2023-12-27,1017.79,1017.09,1013.1542857142857,1026.7092857142857,False,True,False,False,False,False,True
2023-12-28,68487,16988.0,21.36,71.64,0.0,Thursday,0,0,12,1025.79,2023-12-28,1058.27,1027.36,1019.0371428571427,1027.3792857142857,False,True,False,False,False,False,True
2023-12-29,68695,17039.0,22.87,69.0,0.0,Friday,0,0,12,1063.79,2023-12-29,1025.79,996.27,1018.8128571428571,1027.2714285714287,False,True,False,False,False,False,True
2023-12-30,68402,17037.0,18.26,69.79,21.88,Saturday,1,0,12,1062.49,2023-12-30,1063.79,1122.1,1028.4585714285715,1029.1571428571428,False,True,False,False,False,False,True
2023-12-31,69188,17024.0,24.13,78.29,0.0,Sunday,1,0,12,1148.66,2023-12-31,1062.49,969.46,1019.9428571428572,1025.1257142857141,False,True,False,False,False,False,True
2024-01-01,68425,17059.0,18.14,73.5,0.0,Monday,0,1,1,1103.81,2024-01-01,1148.66,942.01,1045.5428571428572,1033.4071428571428,False,True,False,False,False,False,True
2024-01-02,68665,17029.0,21.27,62.55,7.03,Tuesday,0,0,1,1052.25,2024-01-02,1103.81,1017.79,1068.6571428571428,1035.4778571428571,False,True,False,False,False,False,True
2024-01-03,68563,17014.0,23.19,65.23,0.0,Wednesday,0,0,1,1063.44,2024-01-03,1052.25,1058.27,1073.58,1043.3671428571429,False,True,False,False,False,False,True
2024-01-04,68420,17079.0,23.0,73.76,7.0,Thursday,0,0,1,1015.23,2024-01-04,1063.44,1025.79,1074.3185714285714,1046.6778571428572,False,True,False,False,False,False,True
2024-01-05,68656,17040.0,20.64,67.31,0.0,Friday,0,0,1,1064.45,2024-01-05,1015.23,1063.79,1072.81,1045.8114285714287,False,True,False,False,False,False,True
2024-01-06,68842,17061.0,21.46,78.69,0.0,Saturday,1,0,1,1089.41,2024-01-06,1064.45,1062.49,1072.9042857142856,1050.6814285714286,False,True,False,False,False,False,True
2024-01-07,68716,17073.0,18.35,78.07,0.0,Sunday,1,0,1,1074.35,2024-01-07,1089.41,1148.66,1076.7500000000002,1048.3464285714285,False,True,False,False,False,False,True
2024-01-08,68976,17013.0,20.97,73.59,0.0,Monday,0,0,1,1075.52,2024-01-08,1074.35,1103.81,1066.1342857142856,1055.8385714285714,False,True,False,False,False,False,True
2024-01-09,68440,17103.0,20.2,68.84,5.8,Tuesday,0,0,1,1012.23,2024-01-09,1075.52,1052.25,1062.0928571428572,1065.375,False,True,False,False,False,False,True
2024-01-10,69158,17040.0,21.5,69.5,0.0,Wednesday,0,0,1,1062.81,2024-01-10,1012.23,1063.44,1056.3757142857144,1064.9778571428571,False,True,False,False,False,False,True
2024-01-11,68202,17054.0,20.42,71.52,0.0,Thursday,0,0,1,1038.93,2024-01-11,1062.81,1015.23,1056.2857142857142,1065.3021428571428,False,True,False,False,False,False,True
2024-01-12,68717,17094.0,21.54,68.47,0.97,Friday,0,0,1,1069.57,2024-01-12,1038.93,1064.45,1059.6714285714286,1066.2407142857141,False,True,False,False,False,False,True
2024-01-13,68368,17006.0,21.34,71.36,0.0,Saturday,1,0,1,1099.19,2024-01-13,1069.57,1089.41,1060.402857142857,1066.6535714285715,False,True,False,False,False,False,True
2024-01-14,68216,17056.0,18.09,64.13,0.0,Sunday,1,1,1,1152.29,2024-01-14,1099.19,1074.35,1061.8,1069.275,False,True,False,False,False,False,True
2024-01-15,68833,17096.0,22.01,71.08,0.0,Monday,0,0,1,1015.84,2024-01-15,1152.29,1075.52,1072.9342857142858,1069.5342857142857,False,True,False,False,False,False,True
2024-01-16,68506,17078.0,18.8,74.51,0.0,Tuesday,0,0,1,1080.84,2024-01-16,1015.84,1012.23,1064.4085714285713,1063.2507142857144,False,True,False,False,False,False,True
2024-01-17,68976,17045.0,21.87,65.62,0.0,Wednesday,0,0,1,1126.61,2024-01-17,1080.84,1062.81,1074.21,1065.292857142857,False,True,False,False,False,False,True
2024-01-18,68753,17066.0,23.22,60.41,0.0,Thursday,0,0,1,1068.94,2024-01-18,1126.61,1038.93,1083.3242857142857,1069.805,False,True,False,False,False,False,True
2024-01-19,68532,17084.0,22.39,68.43,0.0,Friday,0,0,1,1026.96,2024-01-19,1068.94,1069.57,1087.6114285714286,1073.6414285714286,False,True,False,False,False,False,True
2024-01-20,68277,17044.0,26.35,69.59,0.0,Saturday,1,0,1,1086.31,2024-01-20,1026.96,1099.19,1081.5242857142857,1070.9635714285714,False,True,False,False,False,False,True
2024-01-21,68797,17039.0,23.4,69.34,0.0,Sunday,1,0,1,1089.72,2024-01-21,1086.31,1152.29,1079.6842857142858,1070.7421428571429,False,True,False,False,False,False,True
2024-01-22,68401,17089.0,22.2,64.85,28.48,Monday,0,0,1,944.44,2024-01-22,1089.72,1015.84,1070.7457142857143,1071.84,False,True,False,False,False,False,True
2024-01-23,69081,17047.0,21.75,75.0,0.0,Tuesday,0,0,1,1029.22,2024-01-23,944.44,1080.84,1060.5457142857142,1062.4771428571428,False,True,False,False,False,False,True
2024-01-24,68929,17089.0,22.89,68.65,0.0,Wednesday,0,0,1,1068.43,2024-01-24,1029.22,1126.61,1053.1714285714286,1063.6907142857142,False,True,False,False,False,False,True
2024-01-25,68857,17113.0,21.41,68.2,28.48,Thursday,0,0,1,951.92,2024-01-25,1068.43,1068.94,1044.8600000000001,1064.092142857143,False,True,False,False,False,False,True
2024-01-26,68220,16995.0,27.26,70.19,0.0,Friday,0,1,1,1108.55,2024-01-26,951.92,1026.96,1028.142857142857,1057.8771428571429,False,True,False,False,False,False,True
2024-01-27,68487,13308.5,22.33,74.75,0.0,Saturday,1,0,1,1049.49,2024-01-27,1108.55,1086.31,1039.7985714285714,1060.6614285714286,False,True,False,False,False,False,True
2024-01-28,69072,17016.0,21.83,63.15,0.0,Sunday,1,0,1,1103.41,2024-01-28,1049.49,1089.72,1034.5385714285715,1057.1114285714286,False,True,False,False,False,False,True
2024-01-29,68284,17005.0,17.84,73.5,0.0,Monday,0,0,1,1068.15,2024-01-29,1103.41,944.44,1036.4942857142858,1053.6200000000001,False,True,False,False,False,False,True
2024-01-30,68863,17077.0,21.71,68.6,0.0,Tuesday,0,0,1,1069.1,2024-01-30,1068.15,1029.22,1054.1671428571428,1057.3564285714285,False,True,False,False,False,False,True
2024-01-31,68898,17043.0,22.85,63.36,4.71,Wednesday,0,0,1,1164.33,2024-01-31,1069.1,1068.43,1059.8642857142856,1056.517857142857,False,True,False,False,False,False,True
2024-02-01,69345,17070.0,20.36,66.01,0.0,Thursday,0,0,2,1089.65,2024-02-01,1164.33,951.92,1073.5642857142857,1059.212142857143,False,True,False,False,False,False,True
2024-02-02,68565,17068.0,21.92,71.02,0.0,Friday,0,0,2,1038.7,2024-02-02,1089.65,1108.55,1093.24,1060.6914285714286,False,True,False,False,False,False,True
2024-02-03,68600,17036.0,24.17,60.97,0.0,Saturday,1,0,2,1141.37,2024-02-03,1038.7,1049.49,1083.2614285714287,1061.53,False,True,False,False,False,False,True
2024-02-04,68281,16994.0,25.97,69.78,0.0,Sunday,1,0,2,1229.7,2024-02-04,1141.37,1103.41,1096.3871428571429,1065.462857142857,False,True,False,False,False,False,True
2024-02-05,69063,17013.0,19.76,73.34,24.92,Monday,0,0,2,1023.48,2024-02-05,1229.7,1068.15,1114.4285714285713,1075.4614285714285,False,True,False,False,False,False,True
2024-02-06,68857,17040.0,23.32,64.78,0.0,Tuesday,0,0,2,1049.12,2024-02-06,1023.48,1069.1,1108.047142857143,1081.107142857143,False,True,False,False,False,False,True
2024-02-07,68564,17038.0,20.85,63.27,0.0,Wednesday,0,0,2,1053.65,2024-02-07,1049.12,1164.33,1105.1928571428573,1082.5285714285715,False,True,False,False,False,False,True
2024-02-08,68186,17103.0,22.8,66.67,19.54,Thursday,0,0,2,1006.29,2024-02-08,1053.65,1089.65,1089.3814285714286,1081.472857142857,False,True,False,False,False,False,True
2024-02-09,68595,17144.0,21.88,74.26,17.07,Friday,0,0,2,992.84,2024-02-09,1006.29,1038.7,1077.4728571428573,1085.3564285714285,False,True,False,False,False,False,True
2024-02-10,69040,17075.0,25.12,80.81,0.0,Saturday,1,0,2,1097.61,2024-02-10,992.84,1141.37,1070.9214285714286,1077.0914285714287,False,True,False,False,False,False,True
2024-02-11,68973,17048.0,25.75,67.23,0.0,Sunday,1,0,2,1130.08,2024-02-11,1097.61,1229.7,1064.6699999999998,1080.5285714285715,False,True,False,False,False,False,True
2024-02-12,68685,17001.0,21.96,63.1,0.0,Monday,0,0,2,1071.44,2024-02-12,1130.08,1023.48,1050.4385714285713,1082.4335714285714,False,True,False,False,False,False,True
2024-02-13,68435,17093.0,24.98,70.71,0.0,Tuesday,0,0,2,1099.45,2024-02-13,1071.44,1049.12,1057.2900000000002,1082.6685714285713,False,True,False,False,False,False,True
2024-02-14,68598,17080.0,25.02,70.26,0.0,Wednesday,0,0,2,1112.7,2024-02-14,1099.45,1053.65,1064.48,1084.8364285714285,False,True,False,False,False,False,True
2024-02-15,68855,17090.0,22.09,71.11,0.0,Thursday,0,0,2,1007.68,2024-02-15,1112.7,1006.29,1072.9157142857143,1081.1485714285716,False,True,False,False,False,False,True
2024-02-16,68314,17070.0,20.17,66.48,0.0,Friday,0,0,2,1114.92,2024-02-16,1007.68,992.84,1073.1142857142856,1075.2935714285713,False,True,False,False,False,False,True
2024-02-17,68371,17072.0,22.9,72.8,0.0,Saturday,1,0,2,1134.52,2024-02-17,1114.92,1097.61,1090.5542857142857,1080.7378571428571,False,True,False,False,False,False,True
2024-02-18,68581,17066.0,20.12,65.83,7.72,Sunday,1,0,2,1101.57,2024-02-18,1134.52,1130.08,1095.827142857143,1080.2485714285715,False,True,False,False,False,False,True
2024-02-19,68897,17016.0,22.02,70.39,0.0,Monday,0,0,2,1040.83,2024-02-19,1101.57,1071.44,1091.7542857142857,1071.0964285714285,False,True,False,False,False,False,True
2024-02-20,68683,17083.0,26.02,65.42,0.0,Tuesday,0,0,2,1161.12,2024-02-20,1040.83,1099.45,1087.3814285714286,1072.3357142857142,False,True,False,False,False,False,True
2024-02-21,68771,17066.0,22.81,61.59,0.0,Wednesday,0,0,2,1091.4,2024-02-21,1161.12,1112.7,1096.1914285714286,1080.3357142857144,False,True,False,False,False,False,True
2024-02-22,68797,17010.0,23.5,78.55,0.0,Thursday,0,0,2,1111.59,2024-02-22,1091.4,1007.68,1093.1485714285714,1083.0321428571428,False,True,False,False,False,False,True
2024-02-23,68558,17000.0,24.89,55.71,0.0,Friday,0,0,2,1096.46,2024-02-23,1111.59,1114.92,1107.992857142857,1090.5535714285713,False,True,False,False,False,False,True
2024-02-24,69193,17126.0,26.15,62.76,16.46,Saturday,1,0,2,1105.88,2024-02-24,1096.46,1134.52,1105.3557142857142,1097.955,False,True,False,False,False,False,True
2024-02-25,68502,17067.0,24.82,62.47,0.0,Sunday,1,0,2,1098.15,2024-02-25,1105.88,1101.57,1101.2642857142857,1098.5457142857142,False,True,False,False,False,False,True
2024-02-26,68427,17073.0,21.52,63.8,0.0,Monday,0,0,2,1068.11,2024-02-26,1098.15,1040.83,1100.7757142857142,1096.265,False,True,False,False,False,False,True
2024-02-27,68746,17001.0,24.08,64.56,0.0,Tuesday,0,0,2,1081.1,2024-02-27,1068.11,1161.12,1104.672857142857,1096.027142857143,False,True,False,False,False,False,True
2024-02-28,68470,17124.0,21.96,67.27,0.0,Wednesday,0,0,2,1075.61,2024-02-28,1081.1,1091.4,1093.2414285714287,1094.7164285714284,False,True,False,False,False,False,True
2024-02-29,68205,17039.0,22.72,77.32,0.0,Thursday,0,0,2,1082.92,2024-02-29,1075.61,1111.59,1090.9857142857143,1092.0671428571427,False,True,False,False,False,False,True
2024-03-01,68844,17030.0,23.65,65.36,0.0,Friday,0,0,3,1090.41,2024-03-01,1082.92,1096.46,1086.8899999999999,1097.4414285714286,False,True,False,False,False,True,False
2024-03-02,68486,17100.0,24.8,68.62,0.0,Saturday,1,0,3,1193.77,2024-03-02,1090.41,1105.88,1086.0257142857142,1095.6907142857142,False,True,False,False,False,True,False
2024-03-03,68944,17070.0,23.86,60.03,0.0,Sunday,1,0,3,1179.14,2024-03-03,1193.77,1098.15,1098.5814285714284,1099.922857142857,False,True,False,False,False,True,False
2024-03-04,69119,17073.0,27.8,64.25,0.0,Monday,0,0,3,1109.68,2024-03-04,1179.14,1068.11,1110.1514285714286,1105.4635714285714,False,True,False,False,False,True,False
2024-03-05,68690,17021.0,25.87,65.95,0.0,Tuesday,0,0,3,1100.46,2024-03-05,1109.68,1081.1,1116.09,1110.3814285714286,False,True,False,False,False,True,False
2024-03-06,68881,17076.0,28.23,69.05,0.0,Wednesday,0,0,3,1135.41,2024-03-06,1100.46,1075.61,1118.8557142857142,1106.0485714285714,False,True,False,False,False,True,False
2024-03-07,68791,17068.0,24.19,68.31,3.88,Thursday,0,0,3,1038.7,2024-03-07,1135.41,1082.92,1127.3985714285716,1109.192142857143,False,True,False,False,False,True,False
2024-03-08,68802,17124.0,23.33,74.32,0.0,Friday,0,0,3,1100.99,2024-03-08,1038.7,1090.41,1121.0814285714287,1103.9857142857143,False,True,False,False,False,True,False
2024-03-09,68401,17020.0,24.18,61.99,0.0,Saturday,1,0,3,1085.52,2024-03-09,1100.99,1193.77,1122.5928571428572,1104.3092857142858,False,True,False,False,False,True,False
2024-03-10,68783,17080.0,26.69,71.87,0.0,Sunday,1,0,3,1170.78,2024-03-10,1085.52,1179.14,1107.1285714285714,1102.855,False,True,False,False,False,True,False
2024-03-11,69001,17141.0,23.53,58.4,0.0,Monday,0,0,3,1152.15,2024-03-11,1170.78,1109.68,1105.9342857142858,1108.0428571428572,False,True,False,False,False,True,False
2024-03-12,68861,17117.0,29.36,73.26,0.0,Tuesday,0,0,3,1096.57,2024-03-12,1152.15,1100.46,1112.0014285714285,1114.0457142857142,False,True,False,False,False,True,False
2024-03-13,68753,17065.0,26.08,75.25,0.0,Wednesday,0,0,3,1154.07,2024-03-13,1096.57,1135.41,1111.4457142857143,1115.1507142857142,False,True,False,False,False,True,False
2024-03-14,68466,17031.0,22.88,71.28,4.74,Thursday,0,0,3,1102.46,2024-03-14,1154.07,1038.7,1114.1114285714286,1120.7549999999999,False,True,False,False,False,True,False
2024-03-15,68503,17036.0,25.92,69.84,0.0,Friday,0,0,3,1300.6,2024-03-15,1102.46,1100.99,1123.22,1122.1507142857142,False,True,False,False,False,True,False
2024-03-16,68693,17072.0,25.87,63.06,0.0,Saturday,1,0,3,1093.43,2024-03-16,1300.6,1085.52,1151.7357142857143,1137.1642857142858,False,True,False,False,False,True,False
2024-03-17,68800,17073.0,27.23,68.59,0.0,Sunday,1,0,3,1157.13,2024-03-17,1093.43,1170.78,1152.8657142857141,1129.9971428571428,False,True,False,False,False,True,False
2024-03-18,69314,17106.0,27.09,73.79,0.0,Monday,0,0,3,1077.46,2024-03-18,1157.13,1152.15,1150.9157142857143,1128.425,False,True,False,False,False,True,False
2024-03-19,68684,17092.0,26.43,66.76,0.0,Tuesday,0,0,3,1168.17,2024-03-19,1077.46,1096.57,1140.2457142857143,1126.1235714285715,False,True,False,False,False,True,False
2024-03-20,68582,17007.0,24.94,69.51,0.0,Wednesday,0,0,3,1099.04,2024-03-20,1168.17,1154.07,1150.4742857142858,1130.9599999999998,False,True,False,False,False,True,False
2024-03-21,69029,17069.0,27.62,64.46,0.0,Thursday,0,0,3,1085.88,2024-03-21,1099.04,1102.46,1142.6128571428571,1128.3621428571428,False,True,False,False,False,True,False
2024-03-22,68977,17030.0,25.66,69.71,15.61,Friday,0,0,3,1131.27,2024-03-22,1085.88,1300.6,1140.2442857142858,1131.732142857143,False,True,False,False,False,True,False
2024-03-23,69299,17094.0,24.66,78.48,170.04,Saturday,1,0,3,1169.4,2024-03-23,1131.27,1093.43,1116.054285714286,1133.895,False,True,False,False,False,True,False
2024-03-24,68398,17010.0,27.4,73.71,0.0,Sunday,1,0,3,1237.1,2024-03-24,1169.4,1157.13,1126.9071428571428,1139.8864285714285,False,True,False,False,False,True,False
2024-03-25,68702,17115.0,30.65,64.96,0.0,Monday,0,0,3,1162.25,2024-03-25,1237.1,1077.46,1138.3314285714284,1144.6235714285715,False,True,False,False,False,True,False
2024-03-26,68769,17099.0,28.01,68.27,0.0,Tuesday,0,0,3,1058.29,2024-03-26,1162.25,1168.17,1150.4442857142858,1145.345,False,True,False,False,False,True,False
2024-03-27,68608,17052.0,30.56,70.29,0.0,Wednesday,0,0,3,1546.32,2024-03-27,1058.29,1099.04,1134.7471428571428,1142.6107142857143,False,True,False,False,False,True,False
2024-03-28,68682,17120.0,26.61,62.19,0.0,Thursday,0,0,3,1133.81,2024-03-28,1546.32,1085.88,1198.6442857142858,1170.6285714285714,False,True,False,False,False,True,False
2024-03-29,68359,16986.0,29.92,60.27,0.0,Friday,0,0,3,1055.67,2024-03-29,1133.81,1131.27,1205.4914285714287,1172.8678571428572,False,True,False,False,False,True,False
2024-03-30,68792,17086.0,28.81,55.89,0.0,Saturday,1,0,3,1163.58,2024-03-30,1055.67,1169.4,1194.6914285714286,1155.3728571428571,False,True,False,False,False,True,False
2024-03-31,68639,17084.0,30.33,58.1,0.0,Sunday,1,0,3,1222.42,2024-03-31,1163.58,1237.1,1193.8600000000001,1160.3835714285715,False,True,False,False,False,True,False
2024-04-01,68660,17092.0,28.46,69.72,0.0,Monday,0,0,4,1133.06,2024-04-01,1222.42,1162.25,1191.7628571428572,1165.047142857143,False,True,False,False,False,True,False
2024-04-02,68771,17080.0,26.57,70.11,0.0,Tuesday,0,0,4,1105.86,2024-04-02,1133.06,1058.29,1187.5928571428572,1169.0185714285715,False,True,False,False,False,True,False
2024-04-03,68520,17018.0,32.68,62.2,0.0,Wednesday,0,0,4,1122.79,2024-04-03,1105.86,1546.32,1194.3885714285716,1164.5678571428573,False,True,False,False,False,True,False
2024-04-04,68539,17127.0,26.29,59.63,0.0,Thursday,0,0,4,1129.04,2024-04-04,1122.79,1133.81,1133.8842857142856,1166.2642857142857,False,True,False,False,False,True,False
2024-04-05,68854,17082.0,28.81,59.16,0.0,Friday,0,0,4,1119.14,2024-04-05,1129.04,1055.67,1133.202857142857,1169.3471428571427,False,True,False,False,False,True,False
2024-04-06,68783,17015.0,28.12,65.63,0.0,Saturday,1,0,4,1194.43,2024-04-06,1119.14,1163.58,1142.27,1168.4807142857142,False,True,False,False,False,True,False
2024-04-07,68550,17122.0,28.49,73.42,0.0,Sunday,1,0,4,1187.28,2024-04-07,1194.43,1222.42,1146.6771428571428,1170.2685714285712,False,True,False,False,False,True,False
2024-04-08,68777,17064.0,29.44,73.56,0.0,Monday,0,0,4,1192.78,2024-04-08,1187.28,1133.06,1141.6571428571428,1166.71,False,True,False,False,False,True,False
2024-04-09,68425,17087.0,30.9,62.65,0.0,Tuesday,0,0,4,1218.32,2024-04-09,1192.78,1105.86,1150.1885714285713,1168.8907142857145,False,True,False,False,False,True,False
2024-04-10,68986,17064.0,28.43,71.1,0.0,Wednesday,0,0,4,1113.4,2024-04-10,1218.32,1122.79,1166.2542857142857,1180.3214285714287,False,True,False,False,False,True,False
2024-04-11,68495,17062.0,31.34,57.5,0.0,Thursday,0,0,4,1134.06,2024-04-11,1113.4,1129.04,1164.912857142857,1149.3985714285714,False,True,False,False,False,True,False
2024-04-12,68688,17072.0,29.12,63.82,0.0,Friday,0,0,4,1201.78,2024-04-12,1134.06,1119.14,1165.6299999999999,1149.4164285714285,False,True,False,False,False,True,False
2024-04-13,68695,17058.0,28.99,66.91,0.0,Saturday,1,0,4,1155.7,2024-04-13,1201.78,1194.43,1177.435714285714,1159.8528571428571,False,True,False,False,False,True,False
2024-04-14,68743,17071.0,28.75,70.77,30.26,Sunday,1,0,4,1072.36,2024-04-14,1155.7,1187.28,1171.902857142857,1159.29,False,True,False,False,False,True,False
2024-04-15,68856,17100.0,28.76,58.12,0.0,Monday,0,0,4,1186.54,2024-04-15,1072.36,1192.78,1155.4857142857143,1148.5714285714287,False,True,False,False,False,True,False
2024-04-16,68775,17103.0,31.62,54.49,0.0,Tuesday,0,0,4,1149.03,2024-04-16,1186.54,1218.32,1154.5942857142857,1152.3914285714286,False,True,False,False,False,True,False
2024-04-17,68925,17019.0,27.54,63.35,0.0,Wednesday,0,0,4,1167.61,2024-04-17,1149.03,1113.4,1144.6957142857143,1155.475,False,True,False,False,False,True,False
2024-04-18,68663,17112.0,31.77,67.56,0.0,Thursday,0,0,4,1152.84,2024-04-18,1167.61,1134.06,1152.44,1158.6764285714287,False,True,False,False,False,True,False
2024-04-19,68453,17095.0,30.35,63.42,0.0,Friday,0,0,4,1150.34,2024-04-19,1152.84,1201.78,1155.1228571428571,1160.3764285714285,False,True,False,False,False,True,False
2024-04-20,68671,17112.0,28.51,67.37,0.0,Saturday,1,0,4,1155.79,2024-04-20,1150.34,1155.7,1147.7742857142857,1162.605,False,True,False,False,False,True,False
2024-04-21,68346,17087.0,27.93,71.94,0.0,Sunday,1,0,4,1158.02,2024-04-21,1155.79,1072.36,1147.7871428571427,1159.845,False,True,False,False,False,True,False
2024-04-22,68483,17058.0,27.11,73.5,0.0,Monday,0,0,4,1067.74,2024-04-22,1158.02,1186.54,1160.0242857142857,1157.7549999999999,False,True,False,False,False,True,False
2024-04-23,68760,17066.0,30.8,64.7,0.0,Tuesday,0,0,4,1120.59,2024-04-23,1067.74,1149.03,1143.0528571428572,1148.8235714285715,False,True,False,False,False,True,False
2024-04-24,68465,17070.0,27.49,64.76,0.0,Wednesday,0,0,4,1175.17,2024-04-24,1120.59,1167.61,1138.99,1141.8428571428572,False,True,False,False,False,True,False
2024-04-25,68776,17084.0,26.8,57.1,0.0,Thursday,0,0,4,1144.97,2024-04-25,1175.17,1152.84,1140.07,1146.2549999999999,False,True,False,False,False,True,False
2024-04-26,68531,17077.0,30.51,69.32,0.0,Friday,0,0,4,1135.9,2024-04-26,1144.97,1150.34,1138.9457142857143,1147.0342857142857,False,True,False,False,False,True,False
2024-04-27,68817,17101.0,34.56,63.46,0.0,Saturday,1,0,4,1178.93,2024-04-27,1135.9,1155.79,1136.8828571428571,1142.3285714285714,False,True,False,False,False,True,False
2024-04-28,68216,17092.0,32.65,51.68,0.0,Sunday,1,0,4,1240.51,2024-04-28,1178.93,1158.02,1140.1885714285713,1143.9878571428571,False,True,False,False,False,True,False
2024-04-29,68452,17114.0,31.46,67.95,0.0,Monday,0,0,4,1182.85,2024-04-29,1240.51,1067.74,1151.972857142857,1155.9985714285715,False,True,False,False,False,True,False
2024-04-30,68702,17097.0,34.04,63.17,0.0,Tuesday,0,0,4,1211.48,2024-04-30,1182.85,1120.59,1168.4171428571428,1155.735,False,True,False,False,False,True,False
2024-05-01,69077,17113.0,26.94,63.85,0.0,Wednesday,0,0,5,1133.33,2024-05-01,1211.48,1175.17,1181.4014285714286,1160.1957142857143,False,True,False,False,False,True,False
2024-05-02,69130,17050.0,36.2,60.95,0.0,Thursday,0,0,5,1224.54,2024-05-02,1133.33,1144.97,1175.4242857142856,1157.7471428571428,False,True,False,False,False,True,False
2024-05-03,68920,17061.0,32.81,59.22,0.0,Friday,0,0,5,1163.57,2024-05-03,1224.54,1135.9,1186.7914285714287,1162.8685714285714,False,True,False,False,False,True,False
2024-05-04,69022,17068.0,31.45,60.6,0.0,Saturday,1,0,5,1171.43,2024-05-04,1163.57,1178.93,1190.7442857142855,1163.8135714285713,False,True,False,False,False,True,False
2024-05-05,69028,17073.0,32.04,62.36,0.0,Sunday,1,0,5,1195.61,2024-05-05,1171.43,1240.51,1189.672857142857,1164.9307142857144,False,True,False,False,False,True,False
2024-05-06,68774,17034.0,31.91,68.04,0.0,Monday,0,0,5,1198.19,2024-05-06,1195.61,1182.85,1183.2585714285713,1167.6157142857141,False,True,False,False,False,True,False
2024-05-07,68649,17051.0,31.33,74.88,0.0,Tuesday,0,0,5,1133.13,2024-05-07,1198.19,1211.48,1185.45,1176.9335714285714,False,True,False,False,False,True,False
2024-05-08,68366,17061.0,33.74,61.83,0.0,Wednesday,0,0,5,1138.83,2024-05-08,1133.13,1133.33,1174.2571428571428,1177.8292857142858,False,True,False,False,False,True,False
2024-05-09,68747,17069.0,31.69,75.92,0.0,Thursday,0,0,5,1220.08,2024-05-09,1138.83,1224.54,1175.042857142857,1175.2335714285714,False,True,False,False,False,True,False
2024-05-10,68731,17068.0,33.47,69.39,0.0,Friday,0,0,5,1136.55,2024-05-10,1220.08,1163.57,1174.4057142857143,1180.5985714285714,False,True,False,False,False,True,False
2024-05-11,68925,17117.0,32.74,65.07,0.0,Saturday,1,0,5,1223.14,2024-05-11,1136.55,1171.43,1170.5457142857142,1180.645,False,True,False,False,False,True,False
2024-05-12,68929,17093.0,32.44,64.12,0.0,Sunday,1,0,5,1174.39,2024-05-12,1223.14,1195.61,1177.9328571428573,1183.8028571428572,False,True,False,False,False,True,False
2024-05-13,68595,17121.0,32.5,68.62,0.0,Monday,0,0,5,1203.94,2024-05-13,1174.39,1198.19,1174.9014285714286,1179.08,False,True,False,False,False,True,False
2024-05-14,68877,17118.0,29.58,74.35,0.0,Tuesday,0,0,5,1187.74,2024-05-14,1203.94,1133.13,1175.722857142857,1180.5864285714285,False,True,False,False,False,True,False
2024-05-15,68923,17082.0,32.53,69.33,3.64,Wednesday,0,0,5,1182.86,2024-05-15,1187.74,1138.83,1183.5242857142857,1178.8907142857145,False,True,False,False,False,True,False
2024-05-16,68721,17090.0,30.79,53.09,0.0,Thursday,0,0,5,1166.4,2024-05-16,1182.86,1220.08,1189.814285714286,1182.4285714285713,False,True,False,False,False,True,False
2024-05-17,68903,17115.0,31.63,60.71,0.0,Friday,0,0,5,1154.56,2024-05-17,1166.4,1136.55,1182.1457142857143,1178.2757142857142,False,True,False,False,False,True,False
2024-05-18,68876,17139.0,32.02,70.08,0.0,Saturday,1,0,5,1210.54,2024-05-18,1154.56,1223.14,1184.7185714285715,1177.6321428571428,False,True,False,False,False,True,False
2024-05-19,68550,17126.0,35.27,60.81,12.83,Sunday,1,0,5,1224.31,2024-05-19,1210.54,1174.39,1182.9185714285716,1180.4257142857143,False,True,False,False,False,True,False
2024-05-20,68749,17124.0,35.29,60.5,0.0,Monday,0,0,5,1114.84,2024-05-20,1224.31,1203.94,1190.05,1182.4757142857143,False,True,False,False,False,True,False
2024-05-21,69091,17086.0,33.4,63.02,12.36,Tuesday,0,0,5,1127.45,2024-05-21,1114.84,1187.74,1177.3214285714287,1176.5221428571429,False,True,False,False,False,True,False
2024-05-22,68934,17104.0,32.32,64.79,0.0,Wednesday,0,0,5,1213.82,2024-05-22,1127.45,1182.86,1168.7085714285715,1176.1164285714283,False,True,False,False,False,True,False
2024-05-23,68947,17071.0,34.87,68.65,0.0,Thursday,0,0,5,1242.76,2024-05-23,1213.82,1166.4,1173.1314285714286,1181.4728571428573,False,True,False,False,False,True,False
2024-05-24,69100,17153.0,31.05,62.16,0.0,Friday,0,0,5,1205.04,2024-05-24,1242.76,1154.56,1184.0399999999997,1183.0928571428572,False,True,False,False,False,True,False
2024-05-25,68347,17058.0,29.87,67.07,0.0,Saturday,1,0,5,1117.46,2024-05-25,1205.04,1210.54,1191.2514285714285,1187.9850000000001,False,True,False,False,False,True,False
2024-05-26,68798,17032.0,31.97,64.39,7.72,Sunday,1,0,5,1265.67,2024-05-26,1117.46,1224.31,1177.9542857142858,1180.4364285714287,False,True,False,False,False,True,False
2024-05-27,68464,17089.0,33.83,63.66,42.75,Monday,0,0,5,1031.86,2024-05-27,1265.67,1114.84,1183.862857142857,1186.9564285714284,False,True,False,False,False,True,False
2024-05-28,68666,17126.0,34.75,69.7,13.36,Tuesday,0,0,5,1117.23,2024-05-28,1031.86,1127.45,1172.0085714285713,1174.6650000000002,False,True,False,False,False,True,False
2024-05-29,68444,17116.0,28.51,59.57,10.57,Wednesday,0,0,5,1080.37,2024-05-29,1117.23,1213.82,1170.5485714285714,1169.6285714285714,False,True,False,False,False,True,False
2024-05-30,68973,17089.0,30.53,65.56,0.0,Thursday,0,0,5,1210.79,2024-05-30,1080.37,1242.76,1151.4842857142855,1162.307857142857,False,True,False,False,False,True,False
2024-05-31,68751,17103.0,33.69,60.45,0.0,Friday,0,0,5,1206.49,2024-05-31,1210.79,1205.04,1146.9171428571428,1165.4785714285715,False,True,False,False,False,True,False
2024-06-01,69000,17076.0,34.93,65.76,0.0,Saturday,1,0,6,1189.14,2024-06-01,1206.49,1117.46,1147.1242857142856,1169.1878571428572,False,True,False,False,False,False,False
2024-06-02,69148,17036.0,36.97,68.33,0.0,Sunday,1,0,6,1209.68,2024-06-02,1189.14,1265.67,1157.3642857142856,1167.6592857142857,False,True,False,False,False,False,False
2024-06-03,68646,17094.0,30.78,56.59,0.0,Monday,0,0,6,1144.18,2024-06-03,1209.68,1031.86,1149.3657142857141,1166.6142857142856,False,True,False,False,False,False,False
2024-06-04,68800,17072.0,33.14,64.69,5.12,Tuesday,0,0,6,1148.56,2024-06-04,1144.18,1117.23,1165.4114285714286,1168.71,False,True,False,False,False,False,False
2024-06-05,68985,17095.0,33.45,71.51,0.0,Wednesday,0,0,6,1083.41,2024-06-05,1148.56,1080.37,1169.8871428571426,1170.2178571428572,False,True,False,False,False,False,False
2024-06-06,68653,17064.0,35.59,62.41,0.0,Thursday,0,0,6,1250.77,2024-06-06,1083.41,1210.79,1170.3214285714287,1160.902857142857,False,True,False,False,False,False,False
2024-06-07,68790,17036.0,34.38,60.47,10.12,Friday,0,0,6,1115.16,2024-06-07,1250.77,1206.49,1176.032857142857,1161.475,False,True,False,False,False,False,False
2024-06-08,68873,17093.0,30.23,60.27,29.9,Saturday,1,0,6,1076.51,2024-06-08,1115.16,1189.14,1162.9857142857143,1155.055,False,True,False,False,False,False,False
2024-06-09,68305,17083.0,34.69,64.37,9.95,Sunday,1,0,6,1177.25,2024-06-09,1076.51,1209.68,1146.8957142857143,1152.1299999999999,False,True,False,False,False,False,False
2024-06-10,68896,17121.0,37.34,66.49,0.0,Monday,0,0,6,1159.05,2024-06-10,1177.25,1144.18,1142.2628571428572,1145.8142857142857,False,True,False,False,False,False,False
2024-06-11,68783,17095.0,36.85,56.92,0.0,Tuesday,0,0,6,1198.72,2024-06-11,1159.05,1148.56,1144.3871428571429,1154.8992857142857,False,True,False,False,False,False,False
2024-06-12,68777,17116.0,36.1,66.91,0.0,Wednesday,0,0,6,1144.81,2024-06-12,1198.72,1083.41,1151.5528571428572,1160.72,False,True,False,False,False,False,False
2024-06-13,68552,17167.0,36.65,70.11,0.75,Thursday,0,0,6,1196.04,2024-06-13,1144.81,1250.77,1160.3242857142857,1165.3228571428572,False,True,False,False,False,False,False
2024-06-14,68744,17126.0,33.63,57.92,15.28,Friday,0,0,6,1146.16,2024-06-14,1196.04,1115.16,1152.5057142857142,1164.2692857142858,False,True,False,False,False,False,False
2024-06-15,69157,17110.0,36.63,53.3,0.0,Saturday,1,0,6,1205.85,2024-06-15,1146.16,1076.51,1156.9342857142856,1159.96,False,True,False,False,False,False,False
2024-06-16,69116,17136.0,29.98,69.24,5.28,Sunday,1,0,6,1098.73,2024-06-16,1205.85,1177.25,1175.4114285714288,1161.1535714285715,False,True,False,False,False,False,False
2024-06-17,68783,17134.0,34.53,58.31,0.0,Monday,0,0,6,1158.84,2024-06-17,1098.73,1159.05,1164.1942857142858,1153.2285714285715,False,True,False,False,False,False,False
2024-06-18,68432,17128.0,34.89,66.23,0.0,Tuesday,0,0,6,1178.24,2024-06-18,1158.84,1198.72,1164.1642857142856,1154.2757142857142,False,True,False,False,False,False,False
2024-06-19,68584,17108.0,34.52,55.47,7.47,Wednesday,0,0,6,1113.0,2024-06-19,1178.24,1144.81,1161.2385714285715,1156.3957142857143,False,True,False,False,False,False,False
2024-06-20,68893,17098.0,34.54,56.88,0.0,Thursday,0,0,6,1225.41,2024-06-20,1113.0,1196.04,1156.6942857142858,1158.5092857142859,False,True,False,False,False,False,False
2024-06-21,69044,17146.0,30.35,60.75,0.0,Friday,0,0,6,1238.83,2024-06-21,1225.41,1146.16,1160.89,1156.6978571428572,False,True,False,False,False,False,False
2024-06-22,69021,17121.0,34.7,63.42,0.0,Saturday,1,0,6,1096.0,2024-06-22,1238.83,1205.85,1174.1285714285714,1165.5314285714287,False,True,False,False,False,False,False
2024-06-23,68683,17043.0,34.86,65.56,0.0,Sunday,1,0,6,1253.07,2024-06-23,1096.0,1098.73,1158.4357142857143,1166.9235714285714,False,True,False,False,False,False,False
2024-06-24,68620,17097.0,35.62,52.61,20.37,Monday,0,0,6,1141.8,2024-06-24,1253.07,1158.84,1180.4842857142855,1172.3392857142858,False,True,False,False,False,False,False
2024-06-25,68153,17165.0,34.63,70.24,0.0,Tuesday,0,0,6,1100.08,2024-06-25,1141.8,1178.24,1178.05,1171.107142857143,False,True,False,False,False,False,False
2024-06-26,68610,17098.0,35.01,67.26,0.0,Wednesday,0,0,6,1179.12,2024-06-26,1100.08,1113.0,1166.8842857142859,1164.0614285714285,False,True,False,False,False,False,False
2024-06-27,69020,17135.0,30.31,72.6,21.77,Thursday,0,0,6,1105.82,2024-06-27,1179.12,1225.41,1176.33,1166.5121428571429,False,True,False,False,False,False,False
2024-06-28,68835,17126.0,33.75,67.53,2.58,Friday,0,0,6,1139.18,2024-06-28,1105.82,1238.83,1159.2457142857143,1160.067857142857,False,True,False,False,False,False,False
2024-06-29,68752,17078.0,35.65,56.2,0.0,Saturday,1,0,6,1240.98,2024-06-29,1139.18,1096.0,1145.01,1159.5692857142856,False,True,False,False,False,False,False
2024-06-30,68969,17144.0,33.99,62.12,16.24,Sunday,1,0,6,1088.72,2024-06-30,1240.98,1253.07,1165.7214285714285,1162.0785714285714,False,True,False,False,False,False,False
2024-07-01,68583,17131.0,35.31,61.89,0.0,Monday,0,0,7,1178.13,2024-07-01,1088.72,1141.8,1142.242857142857,1161.3635714285715,False,True,False,False,False,False,False
2024-07-02,69207,17173.0,35.84,64.19,12.45,Tuesday,0,0,7,1097.64,2024-07-02,1178.13,1100.08,1147.432857142857,1162.7414285714285,False,True,False,False,False,False,False
2024-07-03,68851,17128.0,30.98,62.97,0.0,Wednesday,0,0,7,1150.92,2024-07-03,1097.64,1179.12,1147.0842857142857,1156.9842857142855,False,True,False,False,False,False,False
2024-07-04,68915,17069.0,31.95,64.47,12.36,Thursday,0,0,7,1084.14,2024-07-04,1150.92,1105.82,1143.0557142857144,1159.692857142857,False,True,False,False,False,False,False
2024-07-05,68991,17107.0,31.69,61.32,12.79,Friday,0,0,7,1107.61,2024-07-05,1084.14,1139.18,1139.9585714285715,1149.6021428571428,False,True,False,False,False,False,False
2024-07-06,68729,17185.0,32.6,58.02,7.55,Saturday,1,0,7,1134.19,2024-07-06,1107.61,1240.98,1135.4485714285715,1140.2292857142857,False,True,False,False,False,False,False
2024-07-07,68857,17152.0,32.16,60.97,0.0,Sunday,1,0,7,1194.46,2024-07-07,1134.19,1088.72,1120.1928571428573,1142.9571428571428,False,True,False,False,False,False,False
2024-07-08,68933,17134.0,30.8,66.91,6.77,Monday,0,0,7,1086.25,2024-07-08,1194.46,1178.13,1135.2985714285714,1138.7707142857143,False,True,False,False,False,False,False
2024-07-09,68803,17077.0,34.6,67.61,0.0,Tuesday,0,0,7,1114.68,2024-07-09,1086.25,1097.64,1122.172857142857,1134.8028571428572,False,True,False,False,False,False,False
2024-07-10,68511,17142.0,35.66,62.29,38.32,Wednesday,0,0,7,1039.06,2024-07-10,1114.68,1150.92,1124.607142857143,1135.8457142857144,False,True,False,False,False,False,False
2024-07-11,69074,17110.0,34.47,65.15,21.69,Thursday,0,0,7,1065.15,2024-07-11,1039.06,1084.14,1108.6271428571429,1125.8414285714287,False,True,False,False,False,False,False
2024-07-12,68242,17103.0,31.29,67.17,8.46,Friday,0,0,7,1117.47,2024-07-12,1065.15,1107.61,1105.9142857142858,1122.9364285714287,False,True,False,False,False,False,False
2024-07-13,69289,17142.0,32.6,62.63,0.0,Saturday,1,0,7,1185.16,2024-07-13,1117.47,1134.19,1107.3228571428572,1121.3857142857144,False,True,False,False,False,False,False
2024-07-14,69093,17160.0,35.74,70.78,0.0,Sunday,1,0,7,1271.97,2024-07-14,1185.16,1194.46,1114.6042857142859,1117.3985714285716,False,True,False,False,False,False,False
2024-07-15,69083,17109.0,29.67,65.85,10.64,Monday,0,0,7,1075.23,2024-07-15,1271.97,1086.25,1125.677142857143,1130.4878571428571,False,True,False,False,False,False,False
2024-07-16,68616,17123.0,34.14,69.38,0.0,Tuesday,0,0,7,1130.67,2024-07-16,1075.23,1114.68,1124.1028571428571,1123.1378571428572,False,True,False,False,False,False,False
2024-07-17,68928,17140.0,34.3,70.84,14.23,Wednesday,0,0,7,1098.04,2024-07-17,1130.67,1039.06,1126.3871428571429,1125.497142857143,False,True,False,False,False,False,False
2024-07-18,68860,17093.0,36.52,64.59,0.0,Thursday,0,0,7,1076.03,2024-07-18,1098.04,1065.15,1134.8128571428572,1121.72,False,True,False,False,False,False,False
2024-07-19,69051,17110.0,34.31,61.97,0.0,Friday,0,0,7,1185.97,2024-07-19,1076.03,1117.47,1136.3671428571429,1121.1407142857142,False,True,False,False,False,False,False
2024-07-20,68530,17189.0,34.91,57.13,12.13,Saturday,1,0,7,1146.67,2024-07-20,1185.97,1185.16,1146.152857142857,1126.7378571428574,False,True,False,False,False,False,False
2024-07-21,68858,17158.0,36.66,60.26,0.0,Sunday,1,0,7,1221.8,2024-07-21,1146.67,1271.97,1140.6542857142856,1127.6292857142857,False,True,False,False,False,False,False
2024-07-22,68781,17149.0,31.25,65.19,10.36,Monday,0,0,7,1122.88,2024-07-22,1221.8,1075.23,1133.4871428571428,1129.5821428571428,False,True,False,False,False,False,False
2024-07-23,68786,17050.0,32.45,66.04,0.0,Tuesday,0,0,7,1123.77,2024-07-23,1122.88,1130.67,1140.2942857142857,1132.1985714285713,False,True,False,False,False,False,False
2024-07-24,68919,17116.0,31.23,56.36,12.49,Wednesday,0,0,7,1089.61,2024-07-24,1123.77,1098.04,1139.3085714285714,1132.847857142857,False,True,False,False,False,False,False
2024-07-25,68730,17093.0,33.53,62.93,4.56,Thursday,0,0,7,1163.34,2024-07-25,1089.61,1076.03,1138.1042857142859,1136.4585714285715,False,True,False,False,False,False,False
2024-07-26,68829,17132.0,35.38,65.68,0.0,Friday,0,0,7,1180.31,2024-07-26,1163.34,1185.97,1150.577142857143,1143.472142857143,False,True,False,False,False,False,False
2024-07-27,68936,17104.0,29.48,67.6,8.02,Saturday,1,0,7,1101.58,2024-07-27,1180.31,1146.67,1149.7685714285715,1147.9607142857144,False,True,False,False,False,False,False
2024-07-28,68717,17068.0,33.18,60.46,20.8,Sunday,1,0,7,1083.03,2024-07-28,1101.58,1221.8,1143.327142857143,1141.9907142857144,False,True,False,False,False,False,False
2024-07-29,69138,17051.0,32.99,53.31,22.61,Monday,0,0,7,1060.61,2024-07-29,1083.03,1122.88,1123.502857142857,1128.4950000000001,False,True,False,False,False,False,False
2024-07-30,68766,17125.0,31.01,60.57,14.0,Tuesday,0,0,7,1052.67,2024-07-30,1060.61,1123.77,1114.607142857143,1127.4507142857142,False,True,False,False,False,False,False
2024-07-31,68792,17088.0,30.86,68.48,1.42,Wednesday,0,0,7,1134.49,2024-07-31,1052.67,1089.61,1104.45,1121.8792857142857,False,True,False,False,False,False,False
2024-08-01,68806,17095.0,33.55,62.19,8.74,Thursday,0,0,8,1149.61,2024-08-01,1134.49,1163.34,1110.8614285714286,1124.482857142857,False,True,False,False,False,False,False
2024-08-02,68712,17130.0,34.06,64.1,60.19,Friday,0,0,8,937.4,2024-08-02,1149.61,1180.31,1108.9,1129.7385714285715,False,True,False,False,False,False,False
2024-08-03,68347,17167.0,31.32,69.43,0.0,Saturday,1,0,8,1106.03,2024-08-03,937.4,1101.58,1074.1985714285713,1111.9835714285714,False,True,False,False,False,False,False
2024-08-04,69338,17122.0,30.63,60.14,0.0,Sunday,1,0,8,1202.1,2024-08-04,1106.03,1083.03,1074.8342857142857,1109.0807142857143,False,True,False,False,False,False,False
2024-08-05,68949,17180.0,34.65,65.23,8.31,Monday,0,0,8,1094.06,2024-08-05,1202.1,1060.61,1091.8442857142857,1107.6735714285714,False,True,False,False,False,False,False
2024-08-06,68843,17141.0,36.55,67.46,0.0,Tuesday,0,0,8,1111.49,2024-08-06,1094.06,1052.67,1096.622857142857,1105.615,False,True,False,False,False,False,False
2024-08-07,68655,17156.0,33.41,63.22,29.34,Wednesday,0,0,8,1061.5,2024-08-07,1111.49,1134.49,1105.0257142857142,1104.7378571428571,False,True,False,False,False,False,False
2024-08-08,68840,17088.0,30.64,64.84,0.0,Thursday,0,0,8,1123.35,2024-08-08,1061.5,1149.61,1094.5985714285714,1102.73,False,True,False,False,False,False,False
2024-08-09,68908,17032.0,31.0,58.23,177.52,Friday,0,0,8,993.17,2024-08-09,1123.35,937.4,1090.8471428571427,1099.8735714285715,False,True,False,False,False,False,False
2024-08-10,68736,17099.0,35.48,65.08,15.06,Saturday,1,0,8,1178.21,2024-08-10,993.17,1106.03,1098.8142857142857,1086.5064285714286,False,True,False,False,False,False,False
2024-08-11,68492,17126.0,31.23,62.95,12.6,Sunday,1,0,8,1152.73,2024-08-11,1178.21,1202.1,1109.1257142857144,1091.98,False,True,False,False,False,False,False
2024-08-12,68615,17099.0,29.77,72.37,0.0,Monday,0,0,8,1060.32,2024-08-12,1152.73,1094.06,1102.0728571428572,1096.9585714285713,False,True,False,False,False,False,False
2024-08-13,69604,17123.0,32.18,58.96,1.38,Tuesday,0,0,8,1081.03,2024-08-13,1060.32,1111.49,1097.2528571428572,1096.9378571428572,False,True,False,False,False,False,False
2024-08-14,68719,17181.0,32.03,61.29,7.28,Wednesday,0,0,8,1130.14,2024-08-14,1081.03,1061.5,1092.9014285714286,1098.9635714285714,False,True,False,False,False,False,False
2024-08-15,69103,17103.0,29.5,75.67,151.64,Thursday,0,1,8,1099.46,2024-08-15,1130.14,1123.35,1102.7071428571428,1098.652857142857,False,True,False,False,False,False,False
2024-08-16,68845,17182.0,32.69,61.94,6.07,Friday,0,0,8,1148.9,2024-08-16,1099.46,993.17,1099.2942857142857,1095.0707142857143,False,True,False,False,False,False,False
2024-08-17,68518,17156.0,33.33,65.02,0.0,Saturday,1,0,8,1108.33,2024-08-17,1148.9,1178.21,1121.5414285714285,1110.1778571428572,False,True,False,False,False,False,False
2024-08-18,68669,17167.0,31.85,73.82,0.0,Sunday,1,0,8,1136.65,2024-08-18,1108.33,1152.73,1111.5585714285714,1110.3421428571428,False,True,False,False,False,False,False
2024-08-19,68863,17112.0,33.21,70.58,0.0,Monday,0,0,8,1120.66,2024-08-19,1136.65,1060.32,1109.2614285714287,1105.6671428571428,False,True,False,False,False,False,False
2024-08-20,68732,17146.0,33.34,68.61,5.3,Tuesday,0,0,8,1077.6,2024-08-20,1120.66,1081.03,1117.8814285714286,1107.5671428571427,False,True,False,False,False,False,False
2024-08-21,69011,17164.0,32.94,67.77,2.54,Wednesday,0,0,8,1357.03,2024-08-21,1077.6,1130.14,1117.3914285714286,1105.1464285714285,False,True,False,False,False,False,False
2024-08-22,69451,17148.0,30.55,59.56,17.26,Thursday,0,0,8,1031.61,2024-08-22,1357.03,1099.46,1149.8042857142857,1126.2557142857142,False,True,False,False,False,False,False
2024-08-23,68778,17190.0,31.88,62.18,12.81,Friday,0,0,8,1064.16,2024-08-23,1031.61,1148.9,1140.1114285714286,1119.702857142857,False,True,False,False,False,False,False
2024-08-24,68680,17138.0,29.45,78.38,0.0,Saturday,1,0,8,1089.35,2024-08-24,1064.16,1108.33,1128.0057142857142,1124.7735714285714,False,True,False,False,False,False,False
2024-08-25,69034,17118.0,32.54,65.92,3.82,Sunday,1,0,8,1160.95,2024-08-25,1089.35,1136.65,1125.2942857142857,1118.4264285714285,False,True,False,False,False,False,False
2024-08-26,68974,17086.0,29.78,67.6,12.49,Monday,0,0,8,1116.75,2024-08-26,1160.95,1120.66,1128.7657142857142,1119.0135714285714,False,True,False,False,False,False,False
2024-08-27,69131,17112.0,29.84,61.72,0.0,Tuesday,0,0,8,1128.4,2024-08-27,1116.75,1077.6,1128.2071428571428,1123.0442857142857,False,True,False,False,False,False,False
2024-08-28,68802,17146.0,27.89,59.01,9.38,Wednesday,0,0,8,1081.13,2024-08-28,1128.4,1357.03,1135.4642857142858,1126.4278571428572,False,True,False,False,False,False,False
2024-08-29,68901,17095.0,28.15,69.41,6.28,Thursday,0,0,8,1091.74,2024-08-29,1081.13,1031.61,1096.05,1122.927142857143,False,True,False,False,False,False,False
2024-08-30,69131,17165.0,28.69,70.99,0.0,Friday,0,0,8,1103.84,2024-08-30,1091.74,1064.16,1104.64,1122.3757142857144,False,True,False,False,False,False,False
2024-08-31,68701,17103.0,28.57,66.87,12.88,Saturday,1,0,8,1117.01,2024-08-31,1103.84,1089.35,1110.3085714285714,1119.1571428571428,False,True,False,False,False,False,False
2024-09-01,68857,17112.0,27.72,67.1,21.57,Sunday,1,0,9,1106.23,2024-09-01,1117.01,1160.95,1114.26,1119.777142857143,False,True,False,False,False,False,False
2024-09-02,68699,17120.0,25.99,59.8,15.55,Monday,0,0,9,1015.3,2024-09-02,1106.23,1116.75,1106.4428571428573,1117.6042857142859,False,True,False,False,False,False,False
2024-09-03,68918,17126.0,27.88,68.32,0.0,Tuesday,0,0,9,1076.62,2024-09-03,1015.3,1128.4,1091.95,1110.0785714285714,False,True,False,False,False,False,False
2024-09-04,69076,17159.0,31.58,66.49,6.94,Wednesday,0,0,9,1129.07,2024-09-04,1076.62,1081.13,1084.5528571428572,1110.0085714285715,False,True,False,False,False,False,False
2024-09-05,68851,17176.0,28.2,65.03,11.29,Thursday,0,0,9,1080.38,2024-09-05,1129.07,1091.74,1091.4014285714286,1093.7257142857143,False,True,False,False,False,False,False
2024-09-06,69226,17149.0,30.23,60.41,12.25,Friday,0,0,9,1115.97,2024-09-06,1080.38,1103.84,1089.7785714285715,1097.2092857142857,False,True,False,False,False,False,False
2024-09-07,68856,17116.0,29.27,61.54,6.26,Saturday,1,0,9,1080.38,2024-09-07,1115.97,1117.01,1091.5114285714285,1100.91,False,True,False,False,False,False,False
2024-09-08,69024,17151.0,29.49,65.41,0.0,Sunday,1,0,9,1192.33,2024-09-08,1080.38,1106.23,1086.2785714285715,1100.2692857142858,False,True,False,False,False,False,False
2024-09-09,69361,17174.0,27.23,55.16,0.0,Monday,0,0,9,1094.52,2024-09-09,1192.33,1015.3,1098.5785714285714,1102.5107142857144,False,True,False,False,False,False,False
2024-09-10,68854,17051.0,28.01,61.14,19.29,Tuesday,0,0,9,983.15,2024-09-10,1094.52,1076.62,1109.8957142857143,1100.922857142857,False,True,False,False,False,False,False
2024-09-11,69179,17125.0,30.85,58.87,1.97,Wednesday,0,0,9,1097.86,2024-09-11,983.15,1129.07,1096.542857142857,1090.547857142857,False,True,False,False,False,False,False
2024-09-12,68610,17153.0,29.44,71.15,0.0,Thursday,0,0,9,1048.5,2024-09-12,1097.86,1080.38,1092.0842857142857,1091.742857142857,False,True,False,False,False,False,False
2024-09-13,69088,17123.0,28.01,60.29,13.75,Friday,0,0,9,1077.22,2024-09-13,1048.5,1115.97,1087.53,1088.6542857142856,False,True,False,False,False,False,False
2024-09-14,68986,17137.0,24.66,63.87,0.0,Saturday,1,0,9,1110.83,2024-09-14,1077.22,1080.38,1081.9942857142858,1086.752857142857,False,True,False,False,False,False,False
2024-09-15,69151,17182.0,27.58,61.82,5.27,Sunday,1,0,9,1082.5,2024-09-15,1110.83,1192.33,1086.3442857142857,1086.3114285714285,False,True,False,False,False,False,False
2024-09-16,69142,17115.0,27.26,59.25,9.52,Monday,0,0,9,1003.28,2024-09-16,1082.5,1094.52,1070.6542857142856,1084.6164285714285,False,True,False,False,False,False,False
2024-09-17,69158,17127.0,27.01,63.69,0.0,Tuesday,0,0,9,1077.53,2024-09-17,1003.28,983.15,1057.6200000000001,1083.7578571428571,False,True,False,False,False,False,False
2024-09-18,68824,17150.0,24.74,70.53,0.0,Wednesday,0,0,9,1029.07,2024-09-18,1077.53,1097.86,1071.1028571428571,1083.822857142857,False,True,False,False,False,False,False
2024-09-19,68934,17179.0,27.41,64.61,11.17,Thursday,0,0,9,1048.61,2024-09-19,1029.07,1048.5,1061.2757142857142,1076.68,False,True,False,False,False,False,False
2024-09-20,69002,17081.0,27.99,61.04,0.0,Friday,0,0,9,978.05,2024-09-20,1048.61,1077.22,1061.2914285714285,1074.4107142857142,False,True,False,False,False,False,False
2024-09-21,68567,17101.0,27.31,69.95,19.84,Saturday,1,0,9,1034.47,2024-09-21,978.05,1110.83,1047.1242857142856,1064.5592857142856,False,True,False,False,False,False,False
2024-09-22,68843,17075.0,26.54,66.63,2.77,Sunday,1,0,9,1135.57,2024-09-22,1034.47,1082.5,1036.2157142857143,1061.28,False,True,False,False,False,False,False
2024-09-23,69117,17159.0,27.39,75.93,3.86,Monday,0,0,9,1039.37,2024-09-23,1135.57,1003.28,1043.797142857143,1057.2257142857143,False,True,False,False,False,False,False
2024-09-24,69074,17115.0,25.33,70.13,20.93,Tuesday,0,0,9,965.16,2024-09-24,1039.37,1077.53,1048.952857142857,1053.2864285714284,False,True,False,False,False,False,False
2024-09-25,68600,17143.0,29.94,65.54,0.0,Wednesday,0,0,9,1110.64,2024-09-25,965.16,1029.07,1032.8999999999999,1052.0014285714285,False,True,False,False,False,False,False
2024-09-26,68952,17070.0,25.48,68.85,48.57,Thursday,0,0,9,945.66,2024-09-26,1110.64,1048.61,1044.5528571428572,1052.9142857142856,False,True,False,False,False,False,False
2024-09-27,69121,17142.0,25.83,65.77,8.89,Friday,0,0,9,999.64,2024-09-27,945.66,978.05,1029.8457142857144,1045.5685714285714,False,True,False,False,False,False,False
2024-09-28,69375,17138.0,27.26,66.67,11.29,Saturday,1,0,9,1013.87,2024-09-28,999.64,1034.47,1032.93,1040.0271428571427,False,True,False,False,False,False,False
2024-09-29,69537,17163.0,26.84,66.16,0.0,Sunday,1,0,9,1103.29,2024-09-29,1013.87,1135.57,1029.9871428571428,1033.1014285714286,False,True,False,False,False,False,False
2024-09-30,68599,17128.0,26.37,71.82,0.0,Monday,0,0,9,1003.61,2024-09-30,1103.29,1039.37,1025.3757142857144,1034.5864285714285,False,True,False,False,False,False,False
2024-10-01,69138,17120.0,27.31,58.71,9.98,Tuesday,0,0,10,998.73,2024-10-01,1003.61,965.16,1020.2671428571429,1034.61,False,True,False,False,True,False,False
2024-10-02,69036,17165.0,27.42,65.02,0.0,Wednesday,0,1,10,1133.02,2024-10-02,998.73,1110.64,1025.0628571428572,1028.9814285714285,False,True,False,False,True,False,False
2024-10-03,68981,17087.0,25.15,68.27,1.98,Thursday,0,0,10,1073.46,2024-10-03,1133.02,945.66,1028.26,1036.4064285714285,False,True,False,False,True,False,False
2024-10-04,68920,17214.0,23.03,66.91,8.47,Friday,0,0,10,1018.04,2024-10-04,1073.46,999.64,1046.517142857143,1038.1814285714286,False,True,False,False,True,False,False
2024-10-05,68850,17133.0,24.34,66.58,0.0,Saturday,1,0,10,996.51,2024-10-05,1018.04,1013.87,1049.1457142857143,1041.037857142857,False,True,False,False,True,False,False
2024-10-06,68868,17083.0,24.24,66.34,0.0,Sunday,1,0,10,1057.15,2024-10-06,996.51,1103.29,1046.6657142857143,1038.3264285714286,False,True,False,False,True,False,False
2024-10-07,69347,17127.0,24.73,76.67,13.77,Monday,0,0,10,1035.06,2024-10-07,1057.15,1003.61,1040.0742857142857,1032.725,False,True,False,False,True,False,False
2024-10-08,68545,17137.0,22.34,69.66,14.88,Tuesday,0,0,10,950.57,2024-10-08,1035.06,998.73,1044.567142857143,1032.4171428571428,False,True,False,False,True,False,False
2024-10-09,69160,17190.0,22.79,63.41,10.18,Wednesday,0,0,10,985.78,2024-10-09,950.57,1133.02,1037.6871428571428,1031.375,False,True,False,False,True,False,False
2024-10-10,69435,17159.0,26.61,67.32,0.0,Thursday,0,0,10,1035.27,2024-10-10,985.78,1073.46,1016.6528571428572,1022.4564285714285,False,True,False,False,True,False,False
2024-10-11,69062,17193.0,24.69,66.5,0.0,Friday,0,0,10,1063.7,2024-10-11,1035.27,1018.04,1011.197142857143,1028.857142857143,False,True,False,False,True,False,False
2024-10-12,68726,17182.0,23.71,67.0,17.73,Saturday,1,0,10,1005.52,2024-10-12,1063.7,996.51,1017.72,1033.4328571428573,False,True,False,False,True,False,False
2024-10-13,68962,17162.0,24.08,67.69,9.96,Sunday,1,0,10,1095.32,2024-10-13,1005.52,1057.15,1019.0071428571429,1032.8364285714285,False,True,False,False,True,False,False
2024-10-14,69045,17079.0,23.61,63.03,47.53,Monday,0,0,10,952.87,2024-10-14,1095.32,1035.06,1024.4599999999998,1032.267142857143,False,True,False,False,True,False,False
2024-10-15,69260,17145.0,27.14,71.17,12.66,Tuesday,0,0,10,1223.97,2024-10-15,952.87,950.57,1012.7185714285715,1028.642857142857,False,True,False,False,True,False,False
2024-10-16,69450,17110.0,26.11,65.56,0.0,Wednesday,0,0,10,1042.14,2024-10-16,1223.97,985.78,1051.7757142857142,1044.7314285714288,False,True,False,False,True,False,False
2024-10-17,68977,13308.5,27.2,62.2,3.68,Thursday,0,0,10,1042.87,2024-10-17,1042.14,1035.27,1059.827142857143,1038.24,False,True,False,False,True,False,False
2024-10-18,68726,17152.0,20.65,70.49,0.33,Friday,0,0,10,1038.52,2024-10-18,1042.87,1063.7,1060.912857142857,1036.055,False,True,False,False,True,False,False
2024-10-19,69148,17169.0,21.47,69.43,0.0,Saturday,1,0,10,1095.26,2024-10-19,1038.52,1005.52,1057.3157142857142,1037.517857142857,False,True,False,False,True,False,False
2024-10-20,69136,17116.0,23.08,71.0,0.0,Sunday,1,0,10,1051.98,2024-10-20,1095.26,1095.32,1070.1357142857144,1044.5714285714287,False,True,False,False,True,False,False
2024-10-21,69080,17136.0,21.09,72.8,15.62,Monday,0,0,10,969.04,2024-10-21,1051.98,952.87,1063.9442857142858,1044.202142857143,False,True,False,False,True,False,False
2024-10-22,68876,17196.0,25.84,72.77,50.53,Tuesday,0,0,10,932.19,2024-10-22,969.04,1223.97,1066.2542857142857,1039.4864285714286,False,True,False,False,True,False,False
2024-10-23,68744,17200.0,21.95,73.87,0.0,Wednesday,0,1,10,1103.08,2024-10-23,932.19,1042.14,1024.5714285714287,1038.1735714285714,False,True,False,False,True,False,False
2024-10-24,68942,17062.0,22.77,72.92,0.0,Thursday,0,0,10,1009.23,2024-10-24,1103.08,1042.87,1033.277142857143,1046.552142857143,False,True,False,False,True,False,False
2024-10-25,69333,17154.0,26.62,64.32,7.01,Friday,0,0,10,1048.3,2024-10-25,1009.23,1038.52,1028.4714285714285,1044.692142857143,False,True,False,False,True,False,False
2024-10-26,68926,17210.0,23.04,66.91,13.51,Saturday,1,0,10,1050.58,2024-10-26,1048.3,1095.26,1029.8685714285714,1043.5921428571428,False,True,False,False,True,False,False
2024-10-27,69009,17195.0,23.8,62.27,0.0,Sunday,1,0,10,1100.5,2024-10-27,1050.58,1051.98,1023.4857142857143,1046.810714285714,False,True,False,False,True,False,False
2024-10-28,68793,17230.0,22.6,59.19,0.0,Monday,0,0,10,1067.66,2024-10-28,1100.5,969.04,1030.4171428571428,1047.1807142857142,False,True,False,False,True,False,False
2024-10-29,69406,17115.0,22.76,68.94,7.35,Tuesday,0,0,10,1020.9,2024-10-29,1067.66,932.19,1044.5057142857142,1055.3799999999999,False,True,False,False,True,False,False
2024-10-30,69100,17200.0,20.03,61.08,4.17,Wednesday,0,0,10,989.25,2024-10-30,1020.9,1103.08,1057.1785714285713,1040.875,False,True,False,False,True,False,False
2024-10-31,68674,17138.0,23.64,68.49,6.61,Thursday,0,0,10,1004.82,2024-10-31,989.25,1009.23,1040.9171428571428,1037.097142857143,False,True,False,False,True,False,False
2024-11-01,68913,17085.0,22.88,72.69,0.0,Friday,0,0,11,1081.19,2024-11-01,1004.82,1048.3,1040.287142857143,1034.3792857142857,False,True,False,False,True,False,False
2024-11-02,69209,17220.0,22.23,68.01,31.18,Saturday,1,0,11,1068.76,2024-11-02,1081.19,1050.58,1044.9857142857143,1037.427142857143,False,True,False,False,True,False,False
2024-11-03,68880,17139.0,22.2,58.95,6.89,Sunday,1,0,11,1126.08,2024-11-03,1068.76,1100.5,1047.5828571428572,1035.5342857142857,False,True,False,False,True,False,False
2024-11-04,68564,17128.0,22.51,69.48,20.75,Monday,0,0,11,976.62,2024-11-04,1126.08,1067.66,1051.2371428571428,1040.827142857143,False,True,False,False,True,False,False
2024-11-05,68822,17194.0,21.34,62.31,0.0,Tuesday,0,0,11,1085.1,2024-11-05,976.62,1020.9,1038.2314285714285,1041.3685714285714,False,True,False,False,True,False,False
2024-11-06,69439,17102.0,19.43,69.67,5.59,Wednesday,0,0,11,987.66,2024-11-06,1085.1,989.25,1047.402857142857,1052.2907142857143,False,True,False,False,True,False,False
2024-11-07,69119,17137.0,21.53,66.23,18.2,Thursday,0,0,11,1022.06,2024-11-07,987.66,1004.82,1047.1757142857143,1044.0464285714286,False,True,False,False,True,False,False
2024-11-08,68891,17151.0,23.78,57.04,0.0,Friday,0,0,11,1074.27,2024-11-08,1022.06,1081.19,1049.6385714285714,1044.962857142857,False,True,False,False,True,False,False
2024-11-09,69158,17175.0,18.68,71.18,0.0,Saturday,1,0,11,1076.16,2024-11-09,1074.27,1068.76,1048.6499999999999,1046.8178571428573,False,True,False,False,True,False,False
2024-11-10,69154,17165.0,22.09,63.33,0.0,Sunday,1,0,11,1043.85,2024-11-10,1076.16,1126.08,1049.7071428571428,1048.645,False,True,False,False,True,False,False
2024-11-11,69227,17186.0,24.87,66.31,0.0,Monday,0,0,11,1043.32,2024-11-11,1043.85,976.62,1037.9599999999998,1044.5985714285714,False,True,False,False,True,False,False
2024-11-12,68676,17184.0,18.58,65.42,7.15,Tuesday,0,0,11,1009.22,2024-11-12,1043.32,1085.1,1047.4885714285715,1042.8600000000001,False,True,False,False,True,False,False
2024-11-13,69302,17189.0,18.47,72.1,5.18,Wednesday,0,0,11,1016.8,2024-11-13,1009.22,987.66,1036.6485714285714,1042.0257142857142,False,True,False,False,True,False,False
2024-11-14,69082,17194.0,19.82,67.58,0.0,Thursday,0,0,11,971.55,2024-11-14,1016.8,1022.06,1040.8114285714285,1043.9935714285714,False,True,False,False,True,False,False
2024-11-15,68661,17155.0,17.96,65.79,21.91,Friday,0,0,11,918.54,2024-11-15,971.55,1074.27,1033.5957142857144,1041.6171428571429,False,True,False,False,True,False,False
2024-11-16,69148,17189.0,19.49,67.48,31.72,Saturday,1,0,11,978.51,2024-11-16,918.54,1076.16,1011.3485714285714,1029.9992857142856,False,True,False,False,True,False,False
2024-11-17,69341,17131.0,23.37,62.24,1.51,Sunday,1,0,11,1137.2,2024-11-17,978.51,1043.85,997.3985714285712,1023.5528571428571,False,True,False,False,True,False,False
2024-11-18,69172,17128.0,19.5,77.1,19.81,Monday,0,0,11,961.87,2024-11-18,1137.2,1043.32,1010.7342857142858,1024.347142857143,False,True,False,False,True,False,False
2024-11-19,69133,17160.0,18.08,75.78,0.0,Tuesday,0,0,11,1002.21,2024-11-19,961.87,1009.22,999.0985714285714,1023.2935714285713,False,True,False,False,True,False,False
2024-11-20,69131,17175.0,22.62,72.32,0.0,Wednesday,0,0,11,1034.58,2024-11-20,1002.21,1016.8,998.0971428571429,1017.3728571428571,False,True,False,False,True,False,False
2024-11-21,68888,17192.0,20.63,72.14,7.85,Thursday,0,0,11,1019.05,2024-11-21,1034.58,971.55,1000.6371428571429,1020.7242857142857,False,True,False,False,True,False,False
2024-11-22,69387,17192.0,19.87,75.73,10.02,Friday,0,0,11,1026.44,2024-11-22,1019.05,918.54,1007.4228571428572,1020.5092857142856,False,True,False,False,True,False,False
2024-11-23,69264,17188.0,19.93,79.33,0.0,Saturday,1,0,11,1009.17,2024-11-23,1026.44,978.51,1022.8371428571428,1017.092857142857,False,True,False,False,True,False,False
2024-11-24,68539,17220.0,20.84,62.64,0.0,Sunday,1,0,11,1007.86,2024-11-24,1009.17,1137.2,1027.217142857143,1012.3078571428571,False,True,False,False,True,False,False
2024-11-25,68746,17185.0,19.98,67.78,16.51,Monday,0,0,11,961.34,2024-11-25,1007.86,961.87,1008.74,1009.7371428571429,False,True,False,False,True,False,False
2024-11-26,68920,17174.0,18.98,68.49,12.96,Tuesday,0,0,11,1009.16,2024-11-26,961.34,1002.21,1008.6642857142857,1003.8814285714286,False,True,False,False,True,False,False
2024-11-27,68936,17175.0,18.66,73.6,0.0,Wednesday,0,0,11,1032.21,2024-11-27,1009.16,1034.58,1009.657142857143,1003.8771428571429,False,True,False,False,True,False,False
2024-11-28,69482,17182.0,20.6,66.42,8.14,Thursday,0,0,11,1001.24,2024-11-28,1032.21,1019.05,1009.3185714285713,1004.977857142857,False,True,False,False,True,False,False
2024-11-29,68879,17165.0,20.26,69.75,0.0,Friday,0,0,11,978.85,2024-11-29,1001.24,1026.44,1006.7742857142857,1007.0985714285714,False,True,False,False,True,False,False
2024-11-30,69077,17190.0,20.62,61.24,6.43,Saturday,1,0,11,997.81,2024-11-30,978.85,1009.17,999.9757142857143,1011.4064285714286,False,True,False,False,True,False,False
2024-12-01,69128,17187.0,21.22,64.68,179.26,Sunday,1,0,12,1104.0,2024-12-01,997.81,1007.86,998.3528571428571,1012.785,False,True,False,False,False,False,True
2024-12-02,69002,17130.0,19.44,72.37,0.0,Monday,0,0,12,1086.71,2024-12-02,1104.0,961.34,1012.0871428571429,1010.4135714285715,False,True,False,False,False,False,True
2024-12-03,69136,17102.0,18.88,67.92,0.0,Tuesday,0,0,12,1040.92,2024-12-03,1086.71,1009.16,1029.997142857143,1019.3307142857144,False,True,False,False,False,False,True
2024-12-04,68673,17199.0,20.26,71.82,0.0,Wednesday,0,0,12,1013.6,2024-12-04,1040.92,1032.21,1034.5342857142857,1022.0957142857143,False,True,False,False,False,False,True
2024-12-05,69058,17225.0,18.41,78.06,0.0,Thursday,0,0,12,1134.3,2024-12-05,1013.6,1001.24,1031.8757142857144,1020.5971428571429,False,True,False,False,False,False,True
2024-12-06,69359,17159.0,21.6,69.23,0.0,Friday,0,0,12,945.17,2024-12-06,1134.3,978.85,1050.8842857142859,1028.8292857142858,False,True,False,False,False,False,True
2024-12-07,69114,17069.0,20.75,73.26,0.0,Saturday,1,0,12,1046.5,2024-12-07,945.17,997.81,1046.0728571428572,1023.0242857142857,False,True,False,False,False,False,True
2024-12-08,69398,17176.0,23.05,74.43,0.0,Sunday,1,0,12,1034.91,2024-12-08,1046.5,1104.0,1053.0285714285715,1025.6907142857142,False,True,False,False,False,False,True
2024-12-09,68762,17165.0,21.15,69.93,0.0,Monday,0,0,12,1076.81,2024-12-09,1034.91,1086.71,1043.1585714285716,1027.6228571428571,False,True,False,False,False,False,True
2024-12-10,69032,17192.0,24.55,60.65,0.0,Tuesday,0,0,12,1480.71,2024-12-10,1076.81,1040.92,1041.7442857142858,1035.8707142857143,False,True,False,False,False,False,True
2024-12-11,69353,17214.0,17.11,75.01,9.76,Wednesday,0,0,12,1061.98,2024-12-11,1480.71,1013.6,1104.5714285714287,1069.5528571428572,False,True,False,False,False,False,True
2024-12-12,68988,17159.0,19.37,65.04,0.0,Thursday,0,0,12,1041.69,2024-12-12,1061.98,1134.3,1111.4828571428573,1071.6792857142857,False,True,False,False,False,False,True
2024-12-13,69406,17183.0,19.09,65.51,9.3,Friday,0,0,12,1024.05,2024-12-13,1041.69,945.17,1098.252857142857,1074.5685714285714,False,True,False,False,False,False,True
2024-12-14,69174,17169.0,18.42,67.8,7.08,Saturday,1,0,12,1098.2,2024-12-14,1024.05,1046.5,1109.5214285714287,1077.797142857143,False,True,False,False,False,False,True
2024-12-15,69117,17193.0,20.02,57.75,0.0,Sunday,1,0,12,930.98,2024-12-15,1098.2,1034.91,1116.9071428571428,1084.9678571428572,False,True,False,False,False,False,True
2024-12-16,68779,17138.0,21.57,71.71,6.16,Monday,0,0,12,1028.73,2024-12-16,930.98,1076.81,1102.06,1072.6092857142855,False,True,False,False,False,False,True
2024-12-17,69420,17184.0,22.23,72.01,7.86,Tuesday,0,0,12,1058.62,2024-12-17,1028.73,1480.71,1095.1914285714286,1068.4678571428572,False,True,False,False,False,False,True
2024-12-18,69314,17073.0,19.86,69.7,0.0,Wednesday,0,0,12,1000.58,2024-12-18,1058.62,1061.98,1034.892857142857,1069.732142857143,False,True,False,False,False,False,True
2024-12-19,68989,17184.0,19.93,72.69,0.0,Thursday,0,0,12,1046.04,2024-12-19,1000.58,1041.69,1026.1214285714284,1068.8021428571428,False,True,False,False,False,False,True
2024-12-20,69152,17160.0,19.72,68.86,0.0,Friday,0,0,12,1041.35,2024-12-20,1046.04,1024.05,1026.7428571428572,1062.4978571428571,False,True,False,False,False,False,True
2024-12-21,69062,17124.0,19.64,70.32,0.0,Saturday,1,0,12,1122.15,2024-12-21,1041.35,1098.2,1029.2142857142858,1069.3678571428572,False,True,False,False,False,False,True
2024-12-22,69170,17186.0,19.55,69.52,35.73,Sunday,1,0,12,991.04,2024-12-22,1122.15,930.98,1032.6357142857144,1074.7714285714287,False,True,False,False,False,False,True
2024-12-23,69327,17220.0,17.91,68.53,10.43,Monday,0,0,12,1003.77,2024-12-23,991.04,1028.73,1041.2157142857143,1071.6378571428572,False,True,False,False,False,False,True
2024-12-24,68955,17273.0,22.51,73.18,20.07,Tuesday,0,0,12,932.61,2024-12-24,1003.77,1058.62,1037.65,1066.4207142857142,False,True,False,False,False,False,True
2024-12-25,69213,17175.0,19.01,75.99,0.0,Wednesday,0,1,12,1067.82,2024-12-25,932.61,1000.58,1019.6485714285715,1027.2707142857143,False,True,False,False,False,False,True
2024-12-26,69253,17120.0,19.06,61.96,0.0,Thursday,0,0,12,1061.24,2024-12-26,1067.82,1046.04,1029.2542857142857,1027.6878571428572,False,True,False,False,False,False,True
2024-12-27,68945,17199.0,19.7,77.09,6.85,Friday,0,0,12,1034.06,2024-12-27,1061.24,1041.35,1031.4257142857143,1029.0842857142857,False,True,False,False,False,False,True
2024-12-28,69147,17199.0,20.81,66.91,3.92,Saturday,1,0,12,1065.97,2024-12-28,1034.06,1122.15,1030.3842857142856,1029.7992857142858,False,True,False,False,False,False,True
2024-12-29,69049,17224.0,20.7,70.22,0.0,Sunday,1,0,12,1110.2,2024-12-29,1065.97,991.04,1022.3585714285713,1027.4971428571428,False,True,False,False,False,False,True
2024-12-30,68679,17219.0,20.37,73.41,0.0,Monday,0,0,12,976.73,2024-12-30,1110.2,1003.77,1039.3814285714284,1040.2985714285714,False,True,False,False,False,False,True
2024-12-31,68897,17200.0,22.75,70.42,0.0,Tuesday,0,0,12,1028.54,2024-12-31,976.73,932.61,1035.5185714285715,1036.5842857142857,False,True,False,False,False,False,True
2023-01-15,34918,9251.0,20.4,67.32,0.0,Sunday,1,0,1,483.14,2023-01-15,506.5,465.57,469.7785714285714,475.6328571428571,False,False,True,False,False,False,True
2023-01-16,34730,9174.0,19.29,73.57,0.0,Monday,0,0,1,437.99,2023-01-16,483.14,475.66,472.2885714285714,473.5757142857143,False,False,True,False,False,False,True
2023-01-17,34854,9203.0,23.38,68.99,0.0,Tuesday,0,0,1,478.58,2023-01-17,437.99,491.34,466.90714285714284,470.8335714285714,False,False,True,False,False,False,True
2023-01-18,34877,9207.0,19.01,66.53,2.62,Wednesday,0,0,1,462.11,2023-01-18,478.58,434.8,465.0842857142857,472.7957142857143,False,False,True,False,False,False,True
2023-01-19,34686,9228.0,24.33,75.64,0.0,Thursday,0,0,1,484.53,2023-01-19,462.11,448.96,468.9857142857142,472.73071428571427,False,False,True,False,False,False,True
2023-01-20,35137,9196.0,17.51,75.37,0.0,Friday,0,0,1,445.42,2023-01-20,484.53,465.62,474.0671428571428,475.3385714285714,False,False,True,False,False,False,True
2023-01-21,34963,9205.0,21.1,76.5,0.0,Saturday,1,0,1,487.15,2023-01-21,445.42,506.5,471.18142857142857,471.6271428571428,False,False,True,False,False,False,True
2023-01-22,35331,9185.0,20.43,75.2,0.0,Sunday,1,0,1,511.77,2023-01-22,487.15,483.14,468.4171428571429,469.09785714285715,False,False,True,False,False,False,True
2023-01-23,35138,9214.0,21.08,70.0,0.0,Monday,0,0,1,490.84,2023-01-23,511.77,437.99,472.50714285714287,472.3978571428571,False,False,True,False,False,False,True
2023-01-24,35070,9284.0,20.45,61.87,10.76,Tuesday,0,0,1,454.32,2023-01-24,490.84,478.58,480.0571428571428,473.48214285714283,False,False,True,False,False,False,True
2023-01-25,34650,9243.0,21.46,68.09,0.0,Wednesday,0,0,1,494.04,2023-01-25,454.32,462.11,476.59142857142854,470.8378571428571,False,False,True,False,False,False,True
2023-01-26,34993,9301.0,25.35,72.36,0.0,Thursday,0,1,1,536.62,2023-01-26,494.04,484.53,481.1528571428571,475.0692857142857,False,False,True,False,False,False,True
2023-01-27,35352,9180.0,22.44,65.85,0.0,Friday,0,0,1,486.19,2023-01-27,536.62,445.42,488.5942857142857,481.3307142857143,False,False,True,False,False,False,True
2023-01-28,35615,9170.0,19.37,73.56,0.0,Saturday,1,0,1,479.11,2023-01-28,486.19,487.15,494.4185714285714,482.8,False,False,True,False,False,False,True
2023-01-29,34792,9170.0,22.23,68.8,0.0,Sunday,1,0,1,497.57,2023-01-29,479.11,511.77,493.27,480.8435714285714,False,False,True,False,False,False,True
2023-01-30,34921,9180.0,22.01,68.97,0.0,Monday,0,0,1,462.75,2023-01-30,497.57,490.84,491.2414285714285,481.8742857142857,False,False,True,False,False,False,True
2023-01-31,34729,9191.0,24.03,62.68,2.36,Tuesday,0,0,1,453.17,2023-01-31,462.75,454.32,487.22857142857146,483.64285714285717,False,False,True,False,False,False,True
2023-02-01,35207,9252.0,24.28,72.54,0.0,Wednesday,0,0,2,478.88,2023-02-01,453.17,494.04,487.0642857142857,481.82785714285717,False,False,True,False,False,False,True
2023-02-02,35381,9171.0,24.53,58.51,9.41,Thursday,0,0,2,478.79,2023-02-02,478.88,536.62,484.8985714285714,483.02571428571434,False,False,True,False,False,False,True
2023-02-03,35138,9209.0,23.89,66.91,0.0,Friday,0,0,2,475.93,2023-02-03,478.79,486.19,476.63714285714286,482.61571428571426,False,False,True,False,False,False,True
2023-02-04,35452,9262.0,23.88,68.7,0.0,Saturday,1,0,2,533.29,2023-02-04,475.93,479.11,475.17142857142863,484.795,False,False,True,False,False,False,True
2023-02-05,35035,9169.0,21.94,77.0,0.0,Sunday,1,0,2,501.28,2023-02-05,533.29,497.57,482.9114285714286,488.0907142857142,False,False,True,False,False,False,True
2023-02-06,34865,9211.0,21.85,69.48,0.0,Monday,0,0,2,474.99,2023-02-06,501.28,462.75,483.4414285714286,487.3414285714286,False,False,True,False,False,False,True
2023-02-07,34992,9183.0,26.06,65.04,0.0,Tuesday,0,0,2,525.9,2023-02-07,474.99,453.17,485.19,486.2092857142857,False,False,True,False,False,False,True
2023-02-08,35255,9184.0,23.6,68.29,0.0,Wednesday,0,0,2,484.14,2023-02-08,525.9,478.88,495.58,491.32214285714286,False,False,True,False,False,False,True
2023-02-09,35095,9195.0,18.7,67.73,1.27,Thursday,0,0,2,472.14,2023-02-09,484.14,478.79,496.33142857142855,490.61499999999995,False,False,True,False,False,False,True
2023-02-10,34754,9212.0,24.02,67.44,0.0,Friday,0,0,2,490.12,2023-02-10,472.14,475.93,495.38142857142856,486.0092857142857,False,False,True,False,False,False,True
2023-02-11,34955,9241.0,23.55,71.31,0.0,Saturday,1,0,2,524.89,2023-02-11,490.12,533.29,497.4085714285714,486.28999999999996,False,False,True,False,False,False,True
2023-02-12,34962,9238.0,20.25,58.77,0.0,Sunday,1,0,2,491.68,2023-02-12,524.89,501.28,496.20857142857136,489.56,False,False,True,False,False,False,True
2023-02-13,34728,9165.0,21.51,72.68,0.0,Monday,0,0,2,474.94,2023-02-13,491.68,474.99,494.83714285714285,489.1392857142857,False,False,True,False,False,False,True
2023-02-14,35327,9240.0,22.07,72.64,0.0,Tuesday,0,0,2,480.43,2023-02-14,474.94,525.9,494.8299999999999,490.00999999999993,False,False,True,False,False,False,True
2023-02-15,35197,9178.0,24.14,80.78,0.0,Wednesday,0,0,2,489.67,2023-02-15,480.43,484.14,488.3342857142857,491.95714285714286,False,False,True,False,False,False,True
2023-02-16,35156,9153.0,26.64,72.07,0.0,Thursday,0,0,2,495.63,2023-02-16,489.67,472.14,489.1242857142857,492.7278571428571,False,False,True,False,False,False,True
2023-02-17,35112,9212.0,23.8,63.3,0.0,Friday,0,0,2,509.49,2023-02-17,495.63,490.12,492.47999999999996,493.93071428571426,False,False,True,False,False,False,True
2023-02-18,34377,9205.0,28.26,70.68,0.0,Saturday,1,0,2,519.35,2023-02-18,509.49,524.89,495.2471428571429,496.32785714285717,False,False,True,False,False,False,True
2023-02-19,34600,9180.0,24.34,76.17,0.0,Sunday,1,0,2,534.71,2023-02-19,519.35,491.68,494.4557142857143,495.3321428571429,False,False,True,False,False,False,True
2023-02-20,34194,9237.0,24.73,71.7,0.0,Monday,0,0,2,497.24,2023-02-20,534.71,474.94,500.6028571428571,497.7200000000001,False,False,True,False,False,False,True
2023-02-21,34986,9195.0,22.96,59.76,0.0,Tuesday,0,0,2,483.65,2023-02-21,497.24,480.43,503.7885714285714,499.3092857142857,False,False,True,False,False,False,True
2023-02-22,34540,9199.0,23.61,66.96,0.0,Wednesday,0,0,2,515.15,2023-02-22,483.65,489.67,504.2485714285714,496.2914285714286,False,False,True,False,False,False,True
2023-02-23,34838,9167.0,26.57,69.3,0.0,Thursday,0,0,2,486.19,2023-02-23,515.15,495.63,507.8885714285714,498.50642857142856,False,False,True,False,False,False,True
2023-02-24,34732,9225.0,22.98,71.41,0.0,Friday,0,0,2,477.97,2023-02-24,486.19,509.49,506.54,499.51000000000005,False,False,True,False,False,False,True
2023-02-25,34982,9161.0,24.35,66.91,0.0,Saturday,1,0,2,482.92,2023-02-25,477.97,519.35,502.0371428571429,498.6421428571429,False,False,True,False,False,False,True
2023-02-26,34931,9294.0,24.37,69.94,0.0,Sunday,1,0,2,519.42,2023-02-26,482.92,534.71,496.8328571428571,495.64428571428573,False,False,True,False,False,False,True
2023-02-27,35322,9150.0,26.12,69.88,0.0,Monday,0,0,2,522.97,2023-02-27,519.42,497.24,494.6485714285714,497.6257142857143,False,False,True,False,False,False,True
2023-02-28,35272,9193.0,22.14,72.96,0.0,Tuesday,0,0,2,449.59,2023-02-28,522.97,483.65,498.32428571428574,501.05642857142857,False,False,True,False,False,False,True
2023-03-01,34983,9149.0,25.58,72.19,0.0,Wednesday,0,0,3,479.5,2023-03-01,449.59,515.15,493.45857142857136,498.8535714285714,False,False,True,False,False,True,False
2023-03-02,34881,9253.0,21.73,71.45,19.59,Thursday,0,0,3,454.57,2023-03-02,479.5,486.19,488.36571428571426,498.1271428571428,False,False,True,False,False,True,False
2023-03-03,34707,9165.0,23.71,70.53,0.0,Friday,0,0,3,525.29,2023-03-03,454.57,477.97,483.84857142857146,495.1942857142857,False,False,True,False,False,True,False
2023-03-04,35126,9246.0,26.51,66.37,0.0,Saturday,1,0,3,521.71,2023-03-04,525.29,482.92,490.6085714285714,496.3228571428572,False,False,True,False,False,True,False
2023-03-05,34965,9209.0,24.29,62.54,0.0,Sunday,1,0,3,524.02,2023-03-05,521.71,519.42,496.15000000000003,496.4914285714285,False,False,True,False,False,True,False
2023-03-06,35144,9199.0,23.96,68.6,8.33,Monday,0,0,3,472.91,2023-03-06,524.02,522.97,496.8071428571429,495.7278571428571,False,False,True,False,False,True,False
2023-03-07,35237,9162.0,25.86,68.62,0.0,Tuesday,0,0,3,489.19,2023-03-07,472.91,449.59,489.6557142857142,493.98999999999995,False,False,True,False,False,True,False
2023-03-08,35088,9253.0,27.84,61.0,0.0,Wednesday,0,0,3,471.23,2023-03-08,489.19,479.5,495.3128571428571,494.3857142857143,False,False,True,False,False,True,False
2023-03-09,35203,9269.0,21.99,63.81,0.0,Thursday,0,0,3,465.68,2023-03-09,471.23,454.57,494.13142857142856,491.2485714285714,False,False,True,False,False,True,False
2023-03-10,35210,9169.0,25.95,61.41,0.0,Friday,0,0,3,503.76,2023-03-10,465.68,525.29,495.71857142857147,489.78357142857146,False,False,True,False,False,True,False
2023-03-11,34746,9228.0,28.52,62.46,0.0,Saturday,1,0,3,515.02,2023-03-11,503.76,521.71,492.64285714285717,491.6257142857143,False,False,True,False,False,True,False
2023-03-12,34579,9260.0,25.17,67.47,0.0,Sunday,1,0,3,524.66,2023-03-12,515.02,524.02,491.6871428571429,493.9185714285714,False,False,True,False,False,True,False
2023-03-13,35321,9253.0,24.07,71.65,0.0,Monday,0,0,3,499.97,2023-03-13,524.66,472.91,491.7785714285714,494.2928571428571,False,False,True,False,False,True,False
2023-03-14,34889,9248.0,27.07,66.0,0.0,Tuesday,0,0,3,512.2,2023-03-14,499.97,489.19,495.64428571428573,492.65000000000003,False,False,True,False,False,True,False
2023-03-15,34907,9179.0,25.73,74.3,0.0,Wednesday,0,0,3,474.91,2023-03-15,512.2,471.23,498.93142857142857,497.1221428571429,False,False,True,False,False,True,False
2023-03-16,35118,9242.0,25.1,61.67,0.0,Thursday,0,0,3,511.5,2023-03-16,474.91,465.68,499.4571428571429,496.7942857142857,False,False,True,False,False,True,False
2023-03-17,34839,9277.0,26.32,68.27,0.0,Friday,0,0,3,526.78,2023-03-17,511.5,503.76,506.0028571428571,500.8607142857142,False,False,True,False,False,True,False
2023-03-18,35139,9176.0,28.83,69.96,0.0,Saturday,1,0,3,527.57,2023-03-18,526.78,515.02,509.2914285714286,500.9671428571429,False,False,True,False,False,True,False
2023-03-19,35016,9296.0,25.67,61.67,0.0,Sunday,1,0,3,514.15,2023-03-19,527.57,524.66,511.0842857142857,501.38571428571424,False,False,True,False,False,True,False
2023-03-20,34723,9197.0,27.26,73.22,0.0,Monday,0,0,3,534.2,2023-03-20,514.15,499.97,509.5828571428571,500.68071428571426,False,False,True,False,False,True,False
2023-03-21,35012,9247.0,24.27,59.68,0.0,Tuesday,0,0,3,502.96,2023-03-21,534.2,512.2,514.4728571428572,505.0585714285714,False,False,True,False,False,True,False
2023-03-22,34851,9262.0,28.46,66.19,0.0,Wednesday,0,0,3,518.97,2023-03-22,502.96,474.91,513.1528571428572,506.0421428571428,False,False,True,False,False,True,False
2023-03-23,34968,9229.0,26.39,59.93,0.0,Thursday,0,0,3,468.99,2023-03-23,518.97,511.5,519.4471428571429,509.45214285714286,False,False,True,False,False,True,False
2023-03-24,35333,9236.0,29.0,71.04,0.0,Friday,0,0,3,474.89,2023-03-24,468.99,526.78,513.3742857142857,509.6885714285714,False,False,True,False,False,True,False
2023-03-25,34843,9178.0,25.27,80.2,3.73,Saturday,1,0,3,511.22,2023-03-25,474.89,527.57,505.9614285714286,507.62642857142856,False,False,True,False,False,True,False
2023-03-26,35137,9185.0,28.24,63.39,10.75,Sunday,1,0,3,523.81,2023-03-26,511.22,514.15,503.6257142857143,507.355,False,False,True,False,False,True,False
2023-03-27,34949,9243.0,28.98,72.12,0.0,Monday,0,0,3,509.45,2023-03-27,523.81,534.2,505.00571428571436,507.2942857142857,False,False,True,False,False,True,False
2023-03-28,35115,9230.0,27.94,51.52,0.0,Tuesday,0,0,3,493.17,2023-03-28,509.45,502.96,501.46999999999997,507.9714285714286,False,False,True,False,False,True,False
2023-03-29,35495,9209.0,28.84,66.34,0.0,Wednesday,0,0,3,512.83,2023-03-29,493.17,518.97,500.07142857142856,506.6121428571428,False,False,True,False,False,True,False
2023-03-30,34844,9274.0,28.96,70.27,0.0,Thursday,0,0,3,532.52,2023-03-30,512.83,468.99,499.1942857142857,509.32071428571436,False,False,True,False,False,True,False
2023-03-31,35092,9236.0,30.78,78.66,0.0,Friday,0,0,3,506.33,2023-03-31,532.52,474.89,508.27,510.82214285714286,False,False,True,False,False,True,False
2023-04-01,34846,9192.0,22.51,65.64,0.0,Saturday,1,0,4,511.94,2023-04-01,506.33,511.22,512.7614285714286,509.3614285714285,False,False,True,False,False,True,False
2023-04-02,34667,9256.0,29.46,65.83,0.0,Sunday,1,0,4,526.69,2023-04-02,511.94,523.81,512.8642857142856,508.245,False,False,True,False,False,True,False
2023-04-03,35066,9226.0,29.92,66.46,0.0,Monday,0,0,4,502.23,2023-04-03,526.69,509.45,513.2757142857142,509.1407142857143,False,False,True,False,False,True,False
2023-04-04,35194,9243.0,29.71,66.44,12.16,Tuesday,0,0,4,509.8,2023-04-04,502.23,493.17,512.2442857142858,506.85714285714295,False,False,True,False,False,True,False
2023-04-05,34845,9333.0,26.27,69.26,0.0,Wednesday,0,0,4,517.84,2023-04-05,509.8,512.83,514.62,507.3457142857143,False,False,True,False,False,True,False
2023-04-06,35084,9254.0,28.06,56.28,0.0,Thursday,0,0,4,513.97,2023-04-06,517.84,532.52,515.3357142857143,507.265,False,False,True,False,False,True,False
2023-04-07,34974,9234.0,27.39,68.7,0.0,Friday,0,0,4,547.12,2023-04-07,513.97,506.33,512.6857142857143,510.4778571428571,False,False,True,False,False,True,False
2023-04-08,35118,9229.0,28.33,64.07,0.0,Saturday,1,0,4,525.13,2023-04-08,547.12,511.94,518.5128571428571,515.6371428571429,False,False,True,False,False,True,False
2023-04-09,34838,9269.0,28.6,71.72,0.0,Sunday,1,0,4,519.8,2023-04-09,525.13,526.69,520.3971428571429,516.6307142857142,False,False,True,False,False,True,False
2023-04-10,34923,9166.0,27.28,71.16,0.0,Monday,0,0,4,492.71,2023-04-10,519.8,502.23,519.4128571428572,516.3442857142858,False,False,True,False,False,True,False
2023-04-11,35248,9267.0,29.34,68.72,0.0,Tuesday,0,0,4,557.06,2023-04-11,492.71,509.8,518.0528571428571,515.1485714285715,False,False,True,False,False,True,False
2023-04-12,34914,9203.0,31.24,63.83,0.0,Wednesday,0,0,4,522.42,2023-04-12,557.06,517.84,524.8042857142857,519.7121428571428,False,False,True,False,False,True,False
2023-04-13,35108,9257.0,27.76,65.92,12.31,Thursday,0,0,4,515.53,2023-04-13,522.42,513.97,525.4585714285714,520.3971428571429,False,False,True,False,False,True,False
2023-04-14,34955,9221.0,28.92,64.9,0.0,Friday,0,0,4,485.97,2023-04-14,515.53,547.12,525.6814285714286,519.1835714285714,False,False,True,False,False,True,False
2023-04-15,35092,9200.0,30.9,64.96,0.0,Saturday,1,0,4,539.34,2023-04-15,485.97,525.13,516.9457142857143,517.7292857142858,False,False,True,False,False,True,False
2023-04-16,34761,9228.0,26.5,63.86,0.0,Sunday,1,0,4,546.92,2023-04-16,539.34,519.8,518.9757142857143,519.6864285714286,False,False,True,False,False,True,False
2023-04-17,34978,9192.0,31.18,66.91,0.0,Monday,0,0,4,500.56,2023-04-17,546.92,492.71,522.85,521.1314285714286,False,False,True,False,False,True,False
2023-04-18,35298,9255.0,31.43,62.76,0.0,Tuesday,0,0,4,540.69,2023-04-18,500.56,557.06,523.9714285714286,521.0121428571427,False,False,True,False,False,True,False
2023-04-19,35419,9257.0,28.87,70.79,19.3,Wednesday,0,0,4,490.98,2023-04-19,540.69,522.42,521.6328571428571,523.2185714285714,False,False,True,False,False,True,False
2023-04-20,34427,9262.0,32.49,71.31,20.77,Thursday,0,0,4,488.53,2023-04-20,490.98,515.53,517.1414285714286,521.3000000000001,False,False,True,False,False,True,False
2023-04-21,35204,9164.0,31.73,61.04,0.0,Friday,0,0,4,526.08,2023-04-21,488.53,485.97,513.2842857142857,519.4828571428571,False,False,True,False,False,True,False
2023-04-22,35440,9230.0,32.22,67.2,0.0,Saturday,1,0,4,526.15,2023-04-22,526.08,539.34,519.0142857142857,517.98,False,False,True,False,False,True,False
2023-04-23,35054,9246.0,31.28,62.01,0.0,Sunday,1,0,4,572.25,2023-04-23,526.15,546.92,517.13,518.0528571428571,False,False,True,False,False,True,False
2023-04-24,35268,9267.0,32.02,74.59,0.0,Monday,0,0,4,533.25,2023-04-24,572.25,500.56,520.7485714285714,521.7992857142857,False,False,True,False,False,True,False
2023-04-25,35192,9248.0,30.97,61.5,0.0,Tuesday,0,0,4,525.28,2023-04-25,533.25,540.69,525.4185714285715,524.6949999999999,False,False,True,False,False,True,False
2023-04-26,34974,9139.0,32.73,70.19,0.0,Wednesday,0,0,4,554.41,2023-04-26,525.28,490.98,523.2171428571429,522.4250000000001,False,False,True,False,False,True,False
2023-04-27,35213,9220.0,30.46,68.25,0.0,Thursday,0,0,4,528.77,2023-04-27,554.41,488.53,532.2785714285714,524.71,False,False,True,False,False,True,False
2023-04-28,35036,9263.0,30.8,65.4,0.0,Friday,0,0,4,517.28,2023-04-28,528.77,526.08,538.0271428571428,525.6557142857143,False,False,True,False,False,True,False
2023-04-29,34869,9240.0,30.44,54.38,6.24,Saturday,1,0,4,548.02,2023-04-29,517.28,526.15,536.77,527.8921428571429,False,False,True,False,False,True,False
2023-04-30,35177,9195.0,32.86,63.41,0.0,Sunday,1,0,4,558.65,2023-04-30,548.02,572.25,539.8942857142857,528.5121428571429,False,False,True,False,False,True,False
2023-05-01,35466,9301.0,33.08,66.83,0.0,Monday,0,0,5,512.51,2023-05-01,558.65,533.25,537.9514285714286,529.35,False,False,True,False,False,True,False
2023-05-02,34977,9270.0,30.31,67.84,0.0,Tuesday,0,0,5,523.21,2023-05-02,512.51,525.28,534.9885714285714,530.2035714285714,False,False,True,False,False,True,False
2023-05-03,35183,9211.0,35.12,69.03,0.0,Wednesday,0,0,5,562.65,2023-05-03,523.21,554.41,534.6928571428572,528.955,False,False,True,False,False,True,False
2023-05-04,34680,9223.0,35.08,59.27,2.52,Thursday,0,0,5,511.74,2023-05-04,562.65,528.77,535.87,534.0742857142857,False,False,True,False,False,True,False
2023-05-05,34945,9287.0,31.82,68.76,0.0,Friday,0,0,5,503.95,2023-05-05,511.74,517.28,533.4371428571428,535.7321428571429,False,False,True,False,False,True,False
2023-05-06,35291,9204.0,33.38,72.52,7.53,Saturday,1,0,5,522.61,2023-05-06,503.95,548.02,531.5328571428571,534.1514285714286,False,False,True,False,False,True,False
2023-05-07,34978,9226.0,32.39,69.34,0.0,Sunday,1,0,5,562.02,2023-05-07,522.61,558.65,527.9028571428571,533.8985714285715,False,False,True,False,False,True,False
2023-05-08,34801,9216.0,33.07,68.57,0.0,Monday,0,0,5,529.36,2023-05-08,562.02,512.51,528.3842857142857,533.1678571428572,False,False,True,False,False,True,False
2023-05-09,35444,9200.0,31.81,78.69,0.0,Tuesday,0,0,5,528.6,2023-05-09,529.36,523.21,530.7914285714286,532.89,False,False,True,False,False,True,False
2023-05-10,34769,9204.0,30.28,67.62,0.0,Wednesday,0,0,5,516.75,2023-05-10,528.6,562.65,531.5614285714286,533.1271428571429,False,False,True,False,False,True,False
2023-05-11,34697,9258.0,28.86,62.53,4.47,Thursday,0,0,5,529.97,2023-05-11,516.75,511.74,525.0042857142856,530.4371428571428,False,False,True,False,False,True,False
2023-05-12,34965,9166.0,31.25,65.45,0.0,Friday,0,0,5,477.53,2023-05-12,529.97,503.95,527.6085714285715,530.5228571428571,False,False,True,False,False,True,False
2023-05-13,34862,9185.0,32.67,67.58,0.0,Saturday,1,0,5,518.69,2023-05-13,477.53,522.61,523.8342857142858,527.6835714285714,False,False,True,False,False,True,False
2023-05-14,34925,9249.0,34.76,68.57,0.0,Sunday,1,0,5,571.18,2023-05-14,518.69,562.02,523.2742857142857,525.5885714285714,False,False,True,False,False,True,False
2023-05-15,35553,9192.0,28.62,73.1,0.0,Monday,0,0,5,511.45,2023-05-15,571.18,529.36,524.5828571428572,526.4835714285715,False,False,True,False,False,True,False
2023-05-16,35699,9292.0,35.84,63.46,0.0,Tuesday,0,0,5,535.75,2023-05-16,511.45,528.6,522.0242857142857,526.4078571428571,False,False,True,False,False,True,False
2023-05-17,35006,9284.0,31.89,63.06,11.99,Wednesday,0,0,5,517.31,2023-05-17,535.75,516.75,523.0457142857142,527.3035714285714,False,False,True,False,False,True,False
2023-05-18,35307,9282.0,33.04,75.38,0.0,Thursday,0,0,5,567.18,2023-05-18,517.31,529.97,523.1257142857143,524.0649999999999,False,False,True,False,False,True,False
2023-05-19,34695,9204.0,31.74,60.1,0.0,Friday,0,0,5,538.01,2023-05-19,567.18,477.53,528.4414285714286,528.025,False,False,True,False,False,True,False
2023-05-20,35343,9306.0,31.45,66.93,19.0,Saturday,1,0,5,514.44,2023-05-20,538.01,518.69,537.0814285714285,530.4578571428572,False,False,True,False,False,True,False
2023-05-21,35100,9172.0,35.55,56.67,0.0,Sunday,1,0,5,558.65,2023-05-21,514.44,571.18,536.4742857142858,529.8742857142857,False,False,True,False,False,True,False
2023-05-22,35747,9255.0,32.72,67.44,0.0,Monday,0,0,5,526.05,2023-05-22,558.65,511.45,534.6842857142857,529.6335714285714,False,False,True,False,False,True,False
2023-05-23,35005,9237.0,32.18,55.19,0.0,Tuesday,0,0,5,512.22,2023-05-23,526.05,535.75,536.77,529.3971428571429,False,False,True,False,False,True,False
2023-05-24,34924,9204.0,31.16,69.87,10.49,Wednesday,0,0,5,474.23,2023-05-24,512.22,517.31,533.4085714285713,528.2271428571428,False,False,True,False,False,True,False
2023-05-25,34946,9191.0,33.35,62.47,0.0,Thursday,0,0,5,498.17,2023-05-25,474.23,567.18,527.2542857142856,525.1899999999999,False,False,True,False,False,True,False
2023-05-26,34952,9248.0,33.64,69.25,0.0,Friday,0,0,5,531.89,2023-05-26,498.17,538.01,517.3957142857142,522.9185714285715,False,False,True,False,False,True,False
2023-05-27,34960,9270.0,30.06,61.46,0.0,Saturday,1,0,5,522.37,2023-05-27,531.89,514.44,516.5214285714285,526.8014285714286,False,False,True,False,False,True,False
2023-05-28,35325,9225.0,32.25,56.89,0.0,Sunday,1,0,5,546.27,2023-05-28,522.37,558.65,517.6542857142857,527.0642857142857,False,False,True,False,False,True,False
2023-05-29,35013,9273.0,31.59,62.98,29.46,Monday,0,0,5,453.85,2023-05-29,546.27,526.05,515.8857142857144,525.285,False,False,True,False,False,True,False
2023-05-30,35581,9223.0,31.74,69.19,0.0,Tuesday,0,0,5,535.88,2023-05-30,453.85,512.22,505.57142857142856,521.1707142857142,False,False,True,False,False,True,False
2023-05-31,35309,9246.0,31.67,71.34,0.0,Wednesday,0,0,5,545.51,2023-05-31,535.88,474.23,508.95142857142855,521.18,False,False,True,False,False,True,False
2023-06-01,35220,9200.0,34.11,71.19,2.48,Thursday,0,0,6,516.24,2023-06-01,545.51,498.17,519.1342857142857,523.1942857142857,False,False,True,False,False,False,False
2023-06-02,34920,9234.0,35.03,64.44,57.6,Friday,0,0,6,427.78,2023-06-02,516.24,531.89,521.7157142857143,519.5557142857143,False,False,True,False,False,False,False
2023-06-03,35230,9267.0,35.55,62.09,0.0,Saturday,1,0,6,555.05,2023-06-03,427.78,522.37,506.8428571428571,511.6821428571429,False,False,True,False,False,False,False
2023-06-04,35427,9207.0,35.0,60.12,0.0,Sunday,1,0,6,525.83,2023-06-04,555.05,546.27,511.51142857142855,514.5828571428572,False,False,True,False,False,False,False
2023-06-05,34969,9259.0,32.57,63.34,0.0,Monday,0,0,6,521.26,2023-06-05,525.83,453.85,508.59142857142854,512.2385714285714,False,False,True,False,False,False,False
2023-06-06,35301,9223.0,34.88,63.37,0.0,Tuesday,0,0,6,515.75,2023-06-06,521.26,535.88,518.2214285714286,511.8964285714286,False,False,True,False,False,False,False
2023-06-07,35232,9216.0,36.73,62.96,0.0,Wednesday,0,0,6,517.53,2023-06-07,515.75,545.51,515.3457142857143,512.1485714285715,False,False,True,False,False,False,False
2023-06-08,35394,9260.0,33.72,66.91,19.42,Thursday,0,0,6,508.77,2023-06-08,517.53,516.24,511.34857142857146,515.2414285714285,False,False,True,False,False,False,False
2023-06-09,34969,9257.0,36.97,68.04,0.0,Friday,0,0,6,534.42,2023-06-09,508.77,427.78,510.28142857142853,515.9985714285714,False,False,True,False,False,False,False
2023-06-10,34908,9282.0,30.17,73.1,0.0,Saturday,1,0,6,566.21,2023-06-10,534.42,555.05,525.5157142857144,516.1792857142857,False,False,True,False,False,False,False
2023-06-11,35309,9317.0,33.25,62.45,0.0,Sunday,1,0,6,523.07,2023-06-11,566.21,525.83,527.11,519.3107142857143,False,False,True,False,False,False,False
2023-06-12,34991,9190.0,33.51,66.32,0.0,Monday,0,0,6,514.43,2023-06-12,523.07,521.26,526.7157142857143,517.6535714285714,False,False,True,False,False,False,False
2023-06-13,34775,9302.0,32.6,65.49,0.0,Tuesday,0,0,6,549.81,2023-06-13,514.43,515.75,525.74,521.9807142857143,False,False,True,False,False,False,False
2023-06-14,34957,9207.0,32.81,73.83,13.26,Wednesday,0,0,6,478.93,2023-06-14,549.81,517.53,530.6057142857143,522.9757142857143,False,False,True,False,False,False,False
2023-06-15,35051,9226.0,31.01,64.83,0.0,Thursday,0,0,6,496.69,2023-06-15,478.93,508.77,525.0914285714285,518.22,False,False,True,False,False,False,False
2023-06-16,34267,9207.0,30.16,71.76,0.0,Friday,0,0,6,489.99,2023-06-16,496.69,534.42,523.3657142857143,516.8235714285714,False,False,True,False,False,False,False
2023-06-17,35434,9283.0,33.18,53.18,18.23,Saturday,1,0,6,514.26,2023-06-17,489.99,566.21,517.0185714285715,521.2671428571429,False,False,True,False,False,False,False
2023-06-18,35734,9249.0,31.54,64.36,0.0,Sunday,1,0,6,531.56,2023-06-18,514.26,523.07,509.59714285714284,518.3535714285715,False,False,True,False,False,False,False
2023-06-19,34734,9185.0,32.53,63.1,16.67,Monday,0,0,6,480.04,2023-06-19,531.56,514.43,510.80999999999995,518.7628571428571,False,False,True,False,False,False,False
2023-06-20,34958,9273.0,36.27,60.59,0.0,Tuesday,0,0,6,517.12,2023-06-20,480.04,549.81,505.8971428571428,515.8185714285714,False,False,True,False,False,False,False
2023-06-21,35500,9188.0,35.15,49.71,3.47,Wednesday,0,0,6,531.26,2023-06-21,517.12,478.93,501.2271428571429,515.9164285714286,False,False,True,False,False,False,False
2023-06-22,35360,9238.0,33.24,63.82,0.0,Thursday,0,0,6,515.41,2023-06-22,531.26,496.69,508.70285714285717,516.8971428571429,False,False,True,False,False,False,False
2023-06-23,34941,9175.0,31.44,49.25,13.64,Friday,0,0,6,497.11,2023-06-23,515.41,489.99,511.3771428571428,517.3714285714285,False,False,True,False,False,False,False
2023-06-24,34845,9221.0,36.09,58.04,0.0,Saturday,1,0,6,551.82,2023-06-24,497.11,514.26,512.3942857142857,514.7064285714285,False,False,True,False,False,False,False
2023-06-25,35392,9251.0,33.47,75.9,0.0,Sunday,1,0,6,507.1,2023-06-25,551.82,531.56,517.76,513.6785714285714,False,False,True,False,False,False,False
2023-06-26,35757,9203.0,34.1,69.96,18.61,Monday,0,0,6,496.07,2023-06-26,507.1,480.04,514.2657142857144,512.5378571428572,False,False,True,False,False,False,False
2023-06-27,35250,9223.0,32.99,71.72,32.59,Tuesday,0,0,6,472.86,2023-06-27,496.07,517.12,516.5557142857143,511.2264285714286,False,False,True,False,False,False,False
2023-06-28,35672,9237.0,29.4,70.86,0.0,Wednesday,0,0,6,491.26,2023-06-28,472.86,531.26,510.23285714285714,505.73,False,False,True,False,False,False,False
2023-06-29,34506,9213.0,33.32,68.42,0.0,Thursday,0,0,6,513.64,2023-06-29,491.26,515.41,504.5185714285714,506.6107142857143,False,False,True,False,False,False,False
2023-06-30,35831,9238.0,34.84,57.29,5.33,Friday,0,0,6,521.37,2023-06-30,513.64,497.11,504.2657142857143,507.82142857142856,False,False,True,False,False,False,False
2023-07-01,35036,9246.0,37.4,73.73,6.91,Saturday,1,0,7,581.9,2023-07-01,521.37,551.82,507.7314285714286,510.0628571428571,False,False,True,False,False,False,False
2023-07-02,35424,9263.0,38.28,60.69,0.0,Sunday,1,0,7,580.31,2023-07-02,581.9,507.1,512.0285714285714,514.8942857142857,False,False,True,False,False,False,False
2023-07-03,35260,9292.0,34.86,71.31,0.0,Monday,0,0,7,534.43,2023-07-03,580.31,496.07,522.4871428571429,518.3764285714286,False,False,True,False,False,False,False
2023-07-04,35066,9231.0,33.02,65.62,0.0,Tuesday,0,0,7,517.1,2023-07-04,534.43,472.86,527.9671428571428,522.2614285714286,False,False,True,False,False,False,False
2023-07-05,35199,9247.0,32.65,63.05,0.0,Wednesday,0,0,7,506.94,2023-07-05,517.1,491.26,534.2871428571428,522.26,False,False,True,False,False,False,False
2023-07-06,35174,9214.0,29.65,77.07,0.0,Thursday,0,0,7,523.8,2023-07-06,506.94,513.64,536.5271428571428,520.5228571428571,False,False,True,False,False,False,False
2023-07-07,35574,9199.0,34.07,58.36,8.3,Friday,0,0,7,507.87,2023-07-07,523.8,521.37,537.9785714285714,521.1221428571429,False,False,True,False,False,False,False
2023-07-08,35280,9287.0,35.01,64.21,0.0,Saturday,1,0,7,572.34,2023-07-08,507.87,581.9,536.05,521.8907142857144,False,False,True,False,False,False,False
2023-07-09,34688,9201.0,31.6,60.52,0.0,Sunday,1,0,7,520.72,2023-07-09,572.34,580.31,534.6842857142857,523.3564285714285,False,False,True,False,False,False,False
2023-07-10,35211,9214.0,35.59,65.81,19.25,Monday,0,0,7,513.48,2023-07-10,520.72,534.43,526.1714285714286,524.3292857142857,False,False,True,False,False,False,False
2023-07-11,35352,9265.0,33.31,64.68,4.6,Tuesday,0,0,7,493.87,2023-07-11,513.48,517.1,523.1785714285714,525.5728571428571,False,False,True,False,False,False,False
2023-07-12,35425,9268.0,32.96,60.92,4.02,Wednesday,0,0,7,478.67,2023-07-12,493.87,506.94,519.86,527.0735714285714,False,False,True,False,False,False,False
2023-07-13,35619,9267.0,33.36,57.17,0.0,Thursday,0,0,7,523.24,2023-07-13,478.67,523.8,515.8214285714287,526.1742857142857,False,False,True,False,False,False,False
2023-07-14,35327,9283.0,37.31,60.33,12.06,Friday,0,0,7,505.71,2023-07-14,523.24,507.87,515.7414285714286,526.8599999999999,False,False,True,False,False,False,False
2023-07-15,35706,9222.0,31.34,73.5,22.62,Saturday,1,0,7,468.35,2023-07-15,505.71,572.34,515.4328571428572,525.7414285714285,False,False,True,False,False,False,False
2023-07-16,34778,9250.0,34.63,68.94,18.0,Sunday,1,0,7,526.3,2023-07-16,468.35,520.72,500.57714285714286,517.6307142857142,False,False,True,False,False,False,False
2023-07-17,34957,9260.0,35.45,63.59,11.85,Monday,0,0,7,488.07,2023-07-17,526.3,513.48,501.3742857142857,513.7728571428572,False,False,True,False,False,False,False
2023-07-18,35289,9270.0,37.52,65.59,39.08,Tuesday,0,0,7,440.17,2023-07-18,488.07,493.87,497.7442857142857,510.4614285714286,False,False,True,False,False,False,False
2023-07-19,35036,9271.0,28.41,65.77,0.0,Wednesday,0,0,7,448.61,2023-07-19,440.17,478.67,490.0728571428571,504.96642857142854,False,False,True,False,False,False,False
2023-07-20,35377,9212.0,30.8,60.98,0.0,Thursday,0,0,7,496.09,2023-07-20,448.61,523.24,485.7785714285714,500.8,False,False,True,False,False,False,False
2023-07-21,34856,9276.0,33.25,65.49,17.94,Friday,0,0,7,482.51,2023-07-21,496.09,505.71,481.9,498.82071428571425,False,False,True,False,False,False,False
2023-07-22,35354,9257.0,36.34,59.16,0.0,Saturday,1,0,7,556.63,2023-07-22,482.51,468.35,478.5857142857143,497.00928571428574,False,False,True,False,False,False,False
2023-07-23,35343,9233.0,31.53,73.28,7.72,Sunday,1,0,7,546.09,2023-07-23,556.63,526.3,491.19714285714286,495.88714285714286,False,False,True,False,False,False,False
2023-07-24,35268,9247.0,31.26,63.02,6.92,Monday,0,0,7,496.5,2023-07-24,546.09,488.07,494.02428571428567,497.69928571428574,False,False,True,False,False,False,False
2023-07-25,35569,9264.0,33.45,66.87,6.63,Tuesday,0,0,7,506.09,2023-07-25,496.5,440.17,495.2285714285714,496.4864285714286,False,False,True,False,False,False,False
2023-07-26,35200,9285.0,29.73,66.91,12.67,Wednesday,0,0,7,507.06,2023-07-26,506.09,448.61,504.6457142857143,497.3592857142857,False,False,True,False,False,False,False
2023-07-27,35272,9191.0,32.97,66.01,26.45,Thursday,0,0,7,508.29,2023-07-27,507.06,496.09,512.9957142857143,499.38714285714286,False,False,True,False,False,False,False
2023-07-28,35235,9276.0,35.64,67.61,5.63,Friday,0,0,7,468.4,2023-07-28,508.29,482.51,514.7385714285714,498.31928571428574,False,False,True,False,False,False,False
2023-07-29,35070,9232.0,34.56,63.04,6.13,Saturday,1,0,7,500.65,2023-07-29,468.4,556.63,512.7228571428572,495.6542857142857,False,False,True,False,False,False,False
2023-07-30,35456,9223.0,30.3,73.17,21.43,Sunday,1,0,7,497.53,2023-07-30,500.65,546.09,504.72571428571433,497.9614285714286,False,False,True,False,False,False,False
2023-07-31,35288,9234.0,35.15,64.78,15.22,Monday,0,0,7,466.45,2023-07-31,497.53,496.5,497.7885714285714,495.90642857142853,False,False,True,False,False,False,False
2023-08-01,35418,9243.0,33.86,58.42,0.0,Tuesday,0,0,8,511.53,2023-08-01,466.45,506.09,493.4957142857143,494.3621428571428,False,False,True,False,False,False,False
2023-08-02,35228,9197.0,32.99,71.53,0.0,Wednesday,0,0,8,475.81,2023-08-02,511.53,507.06,494.2728571428571,499.4592857142857,False,False,True,False,False,False,False
2023-08-03,34842,9274.0,32.23,62.56,0.0,Thursday,0,0,8,516.71,2023-08-03,475.81,508.29,489.8085714285714,501.40214285714285,False,False,True,False,False,False,False
2023-08-04,34634,9270.0,29.89,64.59,36.21,Friday,0,0,8,426.48,2023-08-04,516.71,468.4,491.01142857142855,502.875,False,False,True,False,False,False,False
2023-08-05,35354,9272.0,34.92,72.05,0.0,Saturday,1,0,8,517.9,2023-08-05,426.48,500.65,485.0228571428571,498.8728571428571,False,False,True,False,False,False,False
2023-08-06,34893,9266.0,32.67,63.67,0.0,Sunday,1,0,8,540.77,2023-08-06,517.9,497.53,487.4871428571428,496.1064285714286,False,False,True,False,False,False,False
2023-08-07,35454,9172.0,31.89,61.22,20.52,Monday,0,0,8,468.94,2023-08-07,540.77,466.45,493.6642857142857,495.7264285714285,False,False,True,False,False,False,False
2023-08-08,34785,9214.0,33.93,61.35,0.0,Tuesday,0,0,8,516.6,2023-08-08,468.94,511.53,494.02,493.7578571428571,False,False,True,False,False,False,False
2023-08-09,35259,9231.0,31.29,68.27,24.83,Wednesday,0,0,8,463.28,2023-08-09,516.6,475.81,494.7442857142857,494.5085714285715,False,False,True,False,False,False,False
2023-08-10,35167,9200.0,31.81,67.81,0.0,Thursday,0,0,8,472.72,2023-08-10,463.28,516.71,492.95428571428573,491.38142857142856,False,False,True,False,False,False,False
2023-08-11,35355,9257.0,30.05,69.21,0.0,Friday,0,0,8,490.89,2023-08-11,472.72,426.48,486.67,488.84071428571434,False,False,True,False,False,False,False
2023-08-12,35138,9211.0,32.83,66.54,0.0,Saturday,1,0,8,672.04,2023-08-12,490.89,517.9,495.87142857142857,490.44714285714286,False,False,True,False,False,False,False
2023-08-13,35170,9226.0,32.71,67.65,0.0,Sunday,1,0,8,512.93,2023-08-13,672.04,540.77,517.8914285714285,502.6892857142857,False,False,True,False,False,False,False
2023-08-14,35201,9144.0,30.26,73.36,1.08,Monday,0,0,8,495.44,2023-08-14,512.93,468.94,513.9142857142857,503.7892857142857,False,False,True,False,False,False,False
2023-08-15,35119,9218.0,32.07,65.0,10.19,Tuesday,0,1,8,531.98,2023-08-15,495.44,516.6,517.6999999999999,505.86,False,False,True,False,False,False,False
2023-08-16,35151,9251.0,32.95,63.45,28.57,Wednesday,0,0,8,492.27,2023-08-16,531.98,463.28,519.8971428571429,507.32071428571436,False,False,True,False,False,False,False
2023-08-17,35244,9232.0,31.3,63.84,15.47,Thursday,0,0,8,470.72,2023-08-17,492.27,472.72,524.0385714285715,508.49642857142857,False,False,True,False,False,False,False
2023-08-18,34842,9271.0,30.27,72.02,7.19,Friday,0,0,8,486.42,2023-08-18,470.72,490.89,523.7528571428571,505.2114285714286,False,False,True,False,False,False,False
2023-08-19,35369,9251.0,34.81,65.77,3.6,Saturday,1,0,8,501.09,2023-08-19,486.42,672.04,523.1142857142858,509.49285714285713,False,False,True,False,False,False,False
2023-08-20,35408,9281.0,28.78,70.81,0.0,Sunday,1,0,8,497.25,2023-08-20,501.09,512.93,498.6928571428572,508.2921428571429,False,False,True,False,False,False,False
2023-08-21,35303,9225.0,31.02,72.42,0.0,Monday,0,0,8,495.76,2023-08-21,497.25,495.44,496.45285714285717,505.1835714285715,False,False,True,False,False,False,False
2023-08-22,35052,9231.0,27.23,68.15,9.68,Tuesday,0,0,8,473.21,2023-08-22,495.76,531.98,496.49857142857144,507.09928571428566,False,False,True,False,False,False,False
2023-08-23,35411,9248.0,34.3,77.21,8.32,Wednesday,0,0,8,478.68,2023-08-23,473.21,492.27,488.1028571428572,503.99999999999994,False,False,True,False,False,False,False
2023-08-24,35213,9262.0,28.94,62.19,0.0,Thursday,0,0,8,465.92,2023-08-24,478.68,470.72,486.16142857142853,505.09999999999997,False,False,True,False,False,False,False
2023-08-25,34613,9223.0,29.47,60.48,4.01,Friday,0,0,8,485.75,2023-08-25,465.92,486.42,485.4757142857143,504.61428571428576,False,False,True,False,False,False,False
2023-08-26,35705,9274.0,29.53,74.86,0.8,Saturday,1,0,8,523.34,2023-08-26,485.75,501.09,485.38,504.2471428571429,False,False,True,False,False,False,False
2023-08-27,34908,9225.0,27.28,60.66,9.1,Sunday,1,0,8,473.92,2023-08-27,523.34,497.25,488.5585714285714,493.6257142857143,False,False,True,False,False,False,False
2023-08-28,35248,9281.0,30.17,70.5,3.52,Monday,0,0,8,488.76,2023-08-28,473.92,495.76,485.2257142857143,490.8392857142857,False,False,True,False,False,False,False
2023-08-29,35365,9283.0,28.58,64.54,1.31,Tuesday,0,0,8,502.34,2023-08-29,488.76,473.21,484.2257142857143,490.3621428571429,False,False,True,False,False,False,False
2023-08-30,35550,9243.0,29.03,64.64,0.0,Wednesday,0,0,8,473.19,2023-08-30,502.34,478.68,488.38714285714286,488.245,False,False,True,False,False,False,False
2023-08-31,35057,9231.0,29.39,65.36,10.18,Thursday,0,0,8,480.42,2023-08-31,473.19,465.92,487.6028571428572,486.88214285714287,False,False,True,False,False,False,False
2023-09-01,35119,9241.0,30.69,63.76,45.58,Friday,0,0,9,455.39,2023-09-01,480.42,485.75,489.67428571428576,487.575,False,False,True,False,False,False,False
2023-09-02,35529,9275.0,30.29,64.76,5.28,Saturday,1,0,9,495.69,2023-09-02,455.39,523.34,485.33714285714285,485.35857142857145,False,False,True,False,False,False,False
2023-09-03,34843,9252.0,31.5,69.7,50.91,Sunday,1,0,9,441.88,2023-09-03,495.69,473.92,481.38714285714286,484.97285714285715,False,False,True,False,False,False,False
2023-09-04,35096,9314.0,28.13,58.85,13.93,Monday,0,0,9,462.63,2023-09-04,441.88,488.76,476.81,481.01785714285717,False,False,True,False,False,False,False
2023-09-05,35151,9271.0,28.6,68.22,0.0,Tuesday,0,0,9,490.66,2023-09-05,462.63,502.34,473.07714285714286,478.65142857142854,False,False,True,False,False,False,False
2023-09-06,35022,9257.0,27.85,69.7,0.0,Wednesday,0,0,9,489.04,2023-09-06,490.66,473.19,471.40857142857146,479.89785714285716,False,False,True,False,False,False,False
2023-09-07,34958,9230.0,26.92,64.32,17.4,Thursday,0,0,9,465.27,2023-09-07,489.04,480.42,473.67285714285714,480.6378571428572,False,False,True,False,False,False,False
2023-09-08,35192,9293.0,27.07,67.23,0.0,Friday,0,0,9,463.37,2023-09-08,465.27,455.39,471.50857142857143,480.59142857142854,False,False,True,False,False,False,False
2023-09-09,34954,9256.0,27.67,65.35,33.82,Saturday,1,0,9,435.0,2023-09-09,463.37,495.69,472.6485714285714,478.9928571428572,False,False,True,False,False,False,False
2023-09-10,35183,9271.0,29.39,70.65,7.26,Sunday,1,0,9,445.48,2023-09-10,435.0,441.88,463.9785714285714,472.6828571428572,False,False,True,False,False,False,False
2023-09-11,35310,9319.0,24.71,65.93,1.32,Monday,0,0,9,487.08,2023-09-11,445.48,462.63,464.49285714285713,470.65142857142854,False,False,True,False,False,False,False
2023-09-12,35070,9277.0,27.52,69.55,8.71,Tuesday,0,0,9,450.26,2023-09-12,487.08,490.66,467.9857142857143,470.53142857142853,False,False,True,False,False,False,False
2023-09-13,35462,9286.0,25.43,66.68,14.5,Wednesday,0,0,9,480.9,2023-09-13,450.26,489.04,462.2142857142857,466.8114285714286,False,False,True,False,False,False,False
2023-09-14,35145,9195.0,28.92,68.91,10.05,Thursday,0,0,9,485.13,2023-09-14,480.9,465.27,461.0514285714285,467.3621428571428,False,False,True,False,False,False,False
2023-09-15,35269,9243.0,27.82,68.01,12.03,Friday,0,0,9,493.91,2023-09-15,485.13,463.37,463.8885714285714,467.6985714285714,False,False,True,False,False,False,False
2023-09-16,35015,9264.0,27.58,66.08,0.0,Saturday,1,0,9,494.28,2023-09-16,493.91,435.0,468.2514285714286,470.44999999999993,False,False,True,False,False,False,False
2023-09-17,35153,9280.0,25.97,66.36,8.15,Sunday,1,0,9,487.28,2023-09-17,494.28,445.48,476.71999999999997,470.3492857142857,False,False,True,False,False,False,False
2023-09-18,34998,9222.0,25.55,70.34,0.0,Monday,0,0,9,466.78,2023-09-18,487.28,487.08,482.6914285714286,473.59214285714285,False,False,True,False,False,False,False
2023-09-19,35079,9278.0,23.71,66.63,0.0,Tuesday,0,0,9,474.87,2023-09-19,466.78,450.26,479.7914285714286,473.8885714285714,False,False,True,False,False,False,False
2023-09-20,35727,9198.0,29.23,70.39,10.74,Wednesday,0,0,9,508.99,2023-09-20,474.87,480.9,483.3071428571428,472.76071428571424,False,False,True,False,False,False,False
2023-09-21,35250,9236.0,24.5,70.44,1.77,Thursday,0,0,9,472.57,2023-09-21,508.99,485.13,487.32000000000005,474.18571428571425,False,False,True,False,False,False,False
2023-09-22,35044,9270.0,29.93,67.67,4.7,Friday,0,0,9,491.71,2023-09-22,472.57,493.91,485.52571428571434,474.7071428571429,False,False,True,False,False,False,False
2023-09-23,35264,9273.0,26.52,68.81,5.84,Saturday,1,0,9,485.59,2023-09-23,491.71,494.28,485.2114285714285,476.7314285714286,False,False,True,False,False,False,False
2023-09-24,35469,9244.0,25.74,65.37,12.9,Sunday,1,0,9,512.3,2023-09-24,485.59,487.28,483.96999999999997,480.34499999999997,False,False,True,False,False,False,False
2023-09-25,35376,9275.0,25.69,62.46,40.76,Monday,0,0,9,415.2,2023-09-25,512.3,466.78,487.54428571428565,485.11785714285713,False,False,True,False,False,False,False
2023-09-26,34929,9257.0,27.6,63.27,12.8,Tuesday,0,0,9,452.33,2023-09-26,415.2,474.87,480.17571428571426,479.9835714285714,False,False,True,False,False,False,False
2023-09-27,35315,9242.0,27.98,71.32,0.0,Wednesday,0,0,9,471.43,2023-09-27,452.33,508.99,476.9557142857143,480.13142857142856,False,False,True,False,False,False,False
2023-09-28,35179,9195.0,29.82,69.3,1.08,Thursday,0,0,9,471.74,2023-09-28,471.43,472.57,471.59,479.455,False,False,True,False,False,False,False
2023-09-29,34676,9240.0,25.05,66.91,10.72,Friday,0,0,9,450.9,2023-09-29,471.74,491.71,471.47142857142853,478.4985714285714,False,False,True,False,False,False,False
2023-09-30,34786,9239.0,22.95,73.62,20.47,Saturday,1,0,9,443.61,2023-09-30,450.9,485.59,465.6414285714286,475.4264285714286,False,False,True,False,False,False,False
2023-10-01,35551,9264.0,26.68,72.31,14.15,Sunday,1,0,10,473.43,2023-10-01,443.61,512.3,459.6442857142857,471.8071428571428,False,False,True,False,True,False,False
2023-10-02,35175,9293.0,24.12,59.88,0.0,Monday,0,1,10,473.19,2023-10-02,473.43,415.2,454.0914285714286,470.8178571428571,False,False,True,False,True,False,False
2023-10-03,35536,9292.0,24.72,52.8,16.97,Tuesday,0,0,10,458.64,2023-10-03,473.19,452.33,462.3757142857143,471.2757142857143,False,False,True,False,True,False,False
2023-10-04,35118,9219.0,23.89,70.01,0.0,Wednesday,0,0,10,478.06,2023-10-04,458.64,471.43,463.27714285714285,470.11642857142857,False,False,True,False,True,False,False
2023-10-05,34807,9245.0,23.13,69.67,23.87,Thursday,0,0,10,460.97,2023-10-05,478.06,471.74,464.2242857142857,467.9071428571429,False,False,True,False,True,False,False
2023-10-06,34958,9332.0,25.59,68.47,14.75,Friday,0,0,10,444.28,2023-10-06,460.97,450.9,462.6857142857143,467.07857142857137,False,False,True,False,True,False,False
2023-10-07,35252,9279.0,26.14,68.21,5.96,Saturday,1,0,10,493.89,2023-10-07,444.28,443.61,461.73999999999995,463.6907142857143,False,False,True,False,True,False,False
2023-10-08,35176,9267.0,24.83,67.95,0.0,Sunday,1,0,10,491.31,2023-10-08,493.89,473.43,468.92285714285714,464.2835714285714,False,False,True,False,True,False,False
2023-10-09,35203,9300.0,25.72,64.72,0.0,Monday,0,0,10,501.0,2023-10-09,491.31,473.19,471.47714285714284,462.7842857142858,False,False,True,False,True,False,False
2023-10-10,35235,9282.0,25.03,66.02,0.0,Tuesday,0,0,10,471.44,2023-10-10,501.0,458.64,475.44999999999993,468.9128571428572,False,False,True,False,True,False,False
2023-10-11,35556,9208.0,28.01,65.1,5.2,Wednesday,0,0,10,448.41,2023-10-11,471.44,478.06,477.2785714285714,470.27785714285716,False,False,True,False,True,False,False
2023-10-12,35358,9261.0,23.87,74.0,12.83,Thursday,0,0,10,452.13,2023-10-12,448.41,460.97,473.04285714285714,468.63357142857143,False,False,True,False,True,False,False
2023-10-13,35348,9286.0,24.86,68.75,26.61,Friday,0,0,10,430.04,2023-10-13,452.13,444.28,471.7799999999999,467.23285714285714,False,False,True,False,True,False,False
2023-10-14,35066,9291.0,25.0,81.25,3.57,Saturday,1,0,10,451.69,2023-10-14,430.04,493.89,469.7457142857143,465.74285714285713,False,False,True,False,True,False,False
2023-10-15,35258,9219.0,27.32,72.64,0.0,Sunday,1,0,10,485.78,2023-10-15,451.69,491.31,463.71714285714285,466.32000000000005,False,False,True,False,True,False,False
2023-10-16,35659,9228.0,21.81,67.83,0.0,Monday,0,0,10,451.51,2023-10-16,485.78,501.0,462.9271428571429,467.20214285714286,False,False,True,False,True,False,False
2023-10-17,35719,9211.0,22.93,61.9,0.0,Tuesday,0,0,10,457.35,2023-10-17,451.51,471.44,455.85714285714283,465.65357142857147,False,False,True,False,True,False,False
2023-10-18,35362,9266.0,24.32,66.67,0.0,Wednesday,0,0,10,463.01,2023-10-18,457.35,448.41,453.8442857142858,465.56142857142856,False,False,True,False,True,False,False
2023-10-19,35337,9194.0,24.19,63.92,1.9,Thursday,0,0,10,467.03,2023-10-19,463.01,452.13,455.92999999999995,464.4864285714285,False,False,True,False,True,False,False
2023-10-20,34937,9276.0,25.79,65.08,0.0,Friday,0,0,10,439.13,2023-10-20,467.03,430.04,458.0585714285715,464.9192857142857,False,False,True,False,True,False,False
2023-10-21,35302,9295.0,22.2,82.51,0.0,Saturday,1,0,10,459.08,2023-10-21,439.13,451.69,459.3571428571428,464.5514285714286,False,False,True,False,True,False,False
2023-10-22,34922,9273.0,21.44,62.71,8.22,Sunday,1,0,10,450.68,2023-10-22,459.08,485.78,460.4128571428572,462.065,False,False,True,False,True,False,False
2023-10-23,35116,9363.0,24.87,70.73,0.0,Monday,0,1,10,488.2,2023-10-23,450.68,451.51,455.3985714285714,459.16285714285715,False,False,True,False,True,False,False
2023-10-24,35351,9275.0,25.07,61.5,0.0,Tuesday,0,0,10,440.56,2023-10-24,488.2,457.35,460.64,458.2485714285714,False,False,True,False,True,False,False
2023-10-25,35185,9207.0,21.98,71.97,27.48,Wednesday,0,0,10,432.86,2023-10-25,440.56,463.01,458.2414285714285,456.04285714285714,False,False,True,False,True,False,False
2023-10-26,34965,9240.0,23.62,65.26,4.38,Thursday,0,0,10,468.87,2023-10-26,432.86,467.03,453.9342857142857,454.9321428571429,False,False,True,False,True,False,False
2023-10-27,35256,9210.0,19.08,67.59,18.34,Friday,0,0,10,442.2,2023-10-27,468.87,439.13,454.1971428571428,456.1278571428571,False,False,True,False,True,False,False
2023-10-28,35464,9241.0,23.65,74.39,24.82,Saturday,1,0,10,478.76,2023-10-28,442.2,459.08,454.6357142857143,456.99642857142857,False,False,True,False,True,False,False
2023-10-29,35770,9283.0,21.85,63.42,4.09,Sunday,1,0,10,452.8,2023-10-29,478.76,450.68,457.4471428571428,458.92999999999995,False,False,True,False,True,False,False
2023-10-30,35269,9266.0,20.19,66.22,2.58,Monday,0,0,10,460.32,2023-10-30,452.8,488.2,457.75,456.57428571428574,False,False,True,False,True,False,False
2023-10-31,35327,9297.0,22.63,61.25,0.0,Tuesday,0,0,10,472.43,2023-10-31,460.32,440.56,453.76714285714286,457.20357142857137,False,False,True,False,True,False,False
2023-11-01,34931,9238.0,23.12,64.02,12.03,Wednesday,0,0,11,450.18,2023-11-01,472.43,432.86,458.32000000000005,458.2807142857143,False,False,True,False,True,False,False
2023-11-02,35345,9264.0,22.52,75.76,0.0,Thursday,0,0,11,478.47,2023-11-02,450.18,468.87,460.7942857142857,457.36428571428576,False,False,True,False,True,False,False
2023-11-03,35046,9306.0,19.74,69.06,21.65,Friday,0,0,11,427.21,2023-11-03,478.47,442.2,462.16571428571433,458.18142857142857,False,False,True,False,True,False,False
2023-11-04,35573,9229.0,19.95,73.74,0.0,Saturday,1,0,11,457.89,2023-11-04,427.21,478.76,460.0242857142857,457.33,False,False,True,False,True,False,False
2023-11-05,35238,9217.0,22.7,71.71,0.0,Sunday,1,0,11,508.12,2023-11-05,457.89,452.8,457.04285714285714,457.245,False,False,True,False,True,False,False
2023-11-06,34996,9322.0,20.86,70.66,16.52,Monday,0,0,11,438.28,2023-11-06,508.12,460.32,464.94571428571425,461.34785714285715,False,False,True,False,True,False,False
2023-11-07,35122,9303.0,19.31,70.28,9.25,Tuesday,0,0,11,426.27,2023-11-07,438.28,472.43,461.7971428571429,457.78214285714284,False,False,True,False,True,False,False
2023-11-08,34937,9248.0,19.05,68.92,31.36,Wednesday,0,0,11,428.47,2023-11-08,426.27,450.18,455.20285714285717,456.76142857142855,False,False,True,False,True,False,False
2023-11-09,35434,9323.0,23.41,62.06,11.21,Thursday,0,0,11,498.73,2023-11-09,428.47,478.47,452.1014285714286,456.4478571428572,False,False,True,False,True,False,False
2023-11-10,35239,9245.0,22.05,76.14,8.52,Friday,0,0,11,472.87,2023-11-10,498.73,427.21,454.99571428571426,458.5807142857143,False,False,True,False,True,False,False
2023-11-11,35204,9184.0,21.26,67.58,21.15,Saturday,1,0,11,479.04,2023-11-11,472.87,457.89,461.51857142857136,460.7714285714286,False,False,True,False,True,False,False
2023-11-12,35072,9314.0,24.66,65.26,0.69,Sunday,1,0,11,473.52,2023-11-12,479.04,508.12,464.53999999999996,460.7914285714286,False,False,True,False,True,False,False
2023-11-13,35111,9239.0,20.24,63.54,5.2,Monday,0,0,11,453.84,2023-11-13,473.52,438.28,459.5971428571429,462.2714285714286,False,False,True,False,True,False,False
2023-11-14,35529,9261.0,24.3,69.42,0.0,Tuesday,0,0,11,462.65,2023-11-14,453.84,426.27,461.82,461.8085714285715,False,False,True,False,True,False,False
2023-11-15,35263,9297.0,24.44,64.52,0.0,Wednesday,0,0,11,482.63,2023-11-15,462.65,428.47,467.01714285714286,461.11,False,False,True,False,True,False,False
2023-11-16,35147,9253.0,19.99,67.14,9.41,Thursday,0,0,11,564.09,2023-11-16,482.63,498.73,474.75428571428574,463.42785714285714,False,False,True,False,True,False,False
2023-11-17,35187,9270.0,20.6,73.78,0.0,Friday,0,0,11,466.72,2023-11-17,564.09,472.87,484.0914285714286,469.54357142857145,False,False,True,False,True,False,False
2023-11-18,35435,9248.0,19.21,64.81,6.7,Saturday,1,0,11,455.48,2023-11-18,466.72,479.04,483.21285714285716,472.3657142857143,False,False,True,False,True,False,False
2023-11-19,35349,9229.0,22.6,66.88,0.0,Sunday,1,0,11,500.67,2023-11-19,455.48,473.52,479.84714285714284,472.19357142857143,False,False,True,False,True,False,False
2023-11-20,34947,9229.0,17.34,84.36,23.72,Monday,0,0,11,413.63,2023-11-20,500.67,453.84,483.7257142857143,471.6614285714286,False,False,True,False,True,False,False
2023-11-21,35177,9296.0,22.48,66.08,3.09,Tuesday,0,0,11,459.27,2023-11-21,413.63,462.65,477.98142857142864,469.90071428571434,False,False,True,False,True,False,False
2023-11-22,34974,9224.0,20.76,66.65,0.0,Wednesday,0,0,11,452.96,2023-11-22,459.27,482.63,477.49857142857144,472.2578571428571,False,False,True,False,True,False,False
2023-11-23,35119,9251.0,16.97,71.26,8.83,Thursday,0,0,11,450.5,2023-11-23,452.96,564.09,473.25999999999993,474.0071428571428,False,False,True,False,True,False,False
2023-11-24,35386,9343.0,21.19,58.5,4.47,Friday,0,0,11,488.16,2023-11-24,450.5,466.72,457.0328571428571,470.5621428571429,False,False,True,False,True,False,False
2023-11-25,35036,9237.0,20.95,65.29,0.0,Saturday,1,0,11,464.29,2023-11-25,488.16,455.48,460.0957142857143,471.6542857142857,False,False,True,False,True,False,False
2023-11-26,34912,9298.0,22.99,68.3,16.58,Sunday,1,0,11,493.36,2023-11-26,464.29,500.67,461.3542857142857,470.6007142857143,False,False,True,False,True,False,False
2023-11-27,35479,9265.0,18.3,82.15,0.0,Monday,0,0,11,455.42,2023-11-27,493.36,413.63,460.31,472.01785714285717,False,False,True,False,True,False,False
2023-11-28,35147,9259.0,18.23,64.55,0.0,Tuesday,0,0,11,457.8,2023-11-28,455.42,459.27,466.28000000000003,472.1307142857143,False,False,True,False,True,False,False
2023-11-29,35063,9276.0,17.44,67.43,0.0,Wednesday,0,0,11,480.09,2023-11-29,457.8,452.96,466.07,471.7842857142858,False,False,True,False,True,False,False
2023-11-30,34971,9198.0,18.63,68.47,8.5,Thursday,0,0,11,450.44,2023-11-30,480.09,450.5,469.94571428571425,471.6028571428571,False,False,True,False,True,False,False
2023-12-01,35869,9249.0,21.2,73.74,0.0,Friday,0,0,12,470.16,2023-12-01,450.44,488.16,469.9371428571429,463.485,False,False,True,False,False,False,True
2023-12-02,35336,9274.0,20.05,64.35,16.08,Saturday,1,0,12,455.51,2023-12-02,470.16,464.29,467.36571428571426,463.73071428571427,False,False,True,False,False,False,True
2023-12-03,35459,9270.0,20.3,65.8,0.0,Sunday,1,0,12,495.51,2023-12-03,455.51,493.36,466.1114285714286,463.73285714285714,False,False,True,False,False,False,True
2023-12-04,35481,9216.0,19.89,71.47,28.95,Monday,0,0,12,429.61,2023-12-04,495.51,455.42,466.4185714285714,463.36428571428576,False,False,True,False,False,False,True
2023-12-05,35232,9260.0,21.81,69.51,10.71,Tuesday,0,0,12,464.77,2023-12-05,429.61,457.8,462.7314285714286,464.5057142857143,False,False,True,False,False,False,True
2023-12-06,35115,9289.0,19.39,68.67,0.0,Wednesday,0,0,12,450.14,2023-12-06,464.77,480.09,463.7271428571429,464.8985714285714,False,False,True,False,False,False,True
2023-12-07,35548,9289.0,22.07,75.05,0.0,Thursday,0,0,12,461.36,2023-12-07,450.14,450.44,459.4485714285714,464.69714285714286,False,False,True,False,False,False,True
2023-12-08,35477,9305.0,18.57,73.22,11.18,Friday,0,0,12,478.78,2023-12-08,461.36,470.16,461.00857142857143,465.47285714285715,False,False,True,False,False,False,True
2023-12-09,35335,9316.0,18.55,70.93,1.14,Saturday,1,0,12,489.58,2023-12-09,478.78,455.51,462.23999999999995,464.8028571428572,False,False,True,False,False,False,True
2023-12-10,35014,9327.0,17.88,72.39,0.0,Sunday,1,0,12,486.08,2023-12-10,489.58,495.51,467.10714285714283,466.60928571428576,False,False,True,False,False,False,True
2023-12-11,35464,9297.0,21.24,63.23,0.0,Monday,0,0,12,452.55,2023-12-11,486.08,429.61,465.76000000000005,466.0892857142857,False,False,True,False,False,False,True
2023-12-12,35188,9285.0,19.1,69.76,0.0,Tuesday,0,0,12,444.67,2023-12-12,452.55,464.77,469.03714285714284,465.88428571428574,False,False,True,False,False,False,True
2023-12-13,34998,9296.0,18.6,70.97,0.0,Wednesday,0,0,12,487.45,2023-12-13,444.67,450.14,466.1657142857143,464.94642857142856,False,False,True,False,False,False,True
2023-12-14,35312,9302.0,17.53,68.18,0.0,Thursday,0,0,12,437.87,2023-12-14,487.45,461.36,471.4957142857143,465.4721428571429,False,False,True,False,False,False,True
2023-12-15,35073,9233.0,19.34,73.06,0.0,Friday,0,0,12,492.54,2023-12-15,437.87,478.78,468.14,464.57428571428574,False,False,True,False,False,False,True
2023-12-16,35317,9272.0,20.66,71.85,20.18,Saturday,1,0,12,564.69,2023-12-16,492.54,489.58,470.1057142857143,466.17285714285714,False,False,True,False,False,False,True
2023-12-17,35168,9270.0,17.84,68.05,0.0,Sunday,1,0,12,487.11,2023-12-17,564.69,486.08,480.8357142857143,473.9714285714286,False,False,True,False,False,False,True
2023-12-18,34838,9251.0,23.65,71.65,5.6,Monday,0,0,12,467.69,2023-12-18,487.11,452.55,480.98285714285714,473.37142857142857,False,False,True,False,False,False,True
2023-12-19,35158,9257.0,17.02,64.87,0.0,Tuesday,0,0,12,450.64,2023-12-19,467.69,444.67,483.14571428571435,476.09142857142854,False,False,True,False,False,False,True
2023-12-20,35512,9264.0,16.79,75.6,0.0,Wednesday,0,0,12,481.44,2023-12-20,450.64,487.45,483.99857142857144,475.0821428571429,False,False,True,False,False,False,True
2023-12-21,35439,9284.0,20.17,65.5,0.0,Thursday,0,0,12,476.53,2023-12-21,481.44,437.87,483.14,477.3178571428571,False,False,True,False,False,False,True
2023-12-22,35415,9250.0,18.74,74.59,0.0,Friday,0,0,12,460.29,2023-12-22,476.53,492.54,488.66285714285715,478.40142857142865,False,False,True,False,False,False,True
2023-12-23,35328,9211.0,18.49,64.5,0.0,Saturday,1,0,12,496.46,2023-12-23,460.29,564.69,484.05571428571426,477.0807142857143,False,False,True,False,False,False,True
2023-12-24,35157,9250.0,18.51,80.82,12.05,Sunday,1,0,12,537.97,2023-12-24,496.46,487.11,474.3085714285714,477.57214285714286,False,False,True,False,False,False,True
2023-12-25,35319,9279.0,21.23,60.25,0.0,Monday,0,1,12,488.45,2023-12-25,537.97,467.69,481.57428571428574,481.2785714285714,False,False,True,False,False,False,True
2023-12-26,35209,9279.0,18.55,71.76,10.83,Tuesday,0,0,12,418.47,2023-12-26,488.45,450.64,484.53999999999996,483.84285714285716,False,False,True,False,False,False,True
2023-12-27,35511,9245.0,18.05,70.4,0.0,Wednesday,0,0,12,455.13,2023-12-27,418.47,481.44,479.94428571428574,481.97142857142853,False,False,True,False,False,False,True
2023-12-28,35360,9244.0,17.19,73.44,0.0,Thursday,0,0,12,498.7,2023-12-28,455.13,476.53,476.18571428571425,479.66285714285715,False,False,True,False,False,False,True
2023-12-29,35429,9285.0,22.33,57.13,0.0,Friday,0,0,12,489.6,2023-12-29,498.7,460.29,479.3528571428572,484.0078571428571,False,False,True,False,False,False,True
2023-12-30,34981,9213.0,20.44,72.38,0.0,Saturday,1,0,12,478.65,2023-12-30,489.6,496.46,483.54,483.79785714285714,False,False,True,False,False,False,True
2023-12-31,35197,9269.0,19.03,60.99,0.0,Sunday,1,0,12,495.83,2023-12-31,478.65,537.97,480.9957142857143,477.6521428571428,False,False,True,False,False,False,True
2024-01-01,35245,9259.0,19.18,72.98,0.0,Monday,0,1,1,512.65,2024-01-01,495.83,488.45,474.9757142857143,478.275,False,False,True,False,False,False,True
2024-01-02,35250,9376.0,23.28,65.38,0.0,Tuesday,0,0,1,454.53,2024-01-02,512.65,418.47,478.43285714285713,481.4864285714286,False,False,True,False,False,False,True
2024-01-03,35712,9374.0,19.97,71.84,0.0,Wednesday,0,0,1,511.83,2024-01-03,454.53,455.13,483.58428571428567,481.7642857142857,False,False,True,False,False,False,True
2024-01-04,35958,9266.0,17.9,69.52,0.0,Thursday,0,0,1,668.52,2024-01-04,511.83,498.7,491.6842857142857,483.935,False,False,True,False,False,False,True
2024-01-05,35330,9301.0,23.24,72.1,0.0,Friday,0,0,1,474.15,2024-01-05,668.52,489.6,515.9442857142857,497.6485714285714,False,False,True,False,False,False,True
2024-01-06,34738,9274.0,21.08,72.05,0.0,Saturday,1,0,1,486.64,2024-01-06,474.15,478.65,513.7371428571429,498.6385714285714,False,False,True,False,False,False,True
2024-01-07,35189,9303.0,19.91,70.69,22.2,Sunday,1,0,1,459.36,2024-01-07,486.64,495.83,514.8785714285714,497.93714285714276,False,False,True,False,False,False,True
2024-01-08,35106,9313.0,18.48,74.7,0.0,Monday,0,0,1,458.71,2024-01-08,459.36,512.65,509.6685714285714,492.32214285714286,False,False,True,False,False,False,True
2024-01-09,35765,9250.0,21.23,71.28,0.0,Tuesday,0,0,1,447.05,2024-01-09,458.71,454.53,501.9628571428571,490.1978571428571,False,False,True,False,False,False,True
2024-01-10,35302,9317.0,20.93,70.05,3.96,Wednesday,0,0,1,467.51,2024-01-10,447.05,511.83,500.8942857142857,492.23928571428576,False,False,True,False,False,False,True
2024-01-11,35623,9287.0,20.04,72.2,9.3,Thursday,0,0,1,442.7,2024-01-11,467.51,668.52,494.5628571428571,493.1235714285714,False,False,True,False,False,False,True
2024-01-12,35501,9301.0,16.07,71.28,0.0,Friday,0,0,1,496.27,2024-01-12,442.7,474.15,462.30285714285714,489.12357142857144,False,False,True,False,False,False,True
2024-01-13,35595,9237.0,21.38,69.57,23.84,Saturday,1,0,1,495.83,2024-01-13,496.27,486.64,465.4628571428571,489.59999999999997,False,False,True,False,False,False,True
2024-01-14,35277,9272.0,21.31,55.71,0.0,Sunday,1,1,1,520.29,2024-01-14,495.83,459.36,466.7757142857143,490.82714285714286,False,False,True,False,False,False,True
2024-01-15,35576,9274.0,17.64,70.46,0.0,Monday,0,0,1,502.94,2024-01-15,520.29,458.71,475.47999999999996,492.57428571428574,False,False,True,False,False,False,True
2024-01-16,34788,9273.0,22.55,69.88,0.0,Tuesday,0,0,1,469.52,2024-01-16,502.94,447.05,481.7985714285714,491.8807142857143,False,False,True,False,False,False,True
2024-01-17,35195,9236.0,20.68,63.18,0.0,Wednesday,0,0,1,491.33,2024-01-17,469.52,467.51,485.00857142857143,492.95142857142855,False,False,True,False,False,False,True
2024-01-18,35126,9265.0,20.81,71.07,0.0,Thursday,0,0,1,482.78,2024-01-18,491.33,442.7,488.41142857142853,491.4871428571428,False,False,True,False,False,False,True
2024-01-19,35321,9235.0,17.71,79.36,0.0,Friday,0,0,1,474.95,2024-01-19,482.78,496.27,494.13714285714286,478.2199999999999,False,False,True,False,False,False,True
2024-01-20,35347,9296.0,20.25,75.32,0.0,Saturday,1,0,1,476.46,2024-01-20,474.95,495.83,491.09142857142854,478.27714285714285,False,False,True,False,False,False,True
2024-01-21,35248,9325.0,20.14,63.19,0.0,Sunday,1,0,1,482.0,2024-01-21,476.46,520.29,488.32428571428574,477.5499999999999,False,False,True,False,False,False,True
2024-01-22,35577,9237.0,20.77,66.03,9.8,Monday,0,0,1,460.94,2024-01-22,482.0,502.94,482.8542857142857,479.1671428571429,False,False,True,False,False,False,True
2024-01-23,34758,9258.0,22.29,62.41,0.0,Tuesday,0,0,1,469.62,2024-01-23,460.94,469.52,476.8542857142857,479.32642857142855,False,False,True,False,False,False,True
2024-01-24,35210,9240.0,22.13,66.2,0.0,Wednesday,0,0,1,438.29,2024-01-24,469.62,491.33,476.86857142857144,480.9385714285714,False,False,True,False,False,False,True
2024-01-25,35312,9320.0,22.56,74.53,0.0,Thursday,0,0,1,460.23,2024-01-25,438.29,482.78,469.2914285714286,478.8514285714286,False,False,True,False,False,False,True
2024-01-26,35344,9266.0,22.88,70.4,0.0,Friday,0,1,1,485.2,2024-01-26,460.23,474.95,466.07,480.1035714285714,False,False,True,False,False,False,True
2024-01-27,35311,9320.0,23.4,72.05,0.0,Saturday,1,0,1,515.4,2024-01-27,485.2,476.46,467.5342857142858,479.3128571428571,False,False,True,False,False,False,True
2024-01-28,35465,9289.0,22.96,66.19,1.59,Sunday,1,0,1,490.87,2024-01-28,515.4,482.0,473.0971428571429,480.7107142857143,False,False,True,False,False,False,True
2024-01-29,35390,9243.0,25.92,60.73,0.0,Monday,0,0,1,471.34,2024-01-29,490.87,460.94,474.36428571428576,478.6092857142857,False,False,True,False,False,False,True
2024-01-30,35568,9301.0,24.64,63.93,7.9,Tuesday,0,0,1,497.48,2024-01-30,471.34,469.62,475.84999999999997,476.35214285714284,False,False,True,False,False,False,True
2024-01-31,35813,9278.0,18.56,67.33,5.44,Wednesday,0,0,1,468.88,2024-01-31,497.48,438.29,479.83,478.3492857142857,False,False,True,False,False,False,True
2024-02-01,35479,9246.0,26.38,69.85,16.51,Thursday,0,0,2,470.38,2024-02-01,468.88,460.23,484.2,476.7457142857143,False,False,True,False,False,False,True
2024-02-02,35237,9281.0,21.0,77.02,0.0,Friday,0,0,2,463.94,2024-02-02,470.38,485.2,485.65000000000003,475.86,False,False,True,False,False,False,True
2024-02-03,34974,9280.0,20.34,66.49,6.34,Saturday,1,0,2,459.38,2024-02-03,463.94,515.4,482.61285714285714,475.0735714285714,False,False,True,False,False,False,True
2024-02-04,35591,9302.0,22.36,70.47,0.0,Sunday,1,0,2,476.46,2024-02-04,459.38,490.87,474.61000000000007,473.8535714285714,False,False,True,False,False,False,True
2024-02-05,35133,9313.0,20.97,73.25,0.0,Monday,0,0,2,486.35,2024-02-05,476.46,471.34,472.5514285714285,473.4578571428572,False,False,True,False,False,False,True
2024-02-06,34897,9280.0,25.15,70.51,19.42,Tuesday,0,0,2,483.48,2024-02-06,486.35,497.48,474.69571428571436,475.2728571428571,False,False,True,False,False,False,True
2024-02-07,35243,9278.0,21.28,69.24,5.36,Wednesday,0,0,2,481.93,2024-02-07,483.48,468.88,472.69571428571436,476.2628571428572,False,False,True,False,False,False,True
2024-02-08,35426,9267.0,22.86,65.54,0.0,Thursday,0,0,2,517.88,2024-02-08,481.93,470.38,474.56,479.38,False,False,True,False,False,False,True
2024-02-09,35562,9248.0,23.6,75.76,0.0,Friday,0,0,2,476.25,2024-02-09,517.88,463.94,481.3457142857143,483.4978571428571,False,False,True,False,False,False,True
2024-02-10,34997,9258.0,20.62,73.61,0.0,Saturday,1,0,2,494.75,2024-02-10,476.25,459.38,483.1042857142857,482.8585714285714,False,False,True,False,False,False,True
2024-02-11,35612,9255.0,19.93,62.95,0.0,Sunday,1,0,2,511.02,2024-02-11,494.75,476.46,488.1571428571429,481.38357142857143,False,False,True,False,False,False,True
2024-02-12,35010,9277.0,27.69,65.18,0.0,Monday,0,0,2,504.57,2024-02-12,511.02,486.35,493.0942857142858,482.8228571428572,False,False,True,False,False,False,True
2024-02-13,35454,9264.0,21.77,67.87,0.0,Tuesday,0,0,2,465.55,2024-02-13,504.57,483.48,495.6971428571428,485.19642857142856,False,False,True,False,False,False,True
2024-02-14,35225,9274.0,22.4,68.67,0.0,Wednesday,0,0,2,480.99,2024-02-14,465.55,481.93,493.13571428571424,482.9157142857143,False,False,True,False,False,False,True
2024-02-15,35477,9279.0,21.8,74.76,0.0,Thursday,0,0,2,466.28,2024-02-15,480.99,517.88,493.0014285714286,483.7807142857142,False,False,True,False,False,False,True
2024-02-16,35147,9317.0,18.21,69.11,10.31,Friday,0,0,2,456.68,2024-02-16,466.28,476.25,485.63,483.48785714285714,False,False,True,False,False,False,True
2024-02-17,35330,9295.0,27.42,73.34,0.0,Saturday,1,0,2,537.47,2024-02-17,456.68,494.75,482.83428571428567,482.9692857142857,False,False,True,False,False,False,True
2024-02-18,35212,9233.0,20.9,65.31,0.0,Sunday,1,0,2,477.85,2024-02-18,537.47,511.02,488.9371428571429,488.54714285714283,False,False,True,False,False,False,True
2024-02-19,35292,9247.0,26.6,60.56,0.0,Monday,0,0,2,460.59,2024-02-19,477.85,504.57,484.1985714285714,488.6464285714286,False,False,True,False,False,False,True
2024-02-20,35032,9264.0,27.27,66.91,0.0,Tuesday,0,0,2,511.55,2024-02-20,460.59,465.55,477.91571428571433,486.80642857142857,False,False,True,False,False,False,True
2024-02-21,35370,9255.0,22.03,65.3,0.0,Wednesday,0,0,2,483.02,2024-02-21,511.55,480.99,484.4871428571428,488.81142857142856,False,False,True,False,False,False,True
2024-02-22,35374,9290.0,25.01,65.49,0.0,Thursday,0,0,2,493.68,2024-02-22,483.02,466.28,484.7771428571429,488.8892857142858,False,False,True,False,False,False,True
2024-02-23,35082,9319.0,24.01,62.84,0.0,Friday,0,0,2,494.42,2024-02-23,493.68,456.68,488.6914285714286,487.1607142857143,False,False,True,False,False,False,True
2024-02-24,35523,9278.0,24.69,63.8,0.0,Saturday,1,0,2,537.01,2024-02-24,494.42,537.47,494.0828571428572,488.4585714285714,False,False,True,False,False,False,True
2024-02-25,35197,9258.0,24.15,75.33,0.0,Sunday,1,0,2,509.73,2024-02-25,537.01,477.85,494.01714285714286,491.4771428571429,False,False,True,False,False,False,True
2024-02-26,35234,9298.0,21.14,67.41,0.0,Monday,0,0,2,488.7,2024-02-26,509.73,460.59,498.57142857142856,491.38500000000005,False,False,True,False,False,False,True
2024-02-27,35094,9299.0,23.21,72.27,0.0,Tuesday,0,0,2,487.72,2024-02-27,488.7,511.55,502.58714285714285,490.2514285714286,False,False,True,False,False,False,True
2024-02-28,35675,9292.0,24.9,69.82,0.0,Wednesday,0,0,2,490.75,2024-02-28,487.72,483.02,499.1828571428572,491.83500000000004,False,False,True,False,False,False,True
2024-02-29,34940,9312.0,25.09,66.58,0.0,Thursday,0,0,2,502.19,2024-02-29,490.75,493.68,500.2871428571429,492.5321428571429,False,False,True,False,False,False,True
2024-03-01,35460,9250.0,21.22,65.03,0.0,Friday,0,0,3,466.26,2024-03-01,502.19,494.42,501.5028571428571,495.09714285714284,False,False,True,False,False,True,False
2024-03-02,34774,9306.0,26.68,72.08,0.0,Saturday,1,0,3,552.02,2024-03-02,466.26,537.01,497.47999999999996,495.7814285714286,False,False,True,False,False,True,False
2024-03-03,35266,9305.0,27.26,62.45,0.0,Sunday,1,0,3,518.67,2024-03-03,552.02,509.73,499.6242857142857,496.82071428571425,False,False,True,False,False,True,False
2024-03-04,34867,9340.0,26.17,70.33,0.0,Monday,0,0,3,491.54,2024-03-04,518.67,488.7,500.90142857142854,499.7364285714285,False,False,True,False,False,True,False
2024-03-05,35298,9230.0,25.66,71.0,0.0,Tuesday,0,0,3,499.91,2024-03-05,491.54,487.72,501.3071428571428,501.94714285714286,False,False,True,False,False,True,False
2024-03-06,35168,9309.0,25.6,66.96,0.0,Wednesday,0,0,3,500.62,2024-03-06,499.91,490.75,503.04857142857145,501.11571428571426,False,False,True,False,False,True,False
2024-03-07,35271,9316.0,24.38,76.02,0.0,Thursday,0,0,3,480.72,2024-03-07,500.62,502.19,504.4585714285714,502.3728571428571,False,False,True,False,False,True,False
2024-03-08,35163,9273.0,26.0,67.22,0.0,Friday,0,0,3,497.89,2024-03-08,480.72,466.26,501.39142857142855,501.44714285714286,False,False,True,False,False,True,False
2024-03-09,34930,9313.0,26.79,71.98,0.0,Saturday,1,0,3,543.01,2024-03-09,497.89,552.02,505.90999999999997,501.69500000000005,False,False,True,False,False,True,False
2024-03-10,35499,9318.0,22.12,63.7,25.24,Sunday,1,0,3,471.08,2024-03-10,543.01,518.67,504.6228571428572,502.12357142857144,False,False,True,False,False,True,False
2024-03-11,35037,9305.0,21.66,66.91,0.0,Monday,0,0,3,473.04,2024-03-11,471.08,491.54,497.82428571428574,499.36285714285714,False,False,True,False,False,True,False
2024-03-12,35360,9331.0,26.76,67.05,0.0,Tuesday,0,0,3,528.04,2024-03-12,473.04,499.91,495.1814285714286,498.2442857142857,False,False,True,False,False,True,False
2024-03-13,35870,9321.0,25.36,69.18,0.0,Wednesday,0,0,3,527.24,2024-03-13,528.04,500.62,499.19999999999993,501.1242857142857,False,False,True,False,False,True,False
2024-03-14,35310,9249.0,22.57,63.3,0.0,Thursday,0,0,3,520.37,2024-03-14,527.24,480.72,503.0028571428571,503.73071428571427,False,False,True,False,False,True,False
2024-03-15,35591,9335.0,24.98,60.33,0.0,Friday,0,0,3,470.2,2024-03-15,520.37,497.89,508.6671428571429,505.0292857142857,False,False,True,False,False,True,False
2024-03-16,35225,9298.0,26.79,63.65,0.0,Saturday,1,0,3,515.17,2024-03-16,470.2,543.01,504.7114285714286,505.31071428571425,False,False,True,False,False,True,False
2024-03-17,35075,9331.0,26.68,70.54,0.0,Sunday,1,0,3,532.28,2024-03-17,515.17,471.08,500.73428571428576,502.67857142857144,False,False,True,False,False,True,False
2024-03-18,34842,9334.0,24.26,69.29,0.0,Monday,0,0,3,520.82,2024-03-18,532.28,473.04,509.4771428571429,503.65071428571434,False,False,True,False,False,True,False
2024-03-19,35309,9336.0,25.25,65.99,0.0,Tuesday,0,0,3,517.22,2024-03-19,520.82,528.04,516.3028571428572,505.7421428571429,False,False,True,False,False,True,False
2024-03-20,35511,9271.0,26.98,65.89,0.0,Wednesday,0,0,3,508.43,2024-03-20,517.22,527.24,514.7571428571429,506.97857142857146,False,False,True,False,False,True,False
2024-03-21,35603,9266.0,29.85,67.31,0.0,Thursday,0,0,3,532.51,2024-03-21,508.43,520.37,512.07,507.53642857142853,False,False,True,False,False,True,False
2024-03-22,35012,9295.0,26.03,77.81,0.0,Friday,0,0,3,507.92,2024-03-22,532.51,470.2,513.8042857142857,511.2357142857143,False,False,True,False,False,True,False
2024-03-23,35665,9259.0,24.14,75.26,0.0,Saturday,1,0,3,531.71,2024-03-23,507.92,515.17,519.1928571428572,511.95214285714286,False,False,True,False,False,True,False
2024-03-24,35615,9281.0,26.18,57.39,0.0,Sunday,1,0,3,525.81,2024-03-24,531.71,532.28,521.5557142857143,511.145,False,False,True,False,False,True,False
2024-03-25,35074,9296.0,30.29,65.24,0.0,Monday,0,0,3,543.34,2024-03-25,525.81,520.82,520.6314285714286,515.0542857142857,False,False,True,False,False,True,False
2024-03-26,35729,9285.0,27.93,74.39,0.0,Tuesday,0,0,3,493.61,2024-03-26,543.34,517.22,523.8485714285714,520.0757142857143,False,False,True,False,False,True,False
2024-03-27,35325,9387.0,26.06,60.9,0.0,Wednesday,0,0,3,516.54,2024-03-27,493.61,508.43,520.4757142857143,517.6164285714286,False,False,True,False,False,True,False
2024-03-28,35184,9296.0,31.85,64.99,0.0,Thursday,0,0,3,559.58,2024-03-28,516.54,532.51,521.6342857142856,516.8521428571429,False,False,True,False,False,True,False
2024-03-29,35171,9279.0,27.02,57.88,0.0,Friday,0,0,3,513.21,2024-03-29,559.58,507.92,525.5014285714286,519.6528571428572,False,False,True,False,False,True,False
2024-03-30,35425,9304.0,25.57,69.09,0.0,Saturday,1,0,3,494.77,2024-03-30,513.21,531.71,526.2571428571429,522.725,False,False,True,False,False,True,False
2024-03-31,35055,9256.0,28.72,68.9,0.0,Sunday,1,0,3,541.59,2024-03-31,494.77,525.81,520.98,521.2678571428571,False,False,True,False,False,True,False
2024-04-01,35392,9285.0,28.78,66.91,7.6,Monday,0,0,4,522.26,2024-04-01,541.59,543.34,523.2342857142858,521.9328571428571,False,False,True,False,False,True,False
2024-04-02,34789,9324.0,28.45,61.67,0.0,Tuesday,0,0,4,506.0,2024-04-02,522.26,493.61,520.2228571428572,522.0357142857143,False,False,True,False,False,True,False
2024-04-03,35167,9356.0,29.41,76.09,0.0,Wednesday,0,0,4,533.82,2024-04-03,506.0,516.54,521.9928571428571,521.2342857142856,False,False,True,False,False,True,False
2024-04-04,35325,9294.0,30.03,66.91,0.0,Thursday,0,0,4,527.37,2024-04-04,533.82,559.58,524.4614285714285,523.0478571428572,False,False,True,False,False,True,False
2024-04-05,35266,9273.0,31.07,63.66,0.0,Friday,0,0,4,520.75,2024-04-05,527.37,513.21,519.86,522.6807142857143,False,False,True,False,False,True,False
2024-04-06,34871,9307.0,26.51,69.17,0.0,Saturday,1,0,4,502.19,2024-04-06,520.75,494.77,520.9371428571428,523.5971428571429,False,False,True,False,False,True,False
2024-04-07,35425,9289.0,28.92,66.94,0.0,Sunday,1,0,4,530.23,2024-04-07,502.19,541.59,521.9971428571429,521.4885714285714,False,False,True,False,False,True,False
2024-04-08,35361,9343.0,28.78,62.87,0.0,Monday,0,0,4,519.93,2024-04-08,530.23,522.26,520.3742857142857,521.8042857142857,False,False,True,False,False,True,False
2024-04-09,35722,9267.0,27.98,69.46,0.0,Tuesday,0,0,4,527.07,2024-04-09,519.93,506.0,520.0414285714286,520.1321428571429,False,False,True,False,False,True,False
2024-04-10,35352,9295.0,33.5,72.53,22.8,Wednesday,0,0,4,480.74,2024-04-10,527.07,533.82,523.0514285714286,522.5221428571429,False,False,True,False,False,True,False
2024-04-11,35747,9323.0,29.46,73.44,0.0,Thursday,0,0,4,535.33,2024-04-11,480.74,527.37,515.4685714285714,519.965,False,False,True,False,False,True,False
2024-04-12,35508,9320.0,32.3,71.77,0.0,Friday,0,0,4,536.58,2024-04-12,535.33,520.75,516.6057142857143,518.2328571428571,False,False,True,False,False,True,False
2024-04-13,35341,9252.0,27.99,62.36,5.15,Saturday,1,0,4,519.19,2024-04-13,536.58,502.19,518.8671428571429,519.9021428571428,False,False,True,False,False,True,False
2024-04-14,35092,9286.0,30.13,69.65,0.0,Sunday,1,0,4,529.58,2024-04-14,519.19,530.23,521.2957142857143,521.6464285714286,False,False,True,False,False,True,False
2024-04-15,34955,9329.0,27.35,69.08,0.0,Monday,0,0,4,531.44,2024-04-15,529.58,519.93,521.2028571428572,520.7885714285715,False,False,True,False,False,True,False
2024-04-16,35265,9324.0,31.51,66.35,0.0,Tuesday,0,0,4,549.98,2024-04-16,531.44,527.07,522.8471428571429,521.4442857142857,False,False,True,False,False,True,False
2024-04-17,35418,9307.0,31.25,72.39,0.0,Wednesday,0,0,4,522.57,2024-04-17,549.98,480.74,526.12,524.5857142857143,False,False,True,False,False,True,False
2024-04-18,35375,9299.0,26.82,69.7,8.29,Thursday,0,0,4,518.25,2024-04-18,522.57,535.33,532.0957142857144,523.782142857143,False,False,True,False,False,True,False
2024-04-19,35415,9341.0,32.19,72.1,0.0,Friday,0,0,4,518.27,2024-04-19,518.25,536.58,529.6557142857143,523.1307142857142,False,False,True,False,False,True,False
2024-04-20,35144,9254.0,31.5,66.98,0.0,Saturday,1,0,4,548.85,2024-04-20,518.27,519.19,527.0400000000001,522.9535714285714,False,False,True,False,False,True,False
2024-04-21,35260,9290.0,30.76,58.01,0.0,Sunday,1,0,4,533.66,2024-04-21,548.85,529.58,531.2771428571428,526.2864285714286,False,False,True,False,False,True,False
2024-04-22,35447,9336.0,30.52,65.42,0.0,Monday,0,0,4,522.23,2024-04-22,533.66,531.44,531.86,526.5314285714286,False,False,True,False,False,True,False
2024-04-23,35010,9279.0,32.54,70.81,0.0,Tuesday,0,0,4,496.37,2024-04-23,522.23,549.98,530.5442857142858,526.6957142857143,False,False,True,False,False,True,False
2024-04-24,35400,9253.0,24.74,63.2,0.0,Wednesday,0,0,4,483.08,2024-04-24,496.37,522.57,522.8857142857144,524.5028571428571,False,False,True,False,False,True,False
2024-04-25,35180,9301.0,35.81,63.62,0.0,Thursday,0,0,4,537.87,2024-04-25,483.08,518.25,517.2442857142858,524.67,False,False,True,False,False,True,False
2024-04-26,35521,9266.0,30.34,62.16,0.0,Friday,0,0,4,554.31,2024-04-26,537.87,518.27,520.0471428571428,524.8514285714285,False,False,True,False,False,True,False
2024-04-27,35365,9345.0,31.63,56.72,0.0,Saturday,1,0,4,544.92,2024-04-27,554.31,548.85,525.1957142857143,526.1178571428571,False,False,True,False,False,True,False
2024-04-28,34986,9341.0,28.19,73.21,0.0,Sunday,1,0,4,547.49,2024-04-28,544.92,533.66,524.6342857142857,527.9557142857142,False,False,True,False,False,True,False
2024-04-29,35323,9320.0,32.08,64.52,0.0,Monday,0,0,4,535.98,2024-04-29,547.49,522.23,526.6099999999999,529.235,False,False,True,False,False,True,False
2024-04-30,35620,9309.0,32.47,51.46,6.55,Tuesday,0,0,4,504.01,2024-04-30,535.98,496.37,528.5742857142857,529.5592857142857,False,False,True,False,False,True,False
2024-05-01,35323,9267.0,31.26,60.33,0.0,Wednesday,0,0,5,539.89,2024-05-01,504.01,483.08,529.6657142857142,526.2757142857142,False,False,True,False,False,True,False
2024-05-02,35518,9347.0,32.69,59.1,0.0,Thursday,0,0,5,509.42,2024-05-02,539.89,537.87,537.7814285714286,527.5128571428571,False,False,True,False,False,True,False
2024-05-03,35379,9297.0,28.22,61.61,5.91,Friday,0,0,5,529.4,2024-05-03,509.42,554.31,533.7171428571429,526.8821428571429,False,False,True,False,False,True,False
2024-05-04,35406,9358.0,31.63,62.88,0.0,Saturday,1,0,5,540.95,2024-05-04,529.4,544.92,530.1585714285713,527.6771428571429,False,False,True,False,False,True,False
2024-05-05,35243,9286.0,33.56,64.55,1.1,Sunday,1,0,5,563.07,2024-05-05,540.95,547.49,529.5914285714285,527.1128571428571,False,False,True,False,False,True,False
2024-05-06,35568,9313.0,31.66,71.69,0.0,Monday,0,0,5,520.3,2024-05-06,563.07,535.98,531.8171428571429,529.2135714285714,False,False,True,False,False,True,False
2024-05-07,35413,9330.0,29.2,70.35,0.0,Tuesday,0,0,5,528.84,2024-05-07,520.3,504.01,529.5771428571428,529.0757142857143,False,False,True,False,False,True,False
2024-05-08,35266,9261.0,32.61,66.23,0.0,Wednesday,0,0,5,515.31,2024-05-08,528.84,539.89,533.1242857142857,531.395,False,False,True,False,False,True,False
2024-05-09,35012,9256.0,31.47,64.4,0.0,Thursday,0,0,5,490.6,2024-05-09,515.31,509.42,529.6128571428571,533.6971428571429,False,False,True,False,False,True,False
2024-05-10,35214,9312.0,31.28,70.25,0.0,Friday,0,0,5,521.97,2024-05-10,490.6,529.4,526.9242857142857,530.3207142857143,False,False,True,False,False,True,False
2024-05-11,35586,9353.0,32.37,69.34,0.0,Saturday,1,0,5,531.55,2024-05-11,521.97,540.95,525.8628571428571,528.0107142857144,False,False,True,False,False,True,False
2024-05-12,35126,9289.0,28.74,61.99,0.0,Sunday,1,0,5,520.62,2024-05-12,531.55,563.07,524.52,527.0557142857143,False,False,True,False,False,True,False
2024-05-13,35260,9324.0,30.59,61.43,0.0,Monday,0,0,5,553.83,2024-05-13,520.62,520.3,518.4557142857142,525.1364285714286,False,False,True,False,False,True,False
2024-05-14,34987,9346.0,36.39,54.3,12.3,Tuesday,0,0,5,526.84,2024-05-14,553.83,528.84,523.2457142857144,526.4114285714286,False,False,True,False,False,True,False
2024-05-15,35689,9344.0,29.73,62.53,0.0,Wednesday,0,0,5,545.88,2024-05-15,526.84,515.31,522.96,528.0421428571428,False,False,True,False,False,True,False
2024-05-16,35793,9210.0,31.59,57.29,0.0,Thursday,0,0,5,537.17,2024-05-16,545.88,490.6,527.3271428571428,528.47,False,False,True,False,False,True,False
2024-05-17,34818,9300.0,36.95,53.49,0.0,Friday,0,0,5,570.22,2024-05-17,537.17,521.97,533.98,530.4521428571428,False,False,True,False,False,True,False
2024-05-18,35884,9283.0,35.84,69.07,2.12,Saturday,1,0,5,506.72,2024-05-18,570.22,531.55,540.8728571428571,533.3678571428571,False,False,True,False,False,True,False
2024-05-19,35521,9309.0,32.76,71.19,6.25,Sunday,1,0,5,576.91,2024-05-19,506.72,520.62,537.3257142857143,530.9228571428572,False,False,True,False,False,True,False
2024-05-20,35306,9305.0,34.0,61.75,0.0,Monday,0,0,5,531.66,2024-05-20,576.91,553.83,545.3671428571428,531.9114285714286,False,False,True,False,False,True,False
2024-05-21,35602,9292.0,34.87,63.5,12.57,Tuesday,0,0,5,461.87,2024-05-21,531.66,526.84,542.1999999999999,532.7228571428572,False,False,True,False,False,True,False
2024-05-22,35192,9249.0,31.54,69.58,0.0,Wednesday,0,0,5,535.4,2024-05-22,461.87,545.88,532.9185714285715,527.9392857142857,False,False,True,False,False,True,False
2024-05-23,35176,9334.0,34.41,63.08,0.0,Thursday,0,0,5,549.65,2024-05-23,535.4,537.17,531.4214285714286,529.3742857142857,False,False,True,False,False,True,False
2024-05-24,35679,9327.0,33.3,71.82,0.0,Friday,0,0,5,522.47,2024-05-24,549.65,570.22,533.2042857142857,533.5921428571429,False,False,True,False,False,True,False
2024-05-25,35497,9349.0,31.38,81.56,0.0,Saturday,1,0,5,551.74,2024-05-25,522.47,506.72,526.3828571428572,533.6278571428571,False,False,True,False,False,True,False
2024-05-26,35420,9280.0,35.53,58.89,0.0,Sunday,1,0,5,532.07,2024-05-26,551.74,576.91,532.8142857142857,535.0699999999999,False,False,True,False,False,True,False
2024-05-27,35722,9237.0,35.07,53.46,3.05,Monday,0,0,5,537.44,2024-05-27,532.07,531.66,526.4085714285715,535.8878571428571,False,False,True,False,False,True,False
2024-05-28,35336,9301.0,30.49,60.28,0.0,Tuesday,0,0,5,527.77,2024-05-28,537.44,461.87,527.2342857142856,534.7171428571429,False,False,True,False,False,True,False
2024-05-29,35726,9262.0,34.98,57.52,15.61,Wednesday,0,0,5,499.08,2024-05-29,527.77,535.4,536.6485714285715,534.7835714285713,False,False,True,False,False,True,False
2024-05-30,35911,9323.0,35.93,61.47,0.0,Thursday,0,0,5,553.81,2024-05-30,499.08,549.65,531.46,531.4407142857143,False,False,True,False,False,True,False
2024-05-31,35740,9345.0,34.09,64.71,0.0,Friday,0,0,5,539.61,2024-05-31,553.81,522.47,532.0542857142857,532.6292857142856,False,False,True,False,False,True,False
2024-06-01,35035,9342.0,34.39,77.45,7.27,Saturday,1,0,6,542.8,2024-06-01,539.61,551.74,534.5028571428571,530.4428571428572,False,False,True,False,False,False,False
2024-06-02,35577,9275.0,33.54,68.2,18.53,Sunday,1,0,6,522.72,2024-06-02,542.8,532.07,533.2257142857143,533.02,False,False,True,False,False,False,False
2024-06-03,35358,9258.0,33.19,60.09,9.39,Monday,0,0,6,526.2,2024-06-03,522.72,537.44,531.89,529.1492857142857,False,False,True,False,False,False,False
2024-06-04,35438,9349.0,32.61,67.16,0.0,Tuesday,0,0,6,489.46,2024-06-04,526.2,527.77,530.2842857142857,528.7592857142857,False,False,True,False,False,False,False
2024-06-05,35707,9297.0,36.56,65.87,0.0,Wednesday,0,0,6,543.37,2024-06-05,489.46,499.08,524.8114285714286,530.73,False,False,True,False,False,False,False
2024-06-06,35492,9262.0,32.56,69.59,0.0,Thursday,0,0,6,512.92,2024-06-06,543.37,553.81,531.1385714285715,531.2992857142857,False,False,True,False,False,False,False
2024-06-07,35329,9326.0,34.71,56.88,46.55,Friday,0,0,6,477.32,2024-06-07,512.92,539.61,525.2971428571428,528.6757142857143,False,False,True,False,False,False,False
2024-06-08,35186,9261.0,35.75,58.71,0.0,Saturday,1,0,6,536.32,2024-06-08,477.32,542.8,516.3985714285715,525.4507142857143,False,False,True,False,False,False,False
2024-06-09,35522,9254.0,34.3,65.47,4.09,Sunday,1,0,6,548.44,2024-06-09,536.32,522.72,515.4728571428572,524.3492857142858,False,False,True,False,False,False,False
2024-06-10,35272,9267.0,33.28,59.11,0.0,Monday,0,0,6,501.32,2024-06-10,548.44,526.2,519.1471428571429,525.5185714285714,False,False,True,False,False,False,False
2024-06-11,35474,9346.0,29.08,57.27,0.0,Tuesday,0,0,6,499.92,2024-06-11,501.32,489.46,515.5928571428572,522.9385714285714,False,False,True,False,False,False,False
2024-06-12,35371,9319.0,27.26,66.36,0.0,Wednesday,0,0,6,530.15,2024-06-12,499.92,543.37,517.0871428571429,520.9492857142858,False,False,True,False,False,False,False
2024-06-13,35419,9310.0,35.56,65.91,0.0,Thursday,0,0,6,528.53,2024-06-13,530.15,512.92,515.1985714285714,523.1685714285715,False,False,True,False,False,False,False
2024-06-14,35277,9292.0,31.19,50.7,0.0,Friday,0,0,6,518.49,2024-06-14,528.53,477.32,517.4285714285714,521.3628571428571,False,False,True,False,False,False,False
2024-06-15,35769,9275.0,35.81,65.13,15.56,Saturday,1,0,6,545.62,2024-06-15,518.49,536.32,523.3100000000001,519.8542857142858,False,False,True,False,False,False,False
2024-06-16,34982,9334.0,35.71,62.02,7.96,Sunday,1,0,6,568.64,2024-06-16,545.62,548.44,524.6385714285715,520.0557142857143,False,False,True,False,False,False,False
2024-06-17,35323,9291.0,34.65,63.84,12.67,Monday,0,0,6,463.53,2024-06-17,568.64,501.32,527.5242857142856,523.3357142857143,False,False,True,False,False,False,False
2024-06-18,35570,9319.0,27.26,63.89,0.0,Tuesday,0,0,6,511.87,2024-06-18,463.53,499.92,522.1257142857143,518.8592857142856,False,False,True,False,False,False,False
2024-06-19,35059,9318.0,34.05,68.84,4.82,Wednesday,0,0,6,509.55,2024-06-19,511.87,530.15,523.8328571428572,520.46,False,False,True,False,False,False,False
2024-06-20,34979,9297.0,35.22,62.79,2.06,Thursday,0,0,6,521.77,2024-06-20,509.55,528.53,520.89,518.0442857142857,False,False,True,False,False,False,False
2024-06-21,35388,9318.0,33.38,61.85,20.94,Friday,0,0,6,499.48,2024-06-21,521.77,518.49,519.9242857142857,518.6764285714286,False,False,True,False,False,False,False
2024-06-22,35705,9331.0,34.49,62.99,0.0,Saturday,1,0,6,541.86,2024-06-22,499.48,545.62,517.2085714285714,520.2592857142857,False,False,True,False,False,False,False
2024-06-23,35528,9341.0,36.43,61.97,0.0,Sunday,1,0,6,516.54,2024-06-23,541.86,568.64,516.6714285714286,520.655,False,False,True,False,False,False,False
2024-06-24,35328,9336.0,33.15,62.04,0.0,Monday,0,0,6,501.65,2024-06-24,516.54,463.53,509.2285714285714,518.3764285714286,False,False,True,False,False,False,False
2024-06-25,35722,9333.0,32.13,66.95,0.0,Tuesday,0,0,6,508.63,2024-06-25,501.65,511.87,514.6742857142857,518.4,False,False,True,False,False,False,False
2024-06-26,35685,9264.0,35.02,65.21,0.0,Wednesday,0,0,6,536.25,2024-06-26,508.63,509.55,514.2114285714285,519.0221428571429,False,False,True,False,False,False,False
2024-06-27,35360,9385.0,27.26,67.13,22.43,Thursday,0,0,6,497.51,2024-06-27,536.25,521.77,518.0257142857142,519.4578571428572,False,False,True,False,False,False,False
2024-06-28,35327,9254.0,34.12,64.2,0.0,Friday,0,0,6,489.2,2024-06-28,497.51,499.48,514.56,517.2421428571429,False,False,True,False,False,False,False
2024-06-29,35519,9328.0,31.92,66.77,0.0,Saturday,1,0,6,554.9,2024-06-29,489.2,541.86,513.0914285714285,515.15,False,False,True,False,False,False,False
2024-06-30,35724,9368.0,34.11,65.82,0.0,Sunday,1,0,6,528.03,2024-06-30,554.9,516.54,514.9542857142858,515.8128571428571,False,False,True,False,False,False,False
2024-07-01,35483,9386.0,31.47,73.18,0.0,Monday,0,0,7,512.62,2024-07-01,528.03,501.65,516.5957142857143,512.9121428571428,False,False,True,False,False,False,False
2024-07-02,35943,9330.0,36.16,58.27,2.54,Tuesday,0,0,7,531.0,2024-07-02,512.62,508.63,518.1628571428571,516.4185714285715,False,False,True,False,False,False,False
2024-07-03,35870,9387.0,33.53,60.66,0.0,Wednesday,0,0,7,542.43,2024-07-03,531.0,536.25,521.3585714285714,517.785,False,False,True,False,False,False,False
2024-07-04,35616,9335.0,31.8,58.75,0.0,Thursday,0,0,7,507.83,2024-07-04,542.43,497.51,522.2414285714285,520.1335714285714,False,False,True,False,False,False,False
2024-07-05,35407,9256.0,29.52,69.55,0.0,Friday,0,0,7,496.4,2024-07-05,507.83,489.2,523.7157142857143,519.1378571428571,False,False,True,False,False,False,False
2024-07-06,35213,9283.0,35.75,61.87,0.0,Saturday,1,0,7,552.89,2024-07-06,496.4,554.9,524.7442857142856,518.9178571428572,False,False,True,False,False,False,False
2024-07-07,35642,9317.0,36.41,66.88,4.19,Sunday,1,0,7,502.19,2024-07-07,552.89,528.03,524.4571428571428,519.7057142857142,False,False,True,False,False,False,False
2024-07-08,35287,9299.0,30.91,65.06,0.0,Monday,0,0,7,539.2,2024-07-08,502.19,512.62,520.7657142857142,518.6807142857143,False,False,True,False,False,False,False
2024-07-09,35315,9258.0,29.04,60.95,3.78,Tuesday,0,0,7,500.47,2024-07-09,539.2,531.0,524.5628571428572,521.3628571428571,False,False,True,False,False,False,False
2024-07-10,35449,9284.0,33.87,56.81,0.0,Wednesday,0,0,7,529.64,2024-07-10,500.47,542.43,520.2014285714286,520.78,False,False,True,False,False,False,False
2024-07-11,35556,9248.0,29.4,67.55,0.0,Thursday,0,0,7,495.5,2024-07-11,529.64,507.83,518.3742857142857,520.3078571428571,False,False,True,False,False,False,False
2024-07-12,35085,9293.0,33.75,66.28,0.0,Friday,0,0,7,495.81,2024-07-12,495.5,496.4,516.6128571428571,520.1642857142857,False,False,True,False,False,False,False
2024-07-13,35480,9305.0,34.42,62.98,8.84,Saturday,1,0,7,506.89,2024-07-13,495.81,552.89,516.5285714285715,520.6364285714286,False,False,True,False,False,False,False
2024-07-14,35456,9252.0,35.27,63.37,30.97,Sunday,1,0,7,470.62,2024-07-14,506.89,502.19,509.9571428571429,517.2071428571429,False,False,True,False,False,False,False
2024-07-15,35787,9286.0,32.68,62.16,13.27,Monday,0,0,7,505.75,2024-07-15,470.62,539.2,505.44714285714286,513.1064285714286,False,False,True,False,False,False,False
2024-07-16,35685,9278.0,36.91,58.68,0.0,Tuesday,0,0,7,512.78,2024-07-16,505.75,500.47,500.6685714285714,512.6157142857143,False,False,True,False,False,False,False
2024-07-17,35402,9310.0,33.48,59.99,0.0,Wednesday,0,0,7,495.37,2024-07-17,512.78,529.64,502.4271428571429,511.3142857142857,False,False,True,False,False,False,False
2024-07-18,35631,9318.0,31.87,66.37,0.0,Thursday,0,0,7,511.34,2024-07-18,495.37,495.5,497.53142857142853,507.95285714285717,False,False,True,False,False,False,False
2024-07-19,36109,9276.0,27.77,63.46,0.0,Friday,0,0,7,483.77,2024-07-19,511.34,495.81,499.7942857142857,508.2035714285715,False,False,True,False,False,False,False
2024-07-20,35226,9282.0,34.97,63.17,10.61,Saturday,1,0,7,516.21,2024-07-20,483.77,506.89,498.07428571428574,507.3014285714285,False,False,True,False,False,False,False
2024-07-21,35571,9292.0,34.22,63.88,11.1,Sunday,1,0,7,480.93,2024-07-21,516.21,470.62,499.4057142857143,504.6814285714286,False,False,True,False,False,False,False
2024-07-22,35625,9328.0,30.67,53.51,0.0,Monday,0,0,7,504.4,2024-07-22,480.93,505.75,500.87857142857143,503.16285714285715,False,False,True,False,False,False,False
2024-07-23,35653,9292.0,27.85,64.3,0.0,Tuesday,0,0,7,505.34,2024-07-23,504.4,512.78,500.6857142857143,500.6771428571429,False,False,True,False,False,False,False
2024-07-24,35500,9326.0,34.76,61.97,12.91,Wednesday,0,0,7,488.47,2024-07-24,505.34,495.37,499.6228571428572,501.025,False,False,True,False,False,False,False
2024-07-25,35397,9312.0,30.41,57.93,0.0,Thursday,0,0,7,504.04,2024-07-25,488.47,511.34,498.63714285714286,498.0842857142857,False,False,True,False,False,False,False
2024-07-26,34886,9259.0,27.26,62.49,2.6,Friday,0,0,7,506.26,2024-07-26,504.04,483.77,497.5942857142857,498.69428571428574,False,False,True,False,False,False,False
2024-07-27,35092,9290.0,36.52,60.97,8.69,Saturday,1,0,7,517.59,2024-07-27,506.26,516.21,500.8071428571429,499.4407142857143,False,False,True,False,False,False,False
2024-07-28,35552,9293.0,31.72,70.26,0.0,Sunday,1,0,7,532.43,2024-07-28,517.59,480.93,501.0042857142857,500.205,False,False,True,False,False,False,False
2024-07-29,35272,9326.0,33.44,57.95,0.0,Monday,0,0,7,521.15,2024-07-29,532.43,504.4,508.3614285714286,504.61999999999995,False,False,True,False,False,False,False
2024-07-30,35487,9346.0,36.99,65.56,12.0,Tuesday,0,0,7,485.28,2024-07-30,521.15,505.34,510.7542857142857,505.71999999999997,False,False,True,False,False,False,False
2024-07-31,35499,9344.0,27.13,66.93,17.96,Wednesday,0,0,7,445.69,2024-07-31,485.28,488.47,507.8885714285714,503.7557142857143,False,False,True,False,False,False,False
2024-08-01,35260,9347.0,32.95,61.22,3.66,Thursday,0,0,8,511.93,2024-08-01,445.69,504.04,501.77714285714285,500.20714285714286,False,False,True,False,False,False,False
2024-08-02,35807,9357.0,32.18,63.75,0.0,Friday,0,0,8,505.25,2024-08-02,511.93,506.26,502.9042857142857,500.2492857142857,False,False,True,False,False,False,False
2024-08-03,35955,9289.0,28.56,71.26,14.41,Saturday,1,0,8,466.0,2024-08-03,505.25,517.59,502.75999999999993,501.78357142857146,False,False,True,False,False,False,False
2024-08-04,35835,9346.0,31.59,76.88,0.0,Sunday,1,0,8,488.12,2024-08-04,466.0,532.43,495.38999999999993,498.19714285714286,False,False,True,False,False,False,False
2024-08-05,35877,9357.0,34.5,59.13,11.77,Monday,0,0,8,500.31,2024-08-05,488.12,521.15,489.06,498.7107142857143,False,False,True,False,False,False,False
2024-08-06,35933,9336.0,30.21,60.5,0.0,Tuesday,0,0,8,474.47,2024-08-06,500.31,485.28,486.0828571428572,498.4185714285714,False,False,True,False,False,False,False
2024-08-07,35406,9308.0,33.14,60.55,1.58,Wednesday,0,0,8,492.58,2024-08-07,474.47,445.69,484.5385714285714,496.21357142857147,False,False,True,False,False,False,False
2024-08-08,35957,9352.0,31.48,66.15,2.88,Thursday,0,0,8,513.71,2024-08-08,492.58,511.93,491.2371428571428,496.50714285714287,False,False,True,False,False,False,False
2024-08-09,35525,9335.0,30.86,75.75,7.39,Friday,0,0,8,484.69,2024-08-09,513.71,505.25,491.49142857142857,497.1978571428572,False,False,True,False,False,False,False
2024-08-10,35239,9341.0,35.33,71.0,0.0,Saturday,1,0,8,486.28,2024-08-10,484.69,466.0,488.55428571428575,495.65714285714284,False,False,True,False,False,False,False
2024-08-11,35736,9380.0,32.42,63.03,18.07,Sunday,1,0,8,468.24,2024-08-11,486.28,488.12,491.4514285714286,493.42071428571427,False,False,True,False,False,False,False
2024-08-12,35914,9342.0,33.12,64.43,27.34,Monday,0,0,8,459.39,2024-08-12,468.24,500.31,488.6114285714285,488.83571428571435,False,False,True,False,False,False,False
2024-08-13,35477,9268.0,49.32,63.66,0.74,Tuesday,0,0,8,523.6,2024-08-13,459.39,474.47,482.76571428571424,484.4242857142857,False,False,True,False,False,False,False
2024-08-14,35480,9354.0,33.57,66.66,0.0,Wednesday,0,0,8,538.17,2024-08-14,523.6,492.58,489.78428571428566,487.1614285714286,False,False,True,False,False,False,False
2024-08-15,35273,9369.0,30.68,65.51,20.87,Thursday,0,1,8,496.71,2024-08-15,538.17,513.71,496.29714285714283,493.7671428571429,False,False,True,False,False,False,False
2024-08-16,35515,9374.0,31.22,62.64,6.05,Friday,0,0,8,473.52,2024-08-16,496.71,484.69,493.86857142857144,492.68,False,False,True,False,False,False,False
2024-08-17,35851,9338.0,28.76,66.18,3.77,Saturday,1,0,8,515.25,2024-08-17,473.52,486.28,492.2728571428571,490.4135714285714,False,False,True,False,False,False,False
2024-08-18,35548,9263.0,33.98,61.9,0.0,Sunday,1,0,8,526.0,2024-08-18,515.25,468.24,496.41142857142853,493.93142857142857,False,False,True,False,False,False,False
2024-08-19,35193,9299.0,29.04,66.21,0.0,Monday,0,0,8,500.05,2024-08-19,526.0,459.39,504.66285714285715,496.63714285714286,False,False,True,False,False,False,False
2024-08-20,35499,9323.0,29.71,65.7,0.0,Tuesday,0,0,8,483.29,2024-08-20,500.05,523.6,510.4714285714286,496.61857142857144,False,False,True,False,False,False,False
2024-08-21,35723,9342.0,32.87,71.54,12.91,Wednesday,0,0,8,469.09,2024-08-21,483.29,538.17,504.7128571428571,497.2485714285714,False,False,True,False,False,False,False
2024-08-22,35403,9316.0,28.99,66.04,1.49,Thursday,0,0,8,491.17,2024-08-22,469.09,496.71,494.8442857142857,495.57071428571425,False,False,True,False,False,False,False
2024-08-23,34975,9353.0,27.21,71.04,0.0,Friday,0,0,8,468.13,2024-08-23,491.17,473.52,494.05285714285714,493.9607142857143,False,False,True,False,False,False,False
2024-08-24,35487,9253.0,27.58,66.91,0.0,Saturday,1,0,8,475.13,2024-08-24,468.13,515.25,493.28285714285715,492.7778571428571,False,False,True,False,False,False,False
2024-08-25,35687,9361.0,29.05,68.27,19.32,Sunday,1,0,8,490.43,2024-08-25,475.13,526.0,487.5514285714286,491.9814285714286,False,False,True,False,False,False,False
2024-08-26,35550,9300.0,31.99,57.1,9.96,Monday,0,0,8,499.92,2024-08-26,490.43,500.05,482.46999999999997,493.5664285714285,False,False,True,False,False,False,False
2024-08-27,35502,9302.0,29.37,64.34,3.62,Tuesday,0,0,8,517.0,2024-08-27,499.92,483.29,482.45142857142855,496.4614285714286,False,False,True,False,False,False,False
2024-08-28,35220,9315.0,25.08,67.57,3.14,Wednesday,0,0,8,467.29,2024-08-28,517.0,469.09,487.26714285714286,495.98999999999995,False,False,True,False,False,False,False
2024-08-29,35910,9343.0,26.86,66.95,0.0,Thursday,0,0,8,483.28,2024-08-29,467.29,491.17,487.01000000000005,490.9271428571428,False,False,True,False,False,False,False
2024-08-30,35545,9273.0,31.31,66.91,0.0,Friday,0,0,8,474.6,2024-08-30,483.28,468.13,485.8828571428572,489.9678571428571,False,False,True,False,False,False,False
2024-08-31,35673,9301.0,30.01,64.74,0.0,Saturday,1,0,8,521.76,2024-08-31,474.6,475.13,486.8071428571429,490.045,False,False,True,False,False,False,False
2024-09-01,35482,9339.0,29.52,64.82,35.88,Sunday,1,0,9,483.41,2024-09-01,521.76,490.43,493.4685714285714,490.51000000000005,False,False,True,False,False,False,False
2024-09-02,35690,9391.0,28.3,63.08,10.1,Monday,0,0,9,475.81,2024-09-02,483.41,499.92,492.46571428571434,487.46785714285716,False,False,True,False,False,False,False
2024-09-03,35977,9321.0,27.62,70.87,27.5,Tuesday,0,0,9,455.51,2024-09-03,475.81,517.0,489.0214285714286,485.7364285714285,False,False,True,False,False,False,False
2024-09-04,35013,9296.0,29.16,60.12,0.0,Wednesday,0,0,9,487.46,2024-09-04,455.51,467.29,480.2371428571428,483.7521428571428,False,False,True,False,False,False,False
2024-09-05,35428,9360.0,29.86,71.46,0.0,Thursday,0,0,9,536.7,2024-09-05,487.46,483.28,483.11857142857144,485.0642857142857,False,False,True,False,False,False,False
2024-09-06,35376,9331.0,31.65,60.44,8.89,Friday,0,0,9,470.62,2024-09-06,536.7,474.6,490.75,488.3164285714286,False,False,True,False,False,False,False
2024-09-07,35422,9375.0,26.99,75.07,3.61,Saturday,1,0,9,508.46,2024-09-07,470.62,521.76,490.18142857142857,488.4942857142858,False,False,True,False,False,False,False
2024-09-08,35530,9385.0,28.46,63.99,25.29,Sunday,1,0,9,468.7,2024-09-08,508.46,483.41,488.2814285714286,490.87500000000006,False,False,True,False,False,False,False
2024-09-09,36007,9338.0,27.88,66.58,0.0,Monday,0,0,9,478.87,2024-09-09,468.7,475.81,486.18,489.3228571428572,False,False,True,False,False,False,False
2024-09-10,35722,9327.0,30.75,64.73,25.36,Tuesday,0,0,9,459.25,2024-09-10,478.87,455.51,486.6171428571429,487.81928571428574,False,False,True,False,False,False,False
2024-09-11,35861,9341.0,30.41,64.29,0.0,Wednesday,0,0,9,496.38,2024-09-11,459.25,487.46,487.15142857142865,483.69428571428574,False,False,True,False,False,False,False
2024-09-12,35737,9297.0,27.94,71.36,24.98,Thursday,0,0,9,477.19,2024-09-12,496.38,536.7,488.4257142857144,485.7721428571429,False,False,True,False,False,False,False
2024-09-13,35123,9321.0,30.07,60.19,1.5,Friday,0,0,9,463.66,2024-09-13,477.19,470.62,479.9242857142857,485.33714285714285,False,False,True,False,False,False,False
2024-09-14,35415,9304.0,25.56,68.68,0.0,Saturday,1,0,9,493.08,2024-09-14,463.66,508.46,478.93,484.55571428571426,False,False,True,False,False,False,False
2024-09-15,35651,9364.0,27.77,61.4,16.89,Sunday,1,0,9,476.8,2024-09-15,493.08,468.7,476.73285714285714,482.5071428571428,False,False,True,False,False,False,False
2024-09-16,35175,9348.0,29.41,64.21,0.0,Monday,0,0,9,482.92,2024-09-16,476.8,478.87,477.89000000000004,482.03499999999997,False,False,True,False,False,False,False
2024-09-17,35724,9324.0,33.42,61.85,0.0,Tuesday,0,0,9,728.45,2024-09-17,482.92,459.25,478.4685714285714,482.54285714285714,False,False,True,False,False,False,False
2024-09-18,35868,9275.0,27.93,63.0,6.69,Wednesday,0,0,9,446.31,2024-09-18,728.45,496.38,516.9257142857143,502.0385714285715,False,False,True,False,False,False,False
2024-09-19,35485,9321.0,28.47,68.6,48.07,Thursday,0,0,9,431.08,2024-09-19,446.31,477.19,509.77285714285716,499.0992857142857,False,False,True,False,False,False,False
2024-09-20,35419,9311.0,32.83,60.92,0.0,Friday,0,0,9,472.3,2024-09-20,431.08,463.66,503.1857142857143,491.555,False,False,True,False,False,False,False
2024-09-21,35278,9364.0,23.14,68.13,6.64,Saturday,1,0,9,470.98,2024-09-21,472.3,493.08,504.42,491.675,False,False,True,False,False,False,False
2024-09-22,35746,9408.0,27.27,62.58,7.55,Sunday,1,0,9,499.31,2024-09-22,470.98,476.8,501.2628571428572,488.9978571428571,False,False,True,False,False,False,False
2024-09-23,35779,9366.0,29.46,63.31,0.0,Monday,0,0,9,470.55,2024-09-23,499.31,482.92,504.4785714285714,491.1842857142857,False,False,True,False,False,False,False
2024-09-24,35477,9347.0,25.08,69.57,6.91,Tuesday,0,0,9,465.24,2024-09-24,470.55,728.45,502.71142857142866,490.59000000000003,False,False,True,False,False,False,False
2024-09-25,35139,9351.0,25.28,72.56,14.37,Wednesday,0,0,9,470.89,2024-09-25,465.24,446.31,465.11,491.01785714285717,False,False,True,False,False,False,False
2024-09-26,35606,9312.0,24.22,66.08,15.97,Thursday,0,0,9,439.32,2024-09-26,470.89,431.08,468.62142857142857,489.19714285714286,False,False,True,False,False,False,False
2024-09-27,35591,9312.0,26.84,68.35,7.98,Friday,0,0,9,499.46,2024-09-27,439.32,472.3,469.79857142857145,486.4921428571429,False,False,True,False,False,False,False
2024-09-28,35816,9334.0,26.35,74.05,18.84,Saturday,1,0,9,462.3,2024-09-28,499.46,470.98,473.67857142857144,489.04928571428576,False,False,True,False,False,False,False
2024-09-29,35919,9272.0,26.59,72.3,15.84,Sunday,1,0,9,482.67,2024-09-29,462.3,499.31,472.4385714285714,486.85071428571433,False,False,True,False,False,False,False
2024-09-30,35365,9335.0,22.56,71.88,13.66,Monday,0,0,9,440.89,2024-09-30,482.67,470.55,470.06142857142856,487.27000000000004,False,False,True,False,False,False,False
2024-10-01,35409,9357.0,26.21,61.8,12.65,Tuesday,0,0,10,447.6,2024-10-01,440.89,465.24,465.82428571428574,484.26785714285717,False,False,True,False,True,False,False
2024-10-02,35741,9353.0,26.23,75.56,4.66,Wednesday,0,1,10,497.38,2024-10-02,447.6,470.89,463.30428571428575,464.20714285714286,False,False,True,False,True,False,False
2024-10-03,35434,9351.0,27.63,59.0,9.7,Thursday,0,0,10,473.13,2024-10-03,497.38,439.32,467.08857142857147,467.855,False,False,True,False,True,False,False
2024-10-04,35861,9378.0,29.46,65.84,0.0,Friday,0,0,10,496.29,2024-10-04,473.13,499.46,471.9185714285714,470.85857142857145,False,False,True,False,True,False,False
2024-10-05,35683,9312.0,23.74,78.25,0.0,Saturday,1,0,10,509.95,2024-10-05,496.29,462.3,471.46571428571434,472.57214285714286,False,False,True,False,True,False,False
2024-10-06,35331,9294.0,23.56,70.64,29.89,Sunday,1,0,10,459.2,2024-10-06,509.95,482.67,478.2728571428571,475.3557142857143,False,False,True,False,True,False,False
2024-10-07,35921,9320.0,25.04,60.88,23.28,Monday,0,0,10,482.08,2024-10-07,459.2,440.89,474.92,472.49071428571426,False,False,True,False,True,False,False
2024-10-08,35381,9352.0,21.78,65.35,10.4,Tuesday,0,0,10,472.89,2024-10-08,482.08,447.6,480.80428571428564,473.3142857142857,False,False,True,False,True,False,False
2024-10-09,35266,9390.0,18.71,70.92,0.0,Wednesday,0,0,10,452.67,2024-10-09,472.89,497.38,484.4171428571429,473.8607142857143,False,False,True,False,True,False,False
2024-10-10,35367,9285.0,24.39,63.04,23.6,Thursday,0,0,10,459.9,2024-10-10,452.67,473.13,478.03000000000003,472.5592857142857,False,False,True,False,True,False,False
2024-10-11,35534,9372.0,25.08,77.6,17.09,Friday,0,0,10,466.78,2024-10-11,459.9,496.29,476.14,474.0292857142857,False,False,True,False,True,False,False
2024-10-12,35216,9292.0,24.76,69.78,9.51,Saturday,1,0,10,478.9,2024-10-12,466.78,509.95,471.9242857142857,471.695,False,False,True,False,True,False,False
2024-10-13,35556,9375.0,22.04,56.99,1.31,Sunday,1,0,10,473.33,2024-10-13,478.9,459.2,467.48857142857145,472.8807142857143,False,False,True,False,True,False,False
2024-10-14,36196,9336.0,23.62,72.26,23.27,Monday,0,0,10,451.29,2024-10-14,473.33,482.08,469.50714285714287,472.2135714285714,False,False,True,False,True,False,False
2024-10-15,35292,9339.0,20.31,74.63,0.0,Tuesday,0,0,10,453.33,2024-10-15,451.29,472.89,465.10857142857145,472.9564285714286,False,False,True,False,True,False,False
2024-10-16,35481,9377.0,21.63,67.5,0.0,Wednesday,0,0,10,449.32,2024-10-16,453.33,452.67,462.3142857142857,473.36571428571426,False,False,True,False,True,False,False
2024-10-17,35342,13308.5,24.77,75.74,0.0,Thursday,0,0,10,469.47,2024-10-17,449.32,459.9,461.83571428571423,469.93285714285713,False,False,True,False,True,False,False
2024-10-18,35395,9379.0,23.8,57.55,20.66,Friday,0,0,10,405.3,2024-10-18,469.47,466.78,463.20285714285717,469.6714285714285,False,False,True,False,True,False,False
2024-10-19,35748,9351.0,23.92,72.86,24.22,Saturday,1,0,10,460.19,2024-10-19,405.3,478.9,454.42,463.17214285714283,False,False,True,False,True,False,False
2024-10-20,35426,9300.0,23.41,71.57,20.35,Sunday,1,0,10,456.88,2024-10-20,460.19,473.33,451.7471428571428,459.61785714285713,False,False,True,False,True,False,False
2024-10-21,35589,9281.0,23.35,82.89,0.0,Monday,0,0,10,469.33,2024-10-21,456.88,451.29,449.3971428571428,459.45214285714286,False,False,True,False,True,False,False
2024-10-22,35081,9356.0,21.26,72.16,23.86,Tuesday,0,0,10,415.09,2024-10-22,469.33,453.33,451.97428571428566,458.5414285714286,False,False,True,False,True,False,False
2024-10-23,35694,9305.0,22.01,66.35,18.18,Wednesday,0,1,10,457.64,2024-10-23,415.09,449.32,446.51142857142855,454.41285714285715,False,False,True,False,True,False,False
2024-10-24,35558,9348.0,20.3,72.46,17.19,Thursday,0,0,10,421.52,2024-10-24,457.64,469.47,447.7,454.76785714285717,False,False,True,False,True,False,False
2024-10-25,35517,9343.0,21.11,70.66,23.66,Friday,0,0,10,426.97,2024-10-25,421.52,405.3,440.84999999999997,452.02642857142854,False,False,True,False,True,False,False
2024-10-26,35148,9351.0,24.39,63.72,8.86,Saturday,1,0,10,493.49,2024-10-26,426.97,460.19,443.94571428571425,449.1828571428572,False,False,True,False,True,False,False
2024-10-27,35789,9349.0,21.64,66.89,6.56,Sunday,1,0,10,461.97,2024-10-27,493.49,456.88,448.70285714285717,450.22499999999997,False,False,True,False,True,False,False
2024-10-28,35869,9342.0,27.12,68.8,0.0,Monday,0,0,10,462.72,2024-10-28,461.97,469.33,449.43,449.4135714285714,False,False,True,False,True,False,False
2024-10-29,36055,9343.0,21.25,67.27,0.0,Tuesday,0,0,10,471.03,2024-10-29,462.72,415.09,448.4857142857143,450.23,False,False,True,False,True,False,False
2024-10-30,35605,9360.0,21.25,66.13,0.26,Wednesday,0,0,10,491.02,2024-10-30,471.03,457.64,456.4771428571429,451.4942857142857,False,False,True,False,True,False,False
2024-10-31,35740,9360.0,19.46,72.99,3.17,Thursday,0,0,10,457.94,2024-10-31,491.02,421.52,461.2457142857143,454.47285714285715,False,False,True,False,True,False,False
2024-11-01,35400,9339.0,20.92,69.86,0.0,Friday,0,0,11,466.77,2024-11-01,457.94,426.97,466.4485714285715,453.6492857142857,False,False,True,False,True,False,False
2024-11-02,35528,9313.0,20.17,76.09,0.0,Saturday,1,0,11,447.8,2024-11-02,466.77,493.49,472.13428571428574,458.03999999999996,False,False,True,False,True,False,False
2024-11-03,35752,9299.0,21.13,66.76,0.0,Sunday,1,0,11,507.61,2024-11-03,447.8,461.97,465.60714285714283,457.15500000000003,False,False,True,False,True,False,False
2024-11-04,35173,9368.0,23.08,74.99,17.7,Monday,0,0,11,461.62,2024-11-04,507.61,462.72,472.1271428571428,460.7785714285714,False,False,True,False,True,False,False
2024-11-05,36014,9357.0,21.28,70.26,0.0,Tuesday,0,0,11,448.1,2024-11-05,461.62,471.03,471.96999999999997,460.2278571428572,False,False,True,False,True,False,False
2024-11-06,35939,9336.0,23.22,78.96,7.88,Wednesday,0,0,11,434.39,2024-11-06,448.1,491.02,468.6942857142857,462.5857142857143,False,False,True,False,True,False,False
2024-11-07,35851,9386.0,23.15,70.5,0.0,Thursday,0,0,11,479.06,2024-11-07,434.39,457.94,460.6042857142857,460.925,False,False,True,False,True,False,False
2024-11-08,35672,9315.0,22.7,75.55,13.31,Friday,0,0,11,481.43,2024-11-08,479.06,466.77,463.62142857142857,465.03499999999997,False,False,True,False,True,False,False
2024-11-09,35672,9395.0,22.93,58.82,18.04,Saturday,1,0,11,491.68,2024-11-09,481.43,447.8,465.7157142857142,468.925,False,False,True,False,True,False,False
2024-11-10,35395,9306.0,20.79,67.7,0.0,Sunday,1,0,11,461.88,2024-11-10,491.68,507.61,471.98428571428576,468.7957142857143,False,False,True,False,True,False,False
2024-11-11,35890,9372.0,22.31,68.3,0.0,Monday,0,0,11,466.61,2024-11-11,461.88,461.62,465.45142857142855,468.7892857142857,False,False,True,False,True,False,False
2024-11-12,35504,9279.0,20.83,69.0,5.62,Tuesday,0,0,11,467.01,2024-11-12,466.61,448.1,466.1642857142857,469.0671428571428,False,False,True,False,True,False,False
2024-11-13,35466,9306.0,21.8,76.23,5.98,Wednesday,0,0,11,453.15,2024-11-13,467.01,434.39,468.8657142857143,468.78000000000003,False,False,True,False,True,False,False
2024-11-14,35205,9306.0,21.89,68.01,0.0,Thursday,0,0,11,452.33,2024-11-14,453.15,479.06,471.54571428571427,466.075,False,False,True,False,True,False,False
2024-11-15,35324,9379.0,24.77,77.33,6.63,Friday,0,0,11,482.6,2024-11-15,452.33,481.43,467.7271428571429,465.6742857142857,False,False,True,False,True,False,False
2024-11-16,35650,9411.0,21.53,80.85,0.0,Saturday,1,0,11,494.48,2024-11-16,482.6,491.68,467.89428571428573,466.805,False,False,True,False,True,False,False
2024-11-17,35302,9372.0,24.09,79.32,1.11,Sunday,1,0,11,503.82,2024-11-17,494.48,461.88,468.2942857142857,470.1392857142857,False,False,True,False,True,False,False
2024-11-18,35603,9327.0,20.7,66.91,0.0,Monday,0,0,11,443.2,2024-11-18,503.82,466.61,474.2857142857143,469.8685714285715,False,False,True,False,True,False,False
2024-11-19,35153,9409.0,22.65,58.95,8.05,Tuesday,0,0,11,480.8,2024-11-19,443.2,467.01,470.9414285714286,468.55285714285714,False,False,True,False,True,False,False
2024-11-20,35618,9322.0,19.58,70.56,0.0,Wednesday,0,0,11,461.48,2024-11-20,480.8,453.15,472.91142857142853,470.8885714285715,False,False,True,False,True,False,False
2024-11-21,35168,9318.0,20.73,77.65,10.24,Thursday,0,0,11,449.99,2024-11-21,461.48,452.33,474.1014285714286,472.8235714285714,False,False,True,False,True,False,False
2024-11-22,35661,9390.0,18.03,67.01,15.04,Friday,0,0,11,419.13,2024-11-22,449.99,482.6,473.7671428571429,470.7471428571429,False,False,True,False,True,False,False
2024-11-23,35533,9354.0,24.15,72.66,0.0,Saturday,1,0,11,518.04,2024-11-23,419.13,494.48,464.7,466.29714285714283,False,False,True,False,True,False,False
2024-11-24,35620,9289.0,20.33,72.34,1.38,Sunday,1,0,11,493.61,2024-11-24,518.04,503.82,468.0657142857143,468.17999999999995,False,False,True,False,True,False,False
2024-11-25,35662,9386.0,21.5,74.29,14.9,Monday,0,0,11,462.97,2024-11-25,493.61,443.2,466.60714285714283,470.44642857142856,False,False,True,False,True,False,False
2024-11-26,35736,9331.0,21.28,64.81,13.71,Tuesday,0,0,11,466.89,2024-11-26,462.97,480.8,469.43142857142857,470.18642857142856,False,False,True,False,True,False,False
2024-11-27,35181,9312.0,18.36,78.72,3.92,Wednesday,0,0,11,477.01,2024-11-27,466.89,461.48,467.44428571428574,470.17785714285714,False,False,True,False,True,False,False
2024-11-28,35299,9288.0,20.28,70.11,12.63,Thursday,0,0,11,414.59,2024-11-28,477.01,449.99,469.6628571428572,471.88214285714287,False,False,True,False,True,False,False
2024-11-29,35813,9304.0,20.38,66.91,0.0,Friday,0,0,11,429.14,2024-11-29,414.59,419.13,464.60571428571427,469.1864285714286,False,False,True,False,True,False,False
2024-11-30,35794,9368.0,19.44,66.91,2.76,Saturday,1,0,11,475.39,2024-11-30,429.14,518.04,466.0357142857142,465.36785714285713,False,False,True,False,True,False,False
2024-12-01,35809,9310.0,16.92,68.91,0.0,Sunday,1,0,12,481.58,2024-12-01,475.39,493.61,459.9428571428572,464.00428571428574,False,False,True,False,False,False,True
2024-12-02,35279,9313.0,19.32,67.62,12.67,Monday,0,0,12,469.74,2024-12-02,481.58,462.97,458.2242857142857,462.4157142857143,False,False,True,False,False,False,True
2024-12-03,35222,9234.0,17.61,74.2,1.64,Tuesday,0,0,12,471.36,2024-12-03,469.74,466.89,459.1914285714285,464.31142857142856,False,False,True,False,False,False,True
2024-12-04,35799,9395.0,21.21,71.88,0.0,Wednesday,0,0,12,488.47,2024-12-04,471.36,477.01,459.83,463.63714285714286,False,False,True,False,False,False,True
2024-12-05,35528,9367.0,23.02,66.4,8.68,Thursday,0,0,12,455.15,2024-12-05,488.47,414.59,461.4671428571429,465.565,False,False,True,False,False,False,True
2024-12-06,35540,9307.0,19.87,76.82,2.12,Friday,0,0,12,437.14,2024-12-06,455.15,429.14,467.26142857142855,465.9335714285715,False,False,True,False,False,False,True
2024-12-07,35949,9385.0,20.12,78.42,6.38,Saturday,1,0,12,464.56,2024-12-07,437.14,475.39,468.4042857142857,467.21999999999997,False,False,True,False,False,False,True
2024-12-08,35117,9354.0,19.53,68.1,6.1,Sunday,1,0,12,499.75,2024-12-08,464.56,481.58,466.85714285714283,463.40000000000003,False,False,True,False,False,False,True
2024-12-09,35781,9356.0,20.85,69.61,0.0,Monday,0,0,12,475.68,2024-12-09,499.75,469.74,469.45285714285717,463.8385714285714,False,False,True,False,False,False,True
2024-12-10,35678,9367.0,18.48,64.14,18.09,Tuesday,0,0,12,467.57,2024-12-10,475.68,471.36,470.3014285714286,464.7464285714286,False,False,True,False,False,False,True
2024-12-11,35502,9349.0,17.58,66.91,8.17,Wednesday,0,0,12,437.33,2024-12-11,467.57,488.47,469.76000000000005,464.795,False,False,True,False,False,False,True
2024-12-12,35762,9320.0,18.7,71.21,0.0,Thursday,0,0,12,485.67,2024-12-12,437.33,455.15,462.45428571428573,461.9607142857143,False,False,True,False,False,False,True
2024-12-13,35569,9323.0,20.35,67.51,24.49,Friday,0,0,12,429.32,2024-12-13,485.67,437.14,466.81428571428575,467.03785714285715,False,False,True,False,False,False,True
2024-12-14,35938,9347.0,22.49,68.14,14.12,Saturday,1,0,12,451.5,2024-12-14,429.32,464.56,465.69714285714286,467.05071428571426,False,False,True,False,False,False,True
2024-12-15,35838,9387.0,24.86,66.91,0.0,Sunday,1,0,12,484.06,2024-12-15,451.5,499.75,463.83142857142855,465.3442857142857,False,False,True,False,False,False,True
2024-12-16,35446,9364.0,18.68,70.91,23.1,Monday,0,0,12,449.61,2024-12-16,484.06,475.68,461.59,465.5214285714286,False,False,True,False,False,False,True
2024-12-17,35430,9369.0,17.9,66.91,133.84,Tuesday,0,0,12,469.35,2024-12-17,449.61,467.57,457.86571428571426,464.0835714285714,False,False,True,False,False,False,True
2024-12-18,35473,9327.0,18.41,70.43,0.0,Wednesday,0,0,12,438.39,2024-12-18,469.35,437.33,458.11999999999995,463.94,False,False,True,False,False,False,True
2024-12-19,35611,9325.0,21.95,66.08,4.95,Thursday,0,0,12,471.45,2024-12-19,438.39,485.67,458.2714285714286,460.36285714285714,False,False,True,False,False,False,True
2024-12-20,35691,9286.0,18.81,72.96,0.0,Friday,0,0,12,501.82,2024-12-20,471.45,429.32,456.23999999999995,461.5271428571428,False,False,True,False,False,False,True
2024-12-21,35811,9379.0,20.29,71.64,0.0,Saturday,1,0,12,454.19,2024-12-21,501.82,451.5,466.5971428571429,466.1471428571429,False,False,True,False,False,False,True
2024-12-22,35683,9372.0,20.14,74.94,28.42,Sunday,1,0,12,450.71,2024-12-22,454.19,484.06,466.9814285714286,465.40642857142853,False,False,True,False,False,False,True
2024-12-23,35448,9378.0,19.33,71.04,0.0,Monday,0,0,12,460.96,2024-12-23,450.71,449.61,462.21714285714285,461.9035714285714,False,False,True,False,False,False,True
2024-12-24,35368,9272.0,18.42,71.52,21.55,Tuesday,0,0,12,435.18,2024-12-24,460.96,469.35,463.8385714285714,460.85214285714284,False,False,True,False,False,False,True
2024-12-25,35258,9351.0,16.91,69.7,13.46,Wednesday,0,1,12,456.47,2024-12-25,435.18,438.39,458.9571428571429,458.5385714285714,False,False,True,False,False,False,True
2024-12-26,35515,9361.0,21.51,73.96,15.25,Thursday,0,0,12,473.98,2024-12-26,456.47,471.45,461.53999999999996,459.9057142857143,False,False,True,False,False,False,True
2024-12-27,35528,9396.0,19.1,63.85,0.0,Friday,0,0,12,494.32,2024-12-27,473.98,501.82,461.90142857142854,459.07071428571425,False,False,True,False,False,False,True
2024-12-28,35607,9331.0,19.75,68.52,0.0,Saturday,1,0,12,485.38,2024-12-28,494.32,454.19,460.83,463.7135714285714,False,False,True,False,False,False,True
2024-12-29,35903,9354.0,19.39,72.31,0.0,Sunday,1,0,12,466.08,2024-12-29,485.38,450.71,465.2857142857143,466.13357142857143,False,False,True,False,False,False,True
2024-12-30,35519,9338.0,18.74,67.59,0.0,Monday,0,0,12,462.51,2024-12-30,466.08,460.96,467.48142857142864,464.84928571428566,False,False,True,False,False,False,True
2024-12-31,35616,9314.0,20.53,63.97,8.6,Tuesday,0,0,12,481.71,2024-12-31,462.51,435.18,467.70285714285717,465.7707142857143,False,False,True,False,False,False,True
2023-01-15,59872,15168.0,18.99,68.63,0.0,Sunday,1,0,1,966.2,2023-01-15,933.84,953.92,894.647142857143,898.0057142857142,False,False,False,True,False,False,True
2023-01-16,59750,15108.0,20.76,65.53,0.0,Monday,0,0,1,861.99,2023-01-16,966.2,869.07,896.4014285714286,897.9342857142858,False,False,False,True,False,False,True
2023-01-17,59617,15165.0,19.79,67.8,0.0,Tuesday,0,0,1,927.66,2023-01-17,861.99,835.66,895.39,893.5050000000001,False,False,False,True,False,False,True
2023-01-18,59722,15095.0,20.83,73.07,0.0,Wednesday,0,0,1,933.53,2023-01-18,927.66,872.39,908.5328571428571,895.3014285714287,False,False,False,True,False,False,True
2023-01-19,59773,15068.0,19.38,64.59,0.0,Thursday,0,0,1,848.75,2023-01-19,933.53,872.71,917.267142857143,898.0799999999999,False,False,False,True,False,False,True
2023-01-20,59769,15065.0,23.2,76.72,0.0,Friday,0,0,1,850.68,2023-01-20,848.75,924.94,913.8442857142858,900.0478571428572,False,False,False,True,False,False,True
2023-01-21,60522,15098.0,18.3,66.91,15.89,Saturday,1,0,1,865.94,2023-01-21,850.68,933.84,903.2357142857143,895.0985714285714,False,False,False,True,False,False,True
2023-01-22,59869,15150.0,18.48,70.27,0.0,Sunday,1,0,1,878.49,2023-01-22,865.94,966.2,893.5357142857143,894.0914285714287,False,False,False,True,False,False,True
2023-01-23,60176,15111.0,20.68,65.46,0.0,Monday,0,0,1,882.64,2023-01-23,878.49,861.99,881.0057142857142,888.7035714285714,False,False,False,True,False,False,True
2023-01-24,60306,15076.0,18.43,67.88,8.23,Tuesday,0,0,1,875.47,2023-01-24,882.64,927.66,883.9557142857144,889.6728571428572,False,False,False,True,False,False,True
2023-01-25,60059,15058.0,19.5,71.48,0.0,Wednesday,0,0,1,841.06,2023-01-25,875.47,933.53,876.5,892.5164285714287,False,False,False,True,False,False,True
2023-01-26,60063,15184.0,18.87,74.74,0.0,Thursday,0,1,1,883.47,2023-01-26,841.06,848.75,863.29,890.2785714285714,False,False,False,True,False,False,True
2023-01-27,60576,15123.0,22.19,69.48,0.0,Friday,0,0,1,905.44,2023-01-27,883.47,850.68,868.25,891.0471428571428,False,False,False,True,False,False,True
2023-01-28,60453,15091.0,21.8,68.9,0.0,Saturday,1,0,1,999.33,2023-01-28,905.44,865.94,876.0728571428572,889.6542857142857,False,False,False,True,False,False,True
2023-01-29,60238,15141.0,24.15,80.35,0.0,Sunday,1,0,1,957.99,2023-01-29,999.33,878.49,895.1285714285714,894.3321428571428,False,False,False,True,False,False,True
2023-01-30,60278,15129.0,20.6,56.53,12.27,Monday,0,0,1,840.56,2023-01-30,957.99,882.64,906.4857142857143,893.7457142857144,False,False,False,True,False,False,True
2023-01-31,60028,15082.0,23.39,68.23,0.0,Tuesday,0,0,1,904.46,2023-01-31,840.56,875.47,900.4742857142857,892.2149999999999,False,False,False,True,False,False,True
2023-02-01,60447,15143.0,20.06,77.25,0.0,Wednesday,0,0,2,900.65,2023-02-01,904.46,841.06,904.6157142857144,890.5578571428571,False,False,False,True,False,False,True
2023-02-02,60409,15177.0,24.49,67.45,0.0,Thursday,0,0,2,933.76,2023-02-02,900.65,883.47,913.1285714285714,888.2092857142858,False,False,False,True,False,False,True
2023-02-03,60016,15174.0,23.31,78.96,0.0,Friday,0,0,2,907.48,2023-02-03,933.76,905.44,920.3128571428571,894.2814285714286,False,False,False,True,False,False,True
2023-02-04,60232,15108.0,23.71,72.45,0.0,Saturday,1,0,2,975.09,2023-02-04,907.48,999.33,920.6042857142858,898.3385714285714,False,False,False,True,False,False,True
2023-02-05,60122,15048.0,21.64,71.6,0.0,Sunday,1,0,2,964.47,2023-02-05,975.09,957.99,917.1414285714285,906.135,False,False,False,True,False,False,True
2023-02-06,60083,15113.0,22.67,68.93,0.0,Monday,0,0,2,898.73,2023-02-06,964.47,840.56,918.0671428571429,912.2764285714286,False,False,False,True,False,False,True
2023-02-07,60405,15137.0,25.32,60.73,0.0,Tuesday,0,0,2,996.05,2023-02-07,898.73,904.46,926.3771428571429,913.4257142857143,False,False,False,True,False,False,True
2023-02-08,59861,15104.0,26.5,63.87,0.0,Wednesday,0,0,2,945.96,2023-02-08,996.05,900.65,939.4614285714285,922.0385714285713,False,False,False,True,False,False,True
2023-02-09,60050,15094.0,23.91,77.09,0.0,Thursday,0,0,2,907.14,2023-02-09,945.96,933.76,945.9342857142858,929.5314285714286,False,False,False,True,False,False,True
2023-02-10,59877,15067.0,25.4,67.47,0.0,Friday,0,0,2,997.05,2023-02-10,907.14,907.48,942.1314285714286,931.2221428571429,False,False,False,True,False,False,True
2023-02-11,60230,15065.0,22.35,62.91,0.0,Saturday,1,0,2,921.41,2023-02-11,997.05,975.09,954.9271428571428,937.7657142857142,False,False,False,True,False,False,True
2023-02-12,60241,15115.0,20.34,64.05,0.0,Sunday,1,0,2,876.67,2023-02-12,921.41,964.47,947.2585714285714,932.1999999999999,False,False,False,True,False,False,True
2023-02-13,60394,15138.0,21.69,70.76,0.0,Monday,0,0,2,912.88,2023-02-13,876.67,898.73,934.7157142857143,926.3914285714285,False,False,False,True,False,False,True
2023-02-14,59800,15137.0,19.08,64.63,6.55,Tuesday,0,0,2,907.69,2023-02-14,912.88,996.05,936.7371428571429,931.5571428571428,False,False,False,True,False,False,True
2023-02-15,60076,15115.0,25.88,58.43,0.0,Wednesday,0,0,2,913.88,2023-02-15,907.69,945.96,924.1142857142858,931.7878571428572,False,False,False,True,False,False,True
2023-02-16,60190,15142.0,27.26,60.41,9.73,Thursday,0,0,2,977.15,2023-02-16,913.88,907.14,919.5314285714286,932.7328571428571,False,False,False,True,False,False,True
2023-02-17,59960,15150.0,23.25,66.52,0.0,Friday,0,0,2,927.69,2023-02-17,977.15,997.05,929.5328571428571,935.8321428571428,False,False,False,True,False,False,True
2023-02-18,60105,15148.0,23.66,78.38,0.0,Saturday,1,0,2,997.26,2023-02-18,927.69,921.41,919.6242857142857,937.2757142857143,False,False,False,True,False,False,True
2023-02-19,60448,15186.0,20.02,71.47,11.24,Sunday,1,0,2,890.19,2023-02-19,997.26,876.67,930.46,938.8592857142858,False,False,False,True,False,False,True
2023-02-20,60093,15150.0,22.66,67.31,3.93,Monday,0,0,2,916.56,2023-02-20,890.19,912.88,932.3914285714285,933.5535714285714,False,False,False,True,False,False,True
2023-02-21,59772,15117.0,26.11,61.5,0.0,Tuesday,0,0,2,917.5,2023-02-21,916.56,907.69,932.9171428571428,934.8271428571428,False,False,False,True,False,False,True
2023-02-22,60017,15134.0,27.08,66.36,0.0,Wednesday,0,0,2,947.3,2023-02-22,917.5,913.88,934.3185714285715,929.2164285714287,False,False,False,True,False,False,True
2023-02-23,60036,15111.0,21.15,71.93,0.0,Thursday,0,0,2,929.61,2023-02-23,947.3,977.15,939.092857142857,929.3121428571428,False,False,False,True,False,False,True
2023-02-24,60312,15098.0,23.3,72.86,0.0,Friday,0,0,2,914.47,2023-02-24,929.61,927.69,932.3014285714287,930.9171428571428,False,False,False,True,False,False,True
2023-02-25,59943,15139.0,20.29,58.32,6.38,Saturday,1,0,2,968.13,2023-02-25,914.47,997.26,930.4128571428572,925.0185714285715,False,False,False,True,False,False,True
2023-02-26,59659,15110.0,22.93,68.7,13.29,Sunday,1,0,2,948.15,2023-02-26,968.13,890.19,926.2514285714286,928.3557142857143,False,False,False,True,False,False,True
2023-02-27,60033,15142.0,21.32,74.87,0.0,Monday,0,0,2,868.62,2023-02-27,948.15,916.56,934.5314285714286,933.4614285714287,False,False,False,True,False,False,True
2023-02-28,60339,15093.0,25.35,72.14,0.0,Tuesday,0,0,2,898.1,2023-02-28,868.62,917.5,927.6828571428571,930.3000000000001,False,False,False,True,False,False,True
2023-03-01,59762,15071.0,23.66,62.97,0.0,Wednesday,0,0,3,885.78,2023-03-01,898.1,947.3,924.9114285714286,929.6149999999999,False,False,False,True,False,True,False
2023-03-02,60365,15163.0,22.26,65.8,0.0,Thursday,0,0,3,947.48,2023-03-02,885.78,929.61,916.1228571428571,927.6078571428571,False,False,False,True,False,True,False
2023-03-03,59962,15124.0,21.2,72.24,0.0,Friday,0,0,3,903.89,2023-03-03,947.48,914.47,918.6757142857142,925.4885714285714,False,False,False,True,False,True,False
2023-03-04,60438,15129.0,26.4,60.66,0.0,Saturday,1,0,3,993.24,2023-03-04,903.89,968.13,917.1642857142857,923.7885714285715,False,False,False,True,False,True,False
2023-03-05,59804,15118.0,21.92,65.78,0.0,Sunday,1,0,3,968.58,2023-03-05,993.24,948.15,920.7514285714286,923.5014285714286,False,False,False,True,False,True,False
2023-03-06,60418,15116.0,27.8,70.13,0.0,Monday,0,0,3,1020.41,2023-03-06,968.58,868.62,923.67,929.1007142857143,False,False,False,True,False,True,False
2023-03-07,60123,15088.0,25.13,71.44,0.0,Tuesday,0,0,3,923.68,2023-03-07,1020.41,898.1,945.3542857142857,936.5185714285715,False,False,False,True,False,True,False
2023-03-08,60109,15093.0,24.29,71.58,0.0,Wednesday,0,0,3,915.11,2023-03-08,923.68,885.78,949.0085714285714,936.96,False,False,False,True,False,True,False
2023-03-09,60007,15158.0,25.59,66.21,0.0,Thursday,0,0,3,874.24,2023-03-09,915.11,947.48,953.1985714285713,934.6607142857143,False,False,False,True,False,True,False
2023-03-10,60147,15092.0,22.39,66.98,0.0,Friday,0,0,3,934.49,2023-03-10,874.24,903.89,942.7357142857144,930.7057142857142,False,False,False,True,False,True,False
2023-03-11,60079,15105.0,27.07,66.08,0.0,Saturday,1,0,3,1017.03,2023-03-11,934.49,993.24,947.1071428571429,932.1357142857144,False,False,False,True,False,True,False
2023-03-12,60050,15113.0,25.25,57.68,0.0,Sunday,1,0,3,948.02,2023-03-12,1017.03,968.58,950.5057142857142,935.6285714285714,False,False,False,True,False,True,False
2023-03-13,60108,15173.0,27.1,71.52,0.0,Monday,0,0,3,909.79,2023-03-13,948.02,1020.41,947.5685714285715,935.6192857142858,False,False,False,True,False,True,False
2023-03-14,59619,15108.0,23.78,64.25,0.0,Tuesday,0,0,3,947.18,2023-03-14,909.79,923.68,931.7657142857142,938.5599999999998,False,False,False,True,False,True,False
2023-03-15,60180,15106.0,31.13,66.64,0.0,Wednesday,0,0,3,1000.86,2023-03-15,947.18,915.11,935.1228571428571,942.0657142857143,False,False,False,True,False,True,False
2023-03-16,59908,15076.0,23.96,65.02,0.0,Thursday,0,0,3,875.95,2023-03-16,1000.86,874.24,947.3728571428572,950.2857142857143,False,False,False,True,False,True,False
2023-03-17,60051,15137.0,27.74,68.67,0.0,Friday,0,0,3,990.55,2023-03-17,875.95,934.49,947.6171428571428,945.1764285714287,False,False,False,True,False,True,False
2023-03-18,59861,15103.0,23.78,69.22,0.0,Saturday,1,0,3,992.18,2023-03-18,990.55,1017.03,955.6257142857143,951.3664285714286,False,False,False,True,False,True,False
2023-03-19,60369,15164.0,24.7,65.44,0.0,Sunday,1,0,3,947.41,2023-03-19,992.18,948.02,952.0757142857143,951.2907142857142,False,False,False,True,False,True,False
2023-03-20,60182,15123.0,26.88,62.34,14.4,Monday,0,0,3,872.74,2023-03-20,947.41,909.79,951.9885714285714,949.7785714285714,False,False,False,True,False,True,False
2023-03-21,60545,15135.0,26.28,72.56,0.0,Tuesday,0,0,3,938.67,2023-03-21,872.74,947.18,946.6957142857143,939.2307142857143,False,False,False,True,False,True,False
2023-03-22,59907,15103.0,27.85,67.19,0.0,Wednesday,0,0,3,992.26,2023-03-22,938.67,1000.86,945.4800000000001,940.3014285714286,False,False,False,True,False,True,False
2023-03-23,60121,15194.0,26.05,63.85,0.0,Thursday,0,0,3,951.42,2023-03-23,992.26,875.95,944.2514285714285,945.8121428571429,False,False,False,True,False,True,False
2023-03-24,60257,15092.0,27.34,67.95,0.0,Friday,0,0,3,912.56,2023-03-24,951.42,990.55,955.0328571428571,951.325,False,False,False,True,False,True,False
2023-03-25,59910,15063.0,28.84,66.87,0.0,Saturday,1,0,3,970.46,2023-03-25,912.56,992.18,943.8914285714285,949.7585714285715,False,False,False,True,False,True,False
2023-03-26,60371,15190.0,29.23,67.92,0.0,Sunday,1,0,3,995.84,2023-03-26,970.46,947.41,940.7885714285715,946.4321428571428,False,False,False,True,False,True,False
2023-03-27,59912,15198.0,25.68,55.88,5.55,Monday,0,0,3,894.79,2023-03-27,995.84,872.74,947.7071428571429,949.847857142857,False,False,False,True,False,True,False
2023-03-28,60417,15083.0,27.5,68.23,0.0,Tuesday,0,0,3,957.31,2023-03-28,894.79,938.67,950.8571428571429,948.7764285714286,False,False,False,True,False,True,False
2023-03-29,60253,15194.0,33.31,66.48,0.0,Wednesday,0,0,3,1004.36,2023-03-29,957.31,992.26,953.5199999999999,949.5,False,False,False,True,False,True,False
2023-03-30,59724,15129.0,30.24,58.22,0.0,Thursday,0,0,3,947.85,2023-03-30,1004.36,951.42,955.2485714285714,949.75,False,False,False,True,False,True,False
2023-03-31,60716,15102.0,28.38,66.41,0.0,Friday,0,0,3,953.81,2023-03-31,947.85,912.56,954.7385714285714,954.8857142857142,False,False,False,True,False,True,False
2023-04-01,60809,15157.0,27.4,72.74,0.0,Saturday,1,0,4,993.24,2023-04-01,953.81,970.46,960.6314285714286,952.2614285714286,False,False,False,True,False,True,False
2023-04-02,60062,15089.0,25.09,69.71,19.65,Sunday,1,0,4,889.86,2023-04-02,993.24,995.84,963.8857142857142,952.3371428571428,False,False,False,True,False,True,False
2023-04-03,60052,15162.0,28.62,75.66,0.0,Monday,0,0,4,978.71,2023-04-03,889.86,894.79,948.7457142857141,948.2264285714285,False,False,False,True,False,True,False
2023-04-04,60059,15075.0,29.39,75.63,0.0,Tuesday,0,0,4,979.5,2023-04-04,978.71,957.31,960.7342857142856,955.7957142857142,False,False,False,True,False,True,False
2023-04-05,60123,15135.0,30.28,66.57,23.67,Wednesday,0,0,4,950.08,2023-04-05,979.5,1004.36,963.9042857142857,958.7121428571428,False,False,False,True,False,True,False
2023-04-06,60009,15091.0,31.53,63.46,0.0,Thursday,0,0,4,995.27,2023-04-06,950.08,947.85,956.1499999999999,955.6992857142857,False,False,False,True,False,True,False
2023-04-07,60057,15125.0,28.34,80.03,0.0,Friday,0,0,4,984.5,2023-04-07,995.27,953.81,962.9242857142857,958.8314285714285,False,False,False,True,False,True,False
2023-04-08,60415,15142.0,30.76,68.1,0.0,Saturday,1,0,4,1043.15,2023-04-08,984.5,993.24,967.3085714285714,963.97,False,False,False,True,False,True,False
2023-04-09,60149,13308.5,27.52,54.12,0.0,Sunday,1,0,4,1013.42,2023-04-09,1043.15,889.86,974.4385714285714,969.1621428571428,False,False,False,True,False,True,False
2023-04-10,59860,15150.0,44.84,69.63,0.0,Monday,0,0,4,956.89,2023-04-10,1013.42,978.71,992.09,970.4178571428572,False,False,False,True,False,True,False
2023-04-11,59958,15135.0,29.82,57.3,0.0,Tuesday,0,0,4,975.4,2023-04-11,956.89,979.5,988.9728571428572,974.8535714285715,False,False,False,True,False,True,False
2023-04-12,59927,15152.0,28.46,64.11,0.0,Wednesday,0,0,4,928.16,2023-04-12,975.4,950.08,988.3871428571429,976.1457142857143,False,False,False,True,False,True,False
2023-04-13,60402,15109.0,27.88,67.65,0.0,Thursday,0,0,4,955.02,2023-04-13,928.16,995.27,985.2557142857144,970.7028571428572,False,False,False,True,False,True,False
2023-04-14,59889,15104.0,31.78,64.12,0.0,Friday,0,0,4,1021.0,2023-04-14,955.02,984.5,979.5057142857142,971.2149999999999,False,False,False,True,False,True,False
2023-04-15,59800,15132.0,32.0,67.36,1.7,Saturday,1,0,4,1014.61,2023-04-15,1021.0,1043.15,984.72,976.0142857142857,False,False,False,True,False,True,False
2023-04-16,60342,15132.0,26.07,64.59,0.0,Sunday,1,0,4,977.3,2023-04-16,1014.61,1013.42,980.642857142857,977.5407142857142,False,False,False,True,False,True,False
2023-04-17,60290,15089.0,27.16,65.6,21.19,Monday,0,0,4,957.86,2023-04-17,977.3,956.89,975.4828571428571,983.7864285714286,False,False,False,True,False,True,False
2023-04-18,60380,15152.0,28.06,57.08,0.0,Tuesday,0,0,4,910.79,2023-04-18,957.86,975.4,975.6214285714286,982.2971428571428,False,False,False,True,False,True,False
2023-04-19,59977,15145.0,32.91,64.4,0.0,Wednesday,0,0,4,916.56,2023-04-19,910.79,928.16,966.3914285714285,977.3892857142857,False,False,False,True,False,True,False
2023-04-20,60156,15118.0,32.79,58.44,0.0,Thursday,0,0,4,977.21,2023-04-20,916.56,955.02,964.7342857142858,974.995,False,False,False,True,False,True,False
2023-04-21,60288,15154.0,32.66,66.96,0.0,Friday,0,0,4,975.54,2023-04-21,977.21,1021.0,967.9042857142857,973.7049999999999,False,False,False,True,False,True,False
2023-04-22,60104,15140.0,31.68,65.59,0.0,Saturday,1,0,4,983.79,2023-04-22,975.54,1014.61,961.41,973.0649999999999,False,False,False,True,False,True,False
2023-04-23,59956,15186.0,28.55,68.5,22.45,Sunday,1,0,4,943.65,2023-04-23,983.79,977.3,957.0071428571429,968.8249999999999,False,False,False,True,False,True,False
2023-04-24,60108,15170.0,29.41,67.94,0.0,Monday,0,0,4,970.55,2023-04-24,943.65,957.86,952.1999999999999,963.8414285714287,False,False,False,True,False,True,False
2023-04-25,60376,15116.0,27.26,55.54,0.0,Tuesday,0,0,4,1020.1,2023-04-25,970.55,910.79,954.012857142857,964.8171428571428,False,False,False,True,False,True,False
2023-04-26,60029,15148.0,29.93,75.05,0.0,Wednesday,0,0,4,966.42,2023-04-26,1020.1,916.56,969.6285714285714,968.01,False,False,False,True,False,True,False
2023-04-27,59959,15091.0,32.5,61.16,0.0,Thursday,0,0,4,949.17,2023-04-27,966.42,977.21,976.7514285714286,970.7428571428571,False,False,False,True,False,True,False
2023-04-28,60166,15141.0,29.73,67.95,0.0,Friday,0,0,4,972.26,2023-04-28,949.17,975.54,972.7457142857141,970.325,False,False,False,True,False,True,False
2023-04-29,59740,15212.0,32.5,65.43,0.0,Saturday,1,0,4,1098.39,2023-04-29,972.26,983.79,972.2771428571428,966.8435714285714,False,False,False,True,False,True,False
2023-04-30,60250,15116.0,30.34,56.48,16.96,Sunday,1,0,4,983.86,2023-04-30,1098.39,943.65,988.6485714285715,972.8278571428572,False,False,False,True,False,True,False
2023-05-01,60302,15170.0,27.08,68.48,0.0,Monday,0,0,5,942.66,2023-05-01,983.86,970.55,994.3928571428571,973.2964285714286,False,False,False,True,False,True,False
2023-05-02,59963,15078.0,30.36,59.37,18.38,Tuesday,0,0,5,960.15,2023-05-02,942.66,1020.1,990.4085714285715,972.2107142857143,False,False,False,True,False,True,False
2023-05-03,60186,15219.0,32.89,67.26,0.0,Wednesday,0,0,5,973.89,2023-05-03,960.15,966.42,981.8442857142857,975.7364285714285,False,False,False,True,False,True,False
2023-05-04,60589,15088.0,33.64,66.92,0.0,Thursday,0,0,5,1023.32,2023-05-04,973.89,949.17,982.9114285714285,979.8314285714285,False,False,False,True,False,True,False
2023-05-05,59840,15156.0,30.25,64.51,0.0,Friday,0,0,5,939.47,2023-05-05,1023.32,972.26,993.5042857142856,983.125,False,False,False,True,False,True,False
2023-05-06,60370,15154.0,32.5,62.7,0.0,Saturday,1,0,5,1063.75,2023-05-06,939.47,1098.39,988.82,980.5485714285714,False,False,False,True,False,True,False
2023-05-07,59984,15203.0,33.83,61.12,0.0,Sunday,1,0,5,966.19,2023-05-07,1063.75,983.86,983.8714285714286,986.26,False,False,False,True,False,True,False
2023-05-08,60201,15148.0,32.44,66.22,0.0,Monday,0,0,5,1032.95,2023-05-08,966.19,942.66,981.3471428571429,987.87,False,False,False,True,False,True,False
2023-05-09,60249,15121.0,32.85,74.75,0.0,Tuesday,0,0,5,943.4,2023-05-09,1032.95,960.15,994.2457142857144,992.3271428571428,False,False,False,True,False,True,False
2023-05-10,60093,13308.5,30.22,65.3,0.0,Wednesday,0,0,5,962.21,2023-05-10,943.4,973.89,991.8528571428571,986.8485714285714,False,False,False,True,False,True,False
2023-05-11,60264,15167.0,35.13,64.54,0.0,Thursday,0,0,5,962.98,2023-05-11,962.21,1023.32,990.1842857142857,986.5478571428572,False,False,False,True,False,True,False
2023-05-12,59968,15115.0,32.85,72.08,0.0,Friday,0,0,5,979.99,2023-05-12,962.98,939.47,981.5642857142857,987.5342857142857,False,False,False,True,False,True,False
2023-05-13,60561,15144.0,31.95,67.55,0.0,Saturday,1,0,5,985.69,2023-05-13,979.99,1063.75,987.352857142857,988.0864285714285,False,False,False,True,False,True,False
2023-05-14,60274,15123.0,31.29,59.43,0.0,Sunday,1,0,5,1041.37,2023-05-14,985.69,966.19,976.2014285714286,980.0364285714286,False,False,False,True,False,True,False
2023-05-15,59978,15177.0,33.3,62.55,0.0,Monday,0,0,5,999.71,2023-05-15,1041.37,1032.95,986.9414285714286,984.1442857142857,False,False,False,True,False,True,False
2023-05-16,60189,15181.0,32.32,69.21,0.0,Tuesday,0,0,5,899.95,2023-05-16,999.71,943.4,982.1928571428572,988.2192857142857,False,False,False,True,False,True,False
2023-05-17,60219,15185.0,32.51,66.91,30.0,Wednesday,0,0,5,888.6,2023-05-17,899.95,962.21,975.9857142857143,983.9192857142858,False,False,False,True,False,True,False
2023-05-18,59736,15168.0,33.15,60.32,0.0,Thursday,0,0,5,944.02,2023-05-18,888.6,962.98,965.47,977.8271428571428,False,False,False,True,False,True,False
2023-05-19,60093,15110.0,32.21,62.65,0.0,Friday,0,0,5,1017.29,2023-05-19,944.02,979.99,962.7614285714286,972.1628571428572,False,False,False,True,False,True,False
2023-05-20,60230,15141.0,31.87,55.97,0.0,Saturday,1,0,5,981.61,2023-05-20,1017.29,985.69,968.09,977.7214285714286,False,False,False,True,False,True,False
2023-05-21,60142,15174.0,32.1,61.33,12.8,Sunday,1,0,5,979.59,2023-05-21,981.61,1041.37,967.5071428571429,971.8542857142857,False,False,False,True,False,True,False
2023-05-22,60354,15072.0,32.61,69.55,0.0,Monday,0,0,5,919.36,2023-05-22,979.59,999.71,958.6814285714287,972.8114285714286,False,False,False,True,False,True,False
2023-05-23,60325,15133.0,35.77,72.27,7.34,Tuesday,0,0,5,1003.29,2023-05-23,919.36,899.95,947.2028571428572,964.6978571428572,False,False,False,True,False,True,False
2023-05-24,60077,15189.0,30.58,57.49,25.24,Wednesday,0,0,5,902.56,2023-05-24,1003.29,888.6,961.9657142857143,968.9757142857143,False,False,False,True,False,True,False
2023-05-25,60406,15246.0,32.82,58.36,0.0,Thursday,0,0,5,950.46,2023-05-25,902.56,944.02,963.9599999999999,964.715,False,False,False,True,False,True,False
2023-05-26,59539,15139.0,30.79,71.59,0.0,Friday,0,0,5,997.83,2023-05-26,950.46,1017.29,964.88,963.8207142857143,False,False,False,True,False,True,False
2023-05-27,60231,15169.0,33.29,60.93,0.0,Saturday,1,0,5,1040.05,2023-05-27,997.83,981.61,962.1000000000001,965.095,False,False,False,True,False,True,False
2023-05-28,60621,15155.0,32.77,65.73,0.0,Sunday,1,0,5,1011.58,2023-05-28,1040.05,979.59,970.4485714285713,968.9778571428571,False,False,False,True,False,True,False
2023-05-29,60297,15148.0,33.87,71.33,0.0,Monday,0,0,5,984.76,2023-05-29,1011.58,919.36,975.0185714285715,966.85,False,False,False,True,False,True,False
2023-05-30,60342,15151.0,33.57,63.26,0.0,Tuesday,0,0,5,1259.58,2023-05-30,984.76,1003.29,984.3614285714285,965.782142857143,False,False,False,True,False,True,False
2023-05-31,59921,15183.0,33.33,66.38,0.0,Wednesday,0,0,5,984.85,2023-05-31,1259.58,902.56,1020.9742857142857,991.47,False,False,False,True,False,True,False
2023-06-01,59625,15139.0,32.25,58.92,0.0,Thursday,0,0,6,1000.59,2023-06-01,984.85,950.46,1032.73,998.3450000000001,False,False,False,True,False,False,False
2023-06-02,60247,15124.0,34.39,59.68,0.0,Friday,0,0,6,1011.22,2023-06-02,1000.59,997.83,1039.8914285714286,1002.3857142857144,False,False,False,True,False,False,False
2023-06-03,60587,15145.0,30.78,69.91,0.0,Saturday,1,0,6,1014.97,2023-06-03,1011.22,1040.05,1041.8042857142857,1001.9521428571428,False,False,False,True,False,False,False
2023-06-04,59943,15172.0,31.95,63.23,0.0,Sunday,1,0,6,1076.29,2023-06-04,1014.97,1011.58,1038.2214285714285,1004.335,False,False,False,True,False,False,False
2023-06-05,60047,15128.0,35.19,70.8,6.86,Monday,0,0,6,919.16,2023-06-05,1076.29,984.76,1047.4657142857143,1011.242142857143,False,False,False,True,False,False,False
2023-06-06,59920,15173.0,34.33,69.38,0.0,Tuesday,0,0,6,929.02,2023-06-06,919.16,1259.58,1038.094285714286,1011.2278571428571,False,False,False,True,False,False,False
2023-06-07,59997,15126.0,35.84,60.26,0.0,Wednesday,0,0,6,977.84,2023-06-07,929.02,984.85,990.8714285714285,1005.9228571428573,False,False,False,True,False,False,False
2023-06-08,60388,15112.0,33.47,69.9,0.0,Thursday,0,0,6,926.2,2023-06-08,977.84,1000.59,989.87,1011.3000000000001,False,False,False,True,False,False,False
2023-06-09,60170,15151.0,32.29,68.4,49.94,Friday,0,0,6,795.59,2023-06-09,926.2,1011.22,979.2428571428571,1009.5671428571429,False,False,False,True,False,False,False
2023-06-10,60033,15153.0,32.98,65.25,13.79,Saturday,1,0,6,1008.14,2023-06-10,795.59,1014.97,948.4385714285714,995.1214285714286,False,False,False,True,False,False,False
2023-06-11,60456,15162.0,37.12,65.33,0.0,Sunday,1,0,6,1001.6,2023-06-11,1008.14,1076.29,947.4628571428573,992.8421428571428,False,False,False,True,False,False,False
2023-06-12,60369,15109.0,34.24,10.79,0.0,Monday,0,0,6,939.16,2023-06-12,1001.6,919.16,936.7928571428572,992.1292857142856,False,False,False,True,False,False,False
2023-06-13,60414,15133.0,29.79,81.51,0.0,Tuesday,0,0,6,984.36,2023-06-13,939.16,929.02,939.6499999999999,988.8721428571428,False,False,False,True,False,False,False
2023-06-14,60248,15152.0,36.67,69.39,0.0,Wednesday,0,0,6,1023.42,2023-06-14,984.36,977.84,947.5557142857143,969.2135714285714,False,False,False,True,False,False,False
2023-06-15,60162,15217.0,35.58,55.83,29.65,Thursday,0,0,6,923.28,2023-06-15,1023.42,926.2,954.0671428571429,971.9685714285714,False,False,False,True,False,False,False
2023-06-16,60207,15139.0,32.31,69.66,0.0,Friday,0,0,6,989.25,2023-06-16,923.28,795.59,953.65,966.4464285714286,False,False,False,True,False,False,False
2023-06-17,60406,15177.0,36.81,64.86,0.0,Saturday,1,0,6,1036.01,2023-06-17,989.25,1008.14,981.3157142857143,964.8771428571428,False,False,False,True,False,False,False
2023-06-18,60174,15179.0,45.03,70.5,0.0,Sunday,1,0,6,1029.78,2023-06-18,1036.01,1001.6,985.2971428571428,966.38,False,False,False,True,False,False,False
2023-06-19,60638,15171.0,34.79,63.32,0.0,Monday,0,0,6,933.69,2023-06-19,1029.78,939.16,989.3228571428572,963.0578571428571,False,False,False,True,False,False,False
2023-06-20,60278,15161.0,34.37,68.39,7.59,Tuesday,0,0,6,970.12,2023-06-20,933.69,984.36,988.5414285714287,964.0957142857143,False,False,False,True,False,False,False
2023-06-21,60500,15159.0,34.5,59.54,0.0,Wednesday,0,0,6,1030.54,2023-06-21,970.12,1023.42,986.5071428571429,967.0314285714285,False,False,False,True,False,False,False
2023-06-22,60336,15156.0,34.57,65.86,0.0,Thursday,0,0,6,1007.36,2023-06-22,1030.54,923.28,987.5242857142857,970.7957142857142,False,False,False,True,False,False,False
2023-06-23,60543,15127.0,33.93,61.19,0.0,Friday,0,0,6,954.68,2023-06-23,1007.36,989.25,999.5357142857143,976.592857142857,False,False,False,True,False,False,False
2023-06-24,60322,15103.0,32.03,62.14,56.41,Saturday,1,0,6,825.9,2023-06-24,954.68,1036.01,994.5971428571429,987.9564285714285,False,False,False,True,False,False,False
2023-06-25,60404,15113.0,36.17,64.24,0.0,Sunday,1,0,6,961.75,2023-06-25,825.9,1029.78,964.5814285714285,974.9392857142857,False,False,False,True,False,False,False
2023-06-26,60051,15166.0,33.65,56.09,3.04,Monday,0,0,6,984.12,2023-06-26,961.75,933.69,954.8628571428571,972.092857142857,False,False,False,True,False,False,False
2023-06-27,60238,15130.0,32.66,61.13,10.9,Tuesday,0,0,6,945.14,2023-06-27,984.12,970.12,962.0671428571429,975.3042857142857,False,False,False,True,False,False,False
2023-06-28,59942,15185.0,33.99,54.43,12.65,Wednesday,0,0,6,937.56,2023-06-28,945.14,1030.54,958.4985714285714,972.5028571428571,False,False,False,True,False,False,False
2023-06-29,60256,15127.0,33.97,62.43,0.0,Thursday,0,0,6,972.58,2023-06-29,937.56,1007.36,945.2157142857143,966.37,False,False,False,True,False,False,False
2023-06-30,60312,15151.0,32.46,66.84,0.0,Friday,0,0,6,1384.57,2023-06-30,972.58,954.68,940.2471428571428,969.8914285714287,False,False,False,True,False,False,False
2023-07-01,60438,15188.0,32.5,58.23,0.0,Saturday,1,0,7,1012.35,2023-07-01,1384.57,825.9,1001.6599999999999,998.1285714285714,False,False,False,True,False,False,False
2023-07-02,60433,15157.0,37.21,60.19,12.56,Sunday,1,0,7,952.43,2023-07-02,1012.35,961.75,1028.2957142857142,996.4385714285715,False,False,False,True,False,False,False
2023-07-03,60260,15190.0,27.9,71.48,17.72,Monday,0,0,7,842.99,2023-07-03,952.43,984.12,1026.9642857142858,990.9135714285713,False,False,False,True,False,False,False
2023-07-04,60556,15163.0,38.6,56.67,0.0,Tuesday,0,0,7,976.52,2023-07-04,842.99,945.14,1006.8028571428571,984.4350000000001,False,False,False,True,False,False,False
2023-07-05,60324,15138.0,34.91,66.16,0.0,Wednesday,0,0,7,948.61,2023-07-05,976.52,937.56,1011.2857142857143,984.8921428571429,False,False,False,True,False,False,False
2023-07-06,60406,15164.0,33.32,53.84,0.0,Thursday,0,0,7,978.1,2023-07-06,948.61,972.58,1012.8642857142858,979.04,False,False,False,True,False,False,False
2023-07-07,60061,15106.0,34.62,63.74,0.0,Friday,0,0,7,912.75,2023-07-07,978.1,1384.57,1013.6528571428571,976.95,False,False,False,True,False,False,False
2023-07-08,59927,15201.0,36.16,72.49,18.52,Saturday,1,0,7,982.74,2023-07-08,912.75,1012.35,946.25,973.955,False,False,False,True,False,False,False
2023-07-09,60414,15240.0,34.08,63.93,9.05,Sunday,1,0,7,972.03,2023-07-09,982.74,952.43,942.0200000000001,985.1578571428572,False,False,False,True,False,False,False
2023-07-10,60521,15241.0,33.56,65.49,0.0,Monday,0,0,7,971.04,2023-07-10,972.03,842.99,944.8199999999999,985.892142857143,False,False,False,True,False,False,False
2023-07-11,59855,15182.0,37.55,69.07,0.0,Tuesday,0,0,7,1011.42,2023-07-11,971.04,976.52,963.1128571428571,984.9578571428572,False,False,False,True,False,False,False
2023-07-12,60076,15140.0,31.24,69.82,0.0,Wednesday,0,0,7,959.63,2023-07-12,1011.42,948.61,968.0985714285715,989.6921428571429,False,False,False,True,False,False,False
2023-07-13,60338,15186.0,29.24,67.57,9.93,Thursday,0,0,7,891.01,2023-07-13,959.63,978.1,969.6728571428572,991.2685714285714,False,False,False,True,False,False,False
2023-07-14,60079,15116.0,31.12,60.06,0.0,Friday,0,0,7,960.53,2023-07-14,891.01,912.75,957.2314285714286,985.4421428571428,False,False,False,True,False,False,False
2023-07-15,59801,15153.0,31.15,72.43,0.0,Saturday,1,0,7,928.3,2023-07-15,960.53,982.74,964.0571428571429,955.1535714285714,False,False,False,True,False,False,False
2023-07-16,60290,15159.0,36.48,57.86,0.0,Sunday,1,0,7,994.77,2023-07-16,928.3,972.03,956.2799999999999,949.1499999999999,False,False,False,True,False,False,False
2023-07-17,60272,15142.0,31.9,62.61,0.0,Monday,0,0,7,960.48,2023-07-17,994.77,971.04,959.5285714285714,952.1742857142857,False,False,False,True,False,False,False
2023-07-18,59897,15191.0,36.14,59.57,22.89,Tuesday,0,0,7,915.1,2023-07-18,960.48,1011.42,958.0199999999999,960.5664285714286,False,False,False,True,False,False,False
2023-07-19,60341,15219.0,33.13,66.37,6.55,Wednesday,0,0,7,999.83,2023-07-19,915.1,959.63,944.26,956.1792857142857,False,False,False,True,False,False,False
2023-07-20,60160,15167.0,30.2,76.55,31.49,Thursday,0,0,7,868.18,2023-07-20,999.83,891.01,950.0028571428571,959.8378571428572,False,False,False,True,False,False,False
2023-07-21,60000,15166.0,34.86,62.4,0.0,Friday,0,0,7,1004.4,2023-07-21,868.18,960.53,946.7414285714286,951.9864285714285,False,False,False,True,False,False,False
2023-07-22,60667,15146.0,31.83,62.47,3.1,Saturday,1,0,7,1037.98,2023-07-22,1004.4,928.3,953.0085714285714,958.5328571428571,False,False,False,True,False,False,False
2023-07-23,60044,15201.0,34.56,61.19,24.83,Sunday,1,0,7,903.04,2023-07-23,1037.98,994.77,968.6771428571429,962.4785714285714,False,False,False,True,False,False,False
2023-07-24,60001,15224.0,38.63,61.22,0.0,Monday,0,0,7,933.25,2023-07-24,903.04,960.48,955.5728571428572,957.5507142857142,False,False,False,True,False,False,False
2023-07-25,60082,15199.0,32.79,63.46,0.0,Tuesday,0,0,7,953.21,2023-07-25,933.25,915.1,951.6828571428572,954.8514285714285,False,False,False,True,False,False,False
2023-07-26,60052,15136.0,33.11,60.65,0.0,Wednesday,0,0,7,896.03,2023-07-26,953.21,999.83,957.1271428571429,950.6935714285713,False,False,False,True,False,False,False
2023-07-27,60344,15163.0,32.97,68.98,10.84,Thursday,0,0,7,933.12,2023-07-27,896.03,868.18,942.2985714285714,946.1507142857143,False,False,False,True,False,False,False
2023-07-28,60279,15201.0,34.22,69.19,0.0,Friday,0,0,7,989.17,2023-07-28,933.12,1004.4,951.5757142857143,949.1585714285715,False,False,False,True,False,False,False
2023-07-29,60193,15176.0,32.24,71.62,0.0,Saturday,1,0,7,974.74,2023-07-29,989.17,1037.98,949.4,951.2042857142858,False,False,False,True,False,False,False
2023-07-30,60527,15219.0,33.06,67.56,0.0,Sunday,1,0,7,987.73,2023-07-30,974.74,903.04,940.3657142857143,954.5214285714286,False,False,False,True,False,False,False
2023-07-31,60411,15158.0,35.75,60.87,0.0,Monday,0,0,7,1036.17,2023-07-31,987.73,933.25,952.4642857142857,954.0185714285715,False,False,False,True,False,False,False
2023-08-01,60344,15150.0,32.28,58.6,10.48,Tuesday,0,0,8,938.93,2023-08-01,1036.17,953.21,967.1671428571428,959.4250000000001,False,False,False,True,False,False,False
2023-08-02,60260,15167.0,32.07,64.88,1.94,Wednesday,0,0,8,897.91,2023-08-02,938.93,896.03,965.1271428571428,961.1271428571429,False,False,False,True,False,False,False
2023-08-03,60059,15198.0,32.01,64.82,0.0,Thursday,0,0,8,923.05,2023-08-03,897.91,933.12,965.3957142857143,953.8471428571429,False,False,False,True,False,False,False
2023-08-04,60590,15120.0,27.26,70.6,26.39,Friday,0,0,8,823.93,2023-08-04,923.05,989.17,963.9571428571428,957.7664285714285,False,False,False,True,False,False,False
2023-08-05,60221,15201.0,31.44,63.34,0.0,Saturday,1,0,8,967.12,2023-08-05,823.93,974.74,940.3514285714285,944.8757142857143,False,False,False,True,False,False,False
2023-08-06,60047,15208.0,33.96,58.58,0.0,Sunday,1,0,8,1003.58,2023-08-06,967.12,987.73,939.2628571428571,939.8142857142858,False,False,False,True,False,False,False
2023-08-07,60390,15164.0,29.34,74.83,0.0,Monday,0,0,8,936.81,2023-08-07,1003.58,1036.17,941.5271428571428,946.9957142857144,False,False,False,True,False,False,False
2023-08-08,60688,15244.0,28.68,65.42,6.79,Tuesday,0,0,8,852.33,2023-08-08,936.81,938.93,927.3328571428572,947.25,False,False,False,True,False,False,False
2023-08-09,60378,15155.0,30.87,57.68,5.5,Wednesday,0,0,8,937.39,2023-08-09,852.33,897.91,914.9614285714287,940.0442857142858,False,False,False,True,False,False,False
2023-08-10,60159,15160.0,30.72,58.84,5.46,Thursday,0,0,8,946.7,2023-08-10,937.39,923.05,920.6014285714284,942.9985714285714,False,False,False,True,False,False,False
2023-08-11,60149,15213.0,32.74,60.89,21.3,Friday,0,0,8,844.29,2023-08-11,946.7,823.93,923.9800000000001,943.9685714285714,False,False,False,True,False,False,False
2023-08-12,60479,15136.0,32.93,74.01,0.0,Saturday,1,0,8,938.96,2023-08-12,844.29,967.12,926.8885714285715,933.6199999999999,False,False,False,True,False,False,False
2023-08-13,60566,15181.0,32.19,60.67,20.02,Sunday,1,0,8,837.24,2023-08-13,938.96,1003.58,922.8657142857144,931.0642857142857,False,False,False,True,False,False,False
2023-08-14,60387,15215.0,34.42,64.09,11.32,Monday,0,0,8,917.47,2023-08-14,837.24,936.81,899.1028571428571,920.3149999999999,False,False,False,True,False,False,False
2023-08-15,60127,15247.0,26.24,70.19,13.75,Tuesday,0,1,8,862.67,2023-08-15,917.47,852.33,896.34,911.8364285714285,False,False,False,True,False,False,False
2023-08-16,60646,15186.0,32.54,62.22,24.56,Wednesday,0,0,8,917.45,2023-08-16,862.67,937.39,897.8171428571428,906.3892857142856,False,False,False,True,False,False,False
2023-08-17,60159,15198.0,34.63,63.64,35.88,Thursday,0,0,8,885.41,2023-08-17,917.45,946.7,894.9685714285715,907.785,False,False,False,True,False,False,False
2023-08-18,60349,15159.0,35.24,69.25,4.93,Friday,0,0,8,930.04,2023-08-18,885.41,844.29,886.2128571428572,905.0964285714286,False,False,False,True,False,False,False
2023-08-19,60235,15216.0,28.57,62.15,40.55,Saturday,1,0,8,793.3,2023-08-19,930.04,938.96,898.4628571428572,912.6757142857142,False,False,False,True,False,False,False
2023-08-20,60029,15156.0,31.54,71.95,13.34,Sunday,1,0,8,975.62,2023-08-20,793.3,837.24,877.6542857142857,900.2600000000001,False,False,False,True,False,False,False
2023-08-21,60775,15154.0,30.94,62.75,0.0,Monday,0,0,8,942.93,2023-08-21,975.62,917.47,897.4228571428572,898.262857142857,False,False,False,True,False,False,False
2023-08-22,60293,15175.0,33.36,75.1,12.8,Tuesday,0,0,8,932.12,2023-08-22,942.93,862.67,901.0599999999998,898.6999999999999,False,False,False,True,False,False,False
2023-08-23,60513,15141.0,31.9,72.6,0.0,Wednesday,0,0,8,954.64,2023-08-23,932.12,917.45,910.9814285714286,904.3992857142857,False,False,False,True,False,False,False
2023-08-24,60296,15148.0,29.39,64.21,0.0,Thursday,0,0,8,947.9,2023-08-24,954.64,885.41,916.2942857142856,905.6314285714286,False,False,False,True,False,False,False
2023-08-25,60160,15194.0,27.79,66.09,0.0,Friday,0,0,8,883.92,2023-08-25,947.9,930.04,925.2214285714284,905.7171428571428,False,False,False,True,False,False,False
2023-08-26,60286,15187.0,32.33,62.46,0.0,Saturday,1,0,8,1019.25,2023-08-26,883.92,793.3,918.632857142857,908.5478571428572,False,False,False,True,False,False,False
2023-08-27,60279,15148.0,28.35,58.46,18.0,Sunday,1,0,8,859.56,2023-08-27,1019.25,975.62,950.9114285714285,914.2828571428571,False,False,False,True,False,False,False
2023-08-28,60672,15204.0,31.22,81.64,0.69,Monday,0,0,8,940.87,2023-08-28,859.56,942.93,934.3314285714285,915.8771428571428,False,False,False,True,False,False,False
2023-08-29,60286,15177.0,27.98,68.43,33.07,Tuesday,0,0,8,809.86,2023-08-29,940.87,932.12,934.0371428571428,917.5485714285714,False,False,False,True,False,False,False
2023-08-30,60252,15204.0,29.27,64.85,0.0,Wednesday,0,0,8,925.14,2023-08-30,809.86,954.64,916.5714285714284,913.7764285714286,False,False,False,True,False,False,False
2023-08-31,60435,15207.0,30.68,73.1,13.27,Thursday,0,0,8,889.49,2023-08-31,925.14,947.9,912.3571428571429,914.3257142857143,False,False,False,True,False,False,False
2023-09-01,60657,15163.0,32.58,57.33,4.42,Friday,0,0,9,916.8,2023-09-01,889.49,883.92,904.0128571428571,914.6171428571428,False,False,False,True,False,False,False
2023-09-02,59618,15206.0,30.65,64.55,7.42,Saturday,1,0,9,872.63,2023-09-02,916.8,1019.25,908.71,913.6714285714287,False,False,False,True,False,False,False
2023-09-03,60602,15205.0,29.73,69.68,0.0,Sunday,1,0,9,918.51,2023-09-03,872.63,859.56,887.7642857142857,919.3378571428572,False,False,False,True,False,False,False
2023-09-04,60263,15175.0,31.14,73.01,8.25,Monday,0,0,9,935.78,2023-09-04,918.51,940.87,896.1857142857143,915.2585714285715,False,False,False,True,False,False,False
2023-09-05,59591,15214.0,30.67,56.43,0.0,Tuesday,0,0,9,967.18,2023-09-05,935.78,809.86,895.4585714285714,914.7478571428571,False,False,False,True,False,False,False
2023-09-06,60365,15203.0,25.77,64.73,8.93,Wednesday,0,0,9,877.73,2023-09-06,967.18,925.14,917.9328571428572,917.2521428571428,False,False,False,True,False,False,False
2023-09-07,60688,15267.0,28.92,64.55,4.07,Thursday,0,0,9,887.02,2023-09-07,877.73,889.49,911.16,911.7585714285714,False,False,False,True,False,False,False
2023-09-08,60109,15170.0,29.26,65.36,10.14,Friday,0,0,9,921.43,2023-09-08,887.02,916.8,910.8071428571428,907.41,False,False,False,True,False,False,False
2023-09-09,59773,15215.0,29.05,58.66,5.71,Saturday,1,0,9,996.72,2023-09-09,921.43,872.63,911.4685714285714,910.0892857142857,False,False,False,True,False,False,False
2023-09-10,60144,15166.0,27.24,70.38,21.35,Sunday,1,0,9,827.29,2023-09-10,996.72,918.51,929.1957142857143,908.4799999999999,False,False,False,True,False,False,False
2023-09-11,60405,15165.0,32.18,67.71,0.0,Monday,0,0,9,954.68,2023-09-11,827.29,935.78,916.1642857142857,906.1750000000001,False,False,False,True,False,False,False
2023-09-12,60506,15199.0,26.8,60.98,16.09,Tuesday,0,0,9,854.96,2023-09-12,954.68,967.18,918.8642857142856,907.1614285714286,False,False,False,True,False,False,False
2023-09-13,60278,15242.0,28.34,63.97,0.0,Wednesday,0,0,9,901.01,2023-09-13,854.96,877.73,902.8328571428572,910.382857142857,False,False,False,True,False,False,False
2023-09-14,60197,15221.0,27.84,58.21,1.85,Thursday,0,0,9,884.24,2023-09-14,901.01,887.02,906.1585714285713,908.6592857142857,False,False,False,True,False,False,False
2023-09-15,60346,15183.0,27.98,66.97,0.0,Friday,0,0,9,908.93,2023-09-15,884.24,921.43,905.7614285714286,908.2842857142857,False,False,False,True,False,False,False
2023-09-16,60120,15164.0,28.2,61.34,0.0,Saturday,1,0,9,884.97,2023-09-16,908.93,996.72,903.9757142857143,907.7221428571429,False,False,False,True,False,False,False
2023-09-17,59948,15204.0,26.47,70.67,15.46,Sunday,1,0,9,897.17,2023-09-17,884.97,827.29,888.0114285714286,908.6035714285714,False,False,False,True,False,False,False
2023-09-18,60390,15158.0,25.05,70.6,14.61,Monday,0,0,9,838.83,2023-09-18,897.17,954.68,897.9942857142858,907.0792857142857,False,False,False,True,False,False,False
2023-09-19,60276,15191.0,28.3,66.27,14.26,Tuesday,0,0,9,870.71,2023-09-19,838.83,854.96,881.4442857142858,900.1542857142857,False,False,False,True,False,False,False
2023-09-20,60308,15168.0,28.77,65.92,0.0,Wednesday,0,0,9,936.23,2023-09-20,870.71,901.01,883.6942857142857,893.2635714285715,False,False,False,True,False,False,False
2023-09-21,60323,15172.0,28.96,64.41,12.9,Thursday,0,0,9,908.3,2023-09-21,936.23,884.24,888.7257142857143,897.4421428571428,False,False,False,True,False,False,False
2023-09-22,60706,15182.0,27.46,65.88,0.0,Friday,0,0,9,888.0,2023-09-22,908.3,908.93,892.1628571428572,898.9621428571429,False,False,False,True,False,False,False
2023-09-23,60392,15182.0,27.22,73.05,11.91,Saturday,1,0,9,885.6,2023-09-23,888.0,884.97,889.1728571428572,896.5742857142858,False,False,False,True,False,False,False
2023-09-24,60366,15233.0,24.56,75.37,11.58,Sunday,1,0,9,908.55,2023-09-24,885.6,897.17,889.2628571428571,888.6371428571429,False,False,False,True,False,False,False
2023-09-25,60459,15202.0,25.7,57.26,3.67,Monday,0,0,9,860.12,2023-09-25,908.55,838.83,890.8885714285714,894.4414285714286,False,False,False,True,False,False,False
2023-09-26,60272,15166.0,27.42,60.45,0.0,Tuesday,0,0,9,919.59,2023-09-26,860.12,870.71,893.9300000000001,887.6871428571428,False,False,False,True,False,False,False
2023-09-27,60128,15171.0,26.82,57.09,3.91,Wednesday,0,0,9,894.34,2023-09-27,919.59,936.23,900.9128571428571,892.3035714285714,False,False,False,True,False,False,False
2023-09-28,60129,15253.0,20.84,64.16,4.14,Thursday,0,0,9,809.1,2023-09-28,894.34,908.3,894.9285714285714,891.8271428571428,False,False,False,True,False,False,False
2023-09-29,60302,15146.0,21.67,68.32,12.4,Friday,0,0,9,867.42,2023-09-29,809.1,888.0,880.7571428571429,886.46,False,False,False,True,False,False,False
2023-09-30,60267,15228.0,26.21,71.23,7.97,Saturday,1,0,9,934.78,2023-09-30,867.42,885.6,877.8171428571429,883.495,False,False,False,True,False,False,False
2023-10-01,60349,15186.0,26.39,63.27,0.0,Sunday,1,0,10,896.62,2023-10-01,934.78,908.55,884.842857142857,887.0528571428573,False,False,False,True,True,False,False
2023-10-02,60209,15238.0,21.35,78.48,6.18,Monday,0,1,10,894.54,2023-10-02,896.62,860.12,883.1385714285715,887.0135714285715,False,False,False,True,True,False,False
2023-10-03,60614,15272.0,22.28,70.08,6.47,Tuesday,0,0,10,872.36,2023-10-03,894.54,919.59,888.0557142857142,890.9928571428572,False,False,False,True,True,False,False
2023-10-04,60507,15211.0,24.24,64.7,0.0,Wednesday,0,0,10,795.3,2023-10-04,872.36,894.34,881.3085714285714,891.1107142857143,False,False,False,True,True,False,False
2023-10-05,60439,15174.0,24.91,70.57,3.09,Thursday,0,0,10,896.94,2023-10-05,795.3,809.1,867.16,881.0442857142858,False,False,False,True,True,False,False
2023-10-06,60717,15241.0,29.88,64.24,4.28,Friday,0,0,10,915.67,2023-10-06,896.94,867.42,879.7085714285714,880.232857142857,False,False,False,True,True,False,False
2023-10-07,60630,15149.0,22.79,69.47,39.97,Saturday,1,0,10,852.26,2023-10-07,915.67,934.78,886.6014285714285,882.2092857142856,False,False,False,True,True,False,False
2023-10-08,60314,15191.0,24.21,70.69,2.35,Sunday,1,0,10,917.85,2023-10-08,852.26,896.62,874.8128571428572,879.8278571428572,False,False,False,True,True,False,False
2023-10-09,60530,15238.0,27.67,68.39,0.0,Monday,0,0,10,919.49,2023-10-09,917.85,894.54,877.8457142857143,880.4921428571428,False,False,False,True,True,False,False
2023-10-10,60212,15195.0,25.56,76.58,0.0,Tuesday,0,0,10,913.01,2023-10-10,919.49,872.36,881.41,884.7328571428571,False,False,False,True,True,False,False
2023-10-11,60438,15244.0,22.82,70.03,2.06,Wednesday,0,0,10,1077.14,2023-10-11,913.01,795.3,887.2171428571428,884.2628571428571,False,False,False,True,True,False,False
2023-10-12,60389,15223.0,24.48,64.8,10.16,Thursday,0,0,10,868.89,2023-10-12,1077.14,896.94,927.4800000000001,897.3199999999999,False,False,False,True,True,False,False
2023-10-13,60152,15310.0,28.14,66.91,21.58,Friday,0,0,10,865.47,2023-10-13,868.89,915.67,923.4728571428572,901.5907142857143,False,False,False,True,True,False,False
2023-10-14,60706,15243.0,27.27,68.21,9.63,Saturday,1,0,10,891.64,2023-10-14,865.47,852.26,916.3014285714286,901.4514285714286,False,False,False,True,True,False,False
2023-10-15,60900,15222.0,25.08,66.06,0.0,Sunday,1,0,10,891.34,2023-10-15,891.64,917.85,921.9271428571429,898.37,False,False,False,True,True,False,False
2023-10-16,60357,15131.0,27.32,64.76,0.0,Monday,0,0,10,868.96,2023-10-16,891.34,919.49,918.1400000000001,897.9928571428571,False,False,False,True,True,False,False
2023-10-17,60639,15229.0,23.29,71.22,9.06,Tuesday,0,0,10,836.78,2023-10-17,868.96,913.01,910.9214285714287,896.1657142857142,False,False,False,True,True,False,False
2023-10-18,60404,15256.0,25.53,63.58,9.61,Wednesday,0,0,10,838.92,2023-10-18,836.78,1077.14,900.0314285714286,893.6242857142859,False,False,False,True,True,False,False
2023-10-19,60658,15170.0,23.72,70.83,0.0,Thursday,0,0,10,819.81,2023-10-19,838.92,868.89,866.0,896.74,False,False,False,True,True,False,False
2023-10-20,61116,15217.0,24.81,63.57,7.39,Friday,0,0,10,884.78,2023-10-20,819.81,865.47,858.9885714285714,891.2307142857144,False,False,False,True,True,False,False
2023-10-21,60550,15221.0,23.97,73.21,0.0,Saturday,1,0,10,901.6,2023-10-21,884.78,891.64,861.7471428571429,889.0242857142857,False,False,False,True,True,False,False
2023-10-22,60446,15190.0,25.37,71.92,0.0,Sunday,1,0,10,938.41,2023-10-22,901.6,891.34,863.17,892.5485714285714,False,False,False,True,True,False,False
2023-10-23,60582,15202.0,24.13,59.14,0.0,Monday,0,1,10,941.51,2023-10-23,938.41,868.96,869.8942857142857,894.0171428571429,False,False,False,True,True,False,False
2023-10-24,60497,15178.0,23.37,64.17,10.68,Tuesday,0,0,10,844.94,2023-10-24,941.51,836.78,880.2585714285714,895.59,False,False,False,True,True,False,False
2023-10-25,60001,15203.0,24.08,66.97,13.45,Wednesday,0,0,10,866.95,2023-10-25,844.94,838.92,881.4242857142857,890.7278571428571,False,False,False,True,True,False,False
2023-10-26,60628,15155.0,21.4,62.6,14.19,Thursday,0,0,10,840.77,2023-10-26,866.95,819.81,885.4285714285714,875.7142857142857,False,False,False,True,True,False,False
2023-10-27,60443,15137.0,21.99,57.52,8.08,Friday,0,0,10,818.19,2023-10-27,840.77,884.78,888.4228571428573,873.7057142857142,False,False,False,True,True,False,False
2023-10-28,60584,15153.0,23.72,64.42,0.0,Saturday,1,0,10,942.59,2023-10-28,818.19,901.6,878.91,870.3285714285714,False,False,False,True,True,False,False
2023-10-29,60277,15185.0,22.11,65.15,0.0,Sunday,1,0,10,910.99,2023-10-29,942.59,938.41,884.7657142857144,873.967857142857,False,False,False,True,True,False,False
2023-10-30,60325,15240.0,23.23,60.34,9.05,Monday,0,0,10,900.9,2023-10-30,910.99,941.51,880.8485714285715,875.3714285714286,False,False,False,True,True,False,False
2023-10-31,60719,15199.0,24.67,68.55,0.0,Tuesday,0,0,10,917.9,2023-10-31,900.9,844.94,875.0471428571428,877.6528571428571,False,False,False,True,True,False,False
2023-11-01,60231,15190.0,23.84,72.89,0.0,Wednesday,0,0,11,916.32,2023-11-01,917.9,866.95,885.47,883.4471428571427,False,False,False,True,True,False,False
2023-11-02,60466,15195.0,21.7,79.18,15.2,Thursday,0,0,11,800.27,2023-11-02,916.32,840.77,892.5228571428571,888.9757142857144,False,False,False,True,True,False,False
2023-11-03,60399,15137.0,25.82,65.72,24.52,Friday,0,0,11,852.27,2023-11-03,800.27,818.19,886.7371428571429,887.5799999999999,False,False,False,True,True,False,False
2023-11-04,60432,15240.0,20.35,72.63,25.17,Saturday,1,0,11,835.97,2023-11-04,852.27,942.59,891.6057142857143,885.2578571428572,False,False,False,True,True,False,False
2023-11-05,60178,15169.0,23.03,71.63,0.0,Sunday,1,0,11,922.53,2023-11-05,835.97,910.99,876.3742857142857,880.5699999999999,False,False,False,True,True,False,False
2023-11-06,60329,15161.0,21.83,71.15,6.02,Monday,0,0,11,892.73,2023-11-06,922.53,900.9,878.0228571428571,879.4357142857143,False,False,False,True,True,False,False
2023-11-07,60350,15303.0,22.41,62.73,5.09,Tuesday,0,0,11,877.27,2023-11-07,892.73,917.9,876.8557142857144,875.9514285714286,False,False,False,True,True,False,False
2023-11-08,60890,15210.0,20.83,63.67,0.0,Wednesday,0,0,11,827.67,2023-11-08,877.27,916.32,871.0514285714286,878.2607142857142,False,False,False,True,True,False,False
2023-11-09,60206,15235.0,20.5,74.13,0.0,Thursday,0,0,11,884.57,2023-11-09,827.67,800.27,858.3871428571429,875.455,False,False,False,True,True,False,False
2023-11-10,60927,15178.0,23.28,70.66,0.0,Friday,0,0,11,880.0,2023-11-10,884.57,852.27,870.4300000000001,878.5835714285714,False,False,False,True,True,False,False
2023-11-11,60107,15173.0,20.37,69.61,5.18,Saturday,1,0,11,859.28,2023-11-11,880.0,835.97,874.3914285714285,882.9985714285714,False,False,False,True,True,False,False
2023-11-12,60359,15207.0,22.32,69.94,0.0,Sunday,1,0,11,929.38,2023-11-12,859.28,922.53,877.7214285714286,877.0478571428572,False,False,False,True,True,False,False
2023-11-13,60524,15228.0,20.92,70.23,0.0,Monday,0,0,11,864.77,2023-11-13,929.38,892.73,878.7,878.3614285714285,False,False,False,True,True,False,False
2023-11-14,60608,15240.0,21.6,60.04,0.0,Tuesday,0,0,11,878.23,2023-11-14,864.77,877.27,874.7057142857142,875.7807142857143,False,False,False,True,True,False,False
2023-11-15,60733,15139.0,21.45,66.79,12.47,Wednesday,0,0,11,871.05,2023-11-15,878.23,827.67,874.8428571428573,872.9471428571429,False,False,False,True,True,False,False
2023-11-16,60564,15166.0,20.23,68.84,0.0,Thursday,0,0,11,926.01,2023-11-16,871.05,884.57,881.04,869.7135714285714,False,False,False,True,True,False,False
2023-11-17,60550,15287.0,19.95,67.0,175.88,Friday,0,0,11,890.45,2023-11-17,926.01,880.0,886.9599999999999,878.695,False,False,False,True,True,False,False
2023-11-18,60350,15183.0,23.66,64.63,0.0,Saturday,1,0,11,863.37,2023-11-18,890.45,859.28,888.452857142857,881.4221428571428,False,False,False,True,True,False,False
2023-11-19,60814,15169.0,24.01,74.88,0.0,Sunday,1,0,11,829.52,2023-11-19,863.37,929.38,889.0371428571428,883.3792857142856,False,False,False,True,True,False,False
2023-11-20,60284,15272.0,19.77,66.39,0.0,Monday,0,0,11,821.82,2023-11-20,829.52,864.77,874.7714285714285,876.7357142857143,False,False,False,True,True,False,False
2023-11-21,60244,15306.0,19.01,80.24,12.66,Tuesday,0,0,11,843.13,2023-11-21,821.82,878.23,868.6357142857142,871.6707142857143,False,False,False,True,True,False,False
2023-11-22,60661,15227.0,20.45,66.58,8.83,Wednesday,0,0,11,847.47,2023-11-22,843.13,871.05,863.6214285714285,869.2321428571429,False,False,False,True,True,False,False
2023-11-23,60190,15242.0,16.24,77.83,0.0,Thursday,0,0,11,913.16,2023-11-23,847.47,926.01,860.2528571428572,870.6464285714285,False,False,False,True,True,False,False
2023-11-24,60366,15205.0,23.87,74.77,0.0,Friday,0,0,11,916.58,2023-11-24,913.16,890.45,858.4171428571428,872.6885714285715,False,False,False,True,True,False,False
2023-11-25,60501,15186.0,18.41,71.69,8.92,Saturday,1,0,11,831.67,2023-11-25,916.58,863.37,862.15,875.3014285714287,False,False,False,True,True,False,False
2023-11-26,60490,15163.0,20.95,77.33,6.47,Sunday,1,0,11,849.66,2023-11-26,831.67,829.52,857.6214285714286,873.3292857142858,False,False,False,True,True,False,False
2023-11-27,60287,15162.0,19.65,72.03,12.22,Monday,0,0,11,885.5,2023-11-27,849.66,821.82,860.4985714285714,867.6350000000001,False,False,False,True,True,False,False
2023-11-28,60673,15208.0,19.52,64.78,22.48,Tuesday,0,0,11,804.33,2023-11-28,885.5,843.13,869.5957142857143,869.1157142857144,False,False,False,True,True,False,False
2023-11-29,60517,15224.0,21.52,78.95,0.0,Wednesday,0,0,11,841.68,2023-11-29,804.33,847.47,864.0528571428571,863.8371428571429,False,False,False,True,True,False,False
2023-11-30,60819,15164.0,21.07,68.66,0.0,Thursday,0,0,11,883.02,2023-11-30,841.68,913.16,863.2257142857143,861.7392857142856,False,False,False,True,True,False,False
2023-12-01,60579,15192.0,21.97,76.2,7.18,Friday,0,0,12,1079.16,2023-12-01,883.02,916.58,858.9200000000001,858.6685714285713,False,False,False,True,False,False,True
2023-12-02,60697,15181.0,21.18,60.29,9.7,Saturday,1,0,12,896.04,2023-12-02,1079.16,831.67,882.1457142857143,872.1478571428571,False,False,False,True,False,False,True
2023-12-03,60481,15201.0,17.33,66.12,21.05,Sunday,1,0,12,920.54,2023-12-03,896.04,849.66,891.3414285714287,874.4814285714285,False,False,False,True,False,False,True
2023-12-04,60326,15221.0,19.55,67.44,0.0,Monday,0,0,12,894.46,2023-12-04,920.54,885.5,901.4671428571429,880.9828571428571,False,False,False,True,False,False,True
2023-12-05,60320,15167.0,19.92,72.35,7.01,Tuesday,0,0,12,862.03,2023-12-05,894.46,804.33,902.7471428571429,886.1714285714286,False,False,False,True,False,False,True
2023-12-06,60249,15224.0,17.48,77.47,4.35,Wednesday,0,0,12,841.91,2023-12-06,862.03,841.68,910.99,887.5214285714285,False,False,False,True,False,False,True
2023-12-07,60162,15168.0,19.71,73.94,0.0,Thursday,0,0,12,883.48,2023-12-07,841.91,883.02,911.0228571428571,887.1242857142857,False,False,False,True,False,False,True
2023-12-08,60620,15190.0,20.71,70.43,15.77,Friday,0,0,12,797.28,2023-12-08,883.48,1079.16,911.0885714285714,885.0042857142856,False,False,False,True,False,False,True
2023-12-09,60268,15189.0,20.15,71.28,0.0,Saturday,1,0,12,942.34,2023-12-09,797.28,896.04,870.8199999999999,876.482857142857,False,False,False,True,False,False,True
2023-12-10,60163,15225.0,21.27,75.89,0.0,Sunday,1,0,12,906.28,2023-12-10,942.34,920.54,877.4342857142857,884.387857142857,False,False,False,True,False,False,True
2023-12-11,60516,15163.0,16.46,80.95,0.0,Monday,0,0,12,864.53,2023-12-11,906.28,894.46,875.3971428571429,888.4321428571428,False,False,False,True,False,False,True
2023-12-12,60031,15181.0,17.57,80.25,0.0,Tuesday,0,0,12,848.31,2023-12-12,864.53,862.03,871.1214285714285,886.9342857142857,False,False,False,True,False,False,True
2023-12-13,60551,15209.0,16.8,83.13,0.0,Wednesday,0,0,12,878.78,2023-12-13,848.31,841.91,869.1614285714286,890.0757142857143,False,False,False,True,False,False,True
2023-12-14,60727,15249.0,18.08,67.06,12.01,Thursday,0,0,12,835.22,2023-12-14,878.78,883.48,874.4285714285714,892.7257142857143,False,False,False,True,False,False,True
2023-12-15,60954,15253.0,22.72,57.72,0.0,Friday,0,0,12,897.34,2023-12-15,835.22,797.28,867.5342857142857,889.3114285714286,False,False,False,True,False,False,True
2023-12-16,60217,15213.0,17.33,6.28,0.0,Saturday,1,0,12,921.16,2023-12-16,897.34,942.34,881.8285714285714,876.3242857142858,False,False,False,True,False,False,True
2023-12-17,60368,15257.0,16.48,72.87,0.0,Sunday,1,0,12,918.85,2023-12-17,921.16,906.28,878.8028571428571,878.1185714285714,False,False,False,True,False,False,True
2023-12-18,60215,15274.0,18.29,65.33,5.19,Monday,0,0,12,856.63,2023-12-18,918.85,864.53,880.5985714285714,877.9978571428572,False,False,False,True,False,False,True
2023-12-19,60594,15208.0,22.23,65.89,15.44,Tuesday,0,0,12,830.07,2023-12-19,856.63,848.31,879.47,875.2957142857142,False,False,False,True,False,False,True
2023-12-20,60479,15196.0,20.06,68.02,0.0,Wednesday,0,0,12,863.69,2023-12-20,830.07,878.78,876.8642857142858,873.0128571428571,False,False,False,True,False,False,True
2023-12-21,60659,15237.0,24.19,68.97,8.92,Thursday,0,0,12,907.32,2023-12-21,863.69,835.22,874.7085714285714,874.5685714285713,False,False,False,True,False,False,True
2023-12-22,60232,15267.0,19.91,65.55,0.0,Friday,0,0,12,912.73,2023-12-22,907.32,897.34,885.0085714285714,876.2714285714285,False,False,False,True,False,False,True
2023-12-23,60185,15181.0,17.55,67.6,0.0,Saturday,1,0,12,865.61,2023-12-23,912.73,921.16,887.2071428571428,884.5178571428571,False,False,False,True,False,False,True
2023-12-24,60840,15280.0,23.12,66.91,0.0,Sunday,1,0,12,927.47,2023-12-24,865.61,918.85,879.2714285714285,879.0371428571428,False,False,False,True,False,False,True
2023-12-25,60748,15248.0,16.29,68.76,2.61,Monday,0,1,12,953.63,2023-12-25,927.47,856.63,880.5028571428572,880.5507142857143,False,False,False,True,False,False,True
2023-12-26,60566,15223.0,20.24,75.63,0.0,Tuesday,0,0,12,1008.32,2023-12-26,953.63,830.07,894.36,886.915,False,False,False,True,False,False,True
2023-12-27,60367,15288.0,17.4,70.48,0.0,Wednesday,0,0,12,837.85,2023-12-27,1008.32,863.69,919.8242857142857,898.3442857142857,False,False,False,True,False,False,True
2023-12-28,60505,15239.0,19.91,65.72,0.0,Thursday,0,0,12,1172.92,2023-12-28,837.85,907.32,916.1328571428572,895.4207142857143,False,False,False,True,False,False,True
2023-12-29,60727,15173.0,22.15,67.91,15.05,Friday,0,0,12,848.8,2023-12-29,1172.92,912.73,954.0757142857144,919.5421428571428,False,False,False,True,False,False,True
2023-12-30,60369,15189.0,21.72,63.87,0.0,Saturday,1,0,12,904.09,2023-12-30,848.8,865.61,944.9428571428572,916.0749999999999,False,False,False,True,False,False,True
2023-12-31,60871,15107.0,19.96,71.34,0.0,Sunday,1,0,12,910.63,2023-12-31,904.09,927.47,950.4400000000002,914.8557142857143,False,False,False,True,False,False,True
2024-01-01,60438,15273.0,20.44,68.2,0.0,Monday,0,1,1,992.29,2024-01-01,910.63,953.63,948.0342857142857,914.2685714285715,False,False,False,True,False,False,True
2024-01-02,60280,15209.0,17.8,68.88,8.92,Tuesday,0,0,1,881.12,2024-01-02,992.29,1008.32,953.5571428571428,923.9585714285714,False,False,False,True,False,False,True
2024-01-03,60643,15218.0,23.1,64.2,0.0,Wednesday,0,0,1,935.1,2024-01-03,881.12,837.85,935.3857142857144,927.6050000000001,False,False,False,True,False,False,True
2024-01-04,60461,15255.0,15.85,72.34,0.0,Thursday,0,0,1,833.0,2024-01-04,935.1,1172.92,949.2785714285714,932.7057142857144,False,False,False,True,False,False,True
2024-01-05,60460,15203.0,22.49,69.44,0.0,Friday,0,0,1,859.79,2024-01-05,833.0,848.8,900.7185714285714,927.397142857143,False,False,False,True,False,False,True
2024-01-06,61022,15203.0,19.14,65.23,0.0,Saturday,1,0,1,948.33,2024-01-06,859.79,904.09,902.2885714285713,923.6157142857144,False,False,False,True,False,False,True
2024-01-07,60358,15195.0,27.26,75.35,25.51,Sunday,1,0,1,789.92,2024-01-07,948.33,910.63,908.6085714285713,929.5242857142857,False,False,False,True,False,False,True
2024-01-08,60563,15255.0,18.81,63.87,21.6,Monday,0,0,1,849.96,2024-01-08,789.92,992.29,891.3642857142856,919.6992857142857,False,False,False,True,False,False,True
2024-01-09,60605,15162.0,20.12,79.72,0.0,Tuesday,0,0,1,943.55,2024-01-09,849.96,881.12,871.0314285714286,912.2942857142858,False,False,False,True,False,False,True
2024-01-10,60410,15191.0,21.14,75.99,11.32,Wednesday,0,0,1,824.28,2024-01-10,943.55,935.1,879.9499999999999,907.6678571428572,False,False,False,True,False,False,True
2024-01-11,60100,15249.0,19.13,76.33,5.79,Thursday,0,0,1,889.28,2024-01-11,824.28,833.0,864.1185714285714,906.6985714285714,False,False,False,True,False,False,True
2024-01-12,60750,15253.0,21.36,72.52,0.0,Friday,0,0,1,926.36,2024-01-12,889.28,859.79,872.1585714285715,886.4385714285714,False,False,False,True,False,False,True
2024-01-13,60401,15173.0,21.27,77.73,0.0,Saturday,1,0,1,904.29,2024-01-13,926.36,948.33,881.6685714285715,891.9785714285715,False,False,False,True,False,False,True
2024-01-14,60605,15238.0,18.05,77.6,0.0,Sunday,1,1,1,949.75,2024-01-14,904.29,789.92,875.3771428571429,891.9928571428571,False,False,False,True,False,False,True
2024-01-15,60426,15233.0,20.94,70.05,0.0,Monday,0,0,1,901.14,2024-01-15,949.75,849.96,898.21,894.7871428571427,False,False,False,True,False,False,True
2024-01-16,60297,15177.0,22.75,74.13,136.19,Tuesday,0,0,1,911.41,2024-01-16,901.14,943.55,905.5214285714285,888.2764285714286,False,False,False,True,False,False,True
2024-01-17,59912,15223.0,27.26,72.41,5.88,Wednesday,0,0,1,844.73,2024-01-17,911.41,824.28,900.9300000000001,890.4399999999999,False,False,False,True,False,False,True
2024-01-18,60610,15231.0,18.83,75.24,0.0,Thursday,0,0,1,926.1,2024-01-18,844.73,889.28,903.8514285714285,883.9849999999999,False,False,False,True,False,False,True
2024-01-19,60494,15214.0,19.86,75.0,0.0,Friday,0,0,1,851.76,2024-01-19,926.1,926.36,909.1114285714286,890.635,False,False,False,True,False,False,True
2024-01-20,60804,15220.0,20.57,73.37,0.0,Saturday,1,0,1,936.65,2024-01-20,851.76,904.29,898.4542857142858,890.0614285714286,False,False,False,True,False,False,True
2024-01-21,60625,15223.0,18.82,62.9,11.21,Sunday,1,0,1,868.03,2024-01-21,936.65,949.75,903.0771428571428,889.2271428571429,False,False,False,True,False,False,True
2024-01-22,60548,15278.0,22.82,65.18,0.0,Monday,0,0,1,883.68,2024-01-22,868.03,901.14,891.4028571428571,894.8064285714287,False,False,False,True,False,False,True
2024-01-23,60962,15220.0,23.26,65.37,0.0,Tuesday,0,0,1,889.07,2024-01-23,883.68,911.41,888.9085714285715,897.2149999999999,False,False,False,True,False,False,True
2024-01-24,60576,15251.0,20.26,70.24,0.0,Wednesday,0,0,1,937.57,2024-01-24,889.07,844.73,885.7171428571428,893.3235714285714,False,False,False,True,False,False,True
2024-01-25,60327,15219.0,26.1,71.24,0.0,Thursday,0,0,1,948.47,2024-01-25,937.57,926.1,898.9800000000001,901.4157142857142,False,False,False,True,False,False,True
2024-01-26,60603,15259.0,21.51,70.32,0.0,Friday,0,1,1,986.95,2024-01-26,948.47,851.76,902.1757142857142,905.6435714285715,False,False,False,True,False,False,True
2024-01-27,60226,15217.0,20.54,65.9,6.49,Saturday,1,0,1,902.01,2024-01-27,986.95,936.65,921.4885714285714,909.9714285714286,False,False,False,True,False,False,True
2024-01-28,60334,15290.0,21.25,77.45,7.05,Sunday,1,0,1,955.87,2024-01-28,902.01,868.03,916.54,909.8085714285716,False,False,False,True,False,False,True
2024-01-29,60591,15258.0,19.86,71.9,28.47,Monday,0,0,1,847.33,2024-01-29,955.87,883.68,929.0885714285714,910.2457142857144,False,False,False,True,False,False,True
2024-01-30,60716,15230.0,18.82,71.16,16.37,Tuesday,0,0,1,799.21,2024-01-30,847.33,889.07,923.8957142857143,906.4021428571428,False,False,False,True,False,False,True
2024-01-31,60500,15167.0,23.61,71.66,15.07,Wednesday,0,0,1,886.67,2024-01-31,799.21,937.57,911.0585714285714,898.3878571428571,False,False,False,True,False,False,True
2024-02-01,60426,15266.0,17.14,78.81,0.0,Thursday,0,0,2,826.01,2024-02-01,886.67,948.47,903.7871428571428,901.3835714285715,False,False,False,True,False,False,True
2024-02-02,60047,15215.0,23.29,67.99,0.0,Friday,0,0,2,924.22,2024-02-02,826.01,986.95,886.2928571428572,894.2342857142858,False,False,False,True,False,False,True
2024-02-03,60820,15225.0,21.97,69.8,23.58,Saturday,1,0,2,865.64,2024-02-03,924.22,902.01,877.3314285714287,899.41,False,False,False,True,False,False,True
2024-02-04,60011,15289.0,20.3,68.82,9.11,Sunday,1,0,2,874.49,2024-02-04,865.64,955.87,872.1357142857144,894.3378571428572,False,False,False,True,False,False,True
2024-02-05,60518,15202.0,20.16,78.53,0.0,Monday,0,0,2,872.3,2024-02-05,874.49,847.33,860.5100000000001,894.7992857142856,False,False,False,True,False,False,True
2024-02-06,60561,15244.0,23.17,69.9,0.0,Tuesday,0,0,2,914.35,2024-02-06,872.3,799.21,864.0771428571427,893.9864285714286,False,False,False,True,False,False,True
2024-02-07,60429,15286.0,21.17,62.48,0.0,Wednesday,0,0,2,924.24,2024-02-07,914.35,886.67,880.5257142857143,895.7921428571428,False,False,False,True,False,False,True
2024-02-08,60264,15208.0,23.23,68.68,0.0,Thursday,0,0,2,880.13,2024-02-08,924.24,826.01,885.8928571428571,894.84,False,False,False,True,False,False,True
2024-02-09,60717,15256.0,22.61,63.7,0.0,Friday,0,0,2,928.52,2024-02-09,880.13,924.22,893.6242857142857,889.9585714285714,False,False,False,True,False,False,True
2024-02-10,60479,15252.0,22.49,59.23,0.0,Saturday,1,0,2,928.54,2024-02-10,928.52,865.64,894.2385714285714,885.785,False,False,False,True,False,False,True
2024-02-11,61206,15245.0,20.35,66.91,0.0,Sunday,1,0,2,964.05,2024-02-11,928.54,874.49,903.2242857142858,887.68,False,False,False,True,False,False,True
2024-02-12,60905,15259.0,22.84,76.29,0.0,Monday,0,0,2,924.0,2024-02-12,964.05,872.3,916.0185714285714,888.2642857142857,False,False,False,True,False,False,True
2024-02-13,60026,15285.0,24.29,56.37,0.0,Tuesday,0,0,2,922.06,2024-02-13,924.0,914.35,923.4042857142857,893.7407142857144,False,False,False,True,False,False,True
2024-02-14,60579,15193.0,23.09,64.27,0.0,Wednesday,0,0,2,947.58,2024-02-14,922.06,924.24,924.5057142857142,902.5157142857142,False,False,False,True,False,False,True
2024-02-15,60936,15228.0,21.21,72.8,0.0,Thursday,0,0,2,901.33,2024-02-15,947.58,880.13,927.84,906.8664285714285,False,False,False,True,False,False,True
2024-02-16,60532,15225.0,20.43,74.64,0.0,Friday,0,0,2,926.31,2024-02-16,901.33,928.52,930.8685714285714,912.2464285714285,False,False,False,True,False,False,True
2024-02-17,60837,15234.0,22.64,63.42,0.0,Saturday,1,0,2,963.17,2024-02-17,926.31,928.54,930.5528571428571,912.3957142857142,False,False,False,True,False,False,True
2024-02-18,60645,15294.0,22.55,62.43,0.0,Sunday,1,0,2,907.47,2024-02-18,963.17,964.05,935.5,919.3621428571429,False,False,False,True,False,False,True
2024-02-19,60588,15217.0,22.43,63.15,0.0,Monday,0,0,2,976.4,2024-02-19,907.47,924.0,927.4171428571428,921.7178571428573,False,False,False,True,False,False,True
2024-02-20,60829,15234.0,26.19,58.2,0.0,Tuesday,0,0,2,926.08,2024-02-20,976.4,922.06,934.9028571428572,929.1535714285714,False,False,False,True,False,False,True
2024-02-21,60585,15244.0,23.55,76.37,0.0,Wednesday,0,0,2,953.29,2024-02-21,926.08,947.58,935.4771428571429,929.9914285714285,False,False,False,True,False,False,True
2024-02-22,60793,15208.0,25.28,69.46,0.0,Thursday,0,0,2,925.87,2024-02-22,953.29,901.33,936.2928571428572,932.0664285714284,False,False,False,True,False,False,True
2024-02-23,60475,15231.0,24.87,65.25,0.0,Friday,0,0,2,917.31,2024-02-23,925.87,926.31,939.7985714285714,935.3335714285714,False,False,False,True,False,False,True
2024-02-24,60559,15313.0,27.26,67.16,0.0,Saturday,1,0,2,918.64,2024-02-24,917.31,963.17,938.5128571428571,934.5328571428571,False,False,False,True,False,False,True
2024-02-25,60328,15287.0,27.1,64.32,0.0,Sunday,1,0,2,977.29,2024-02-25,918.64,907.47,932.1514285714285,933.8257142857144,False,False,False,True,False,False,True
2024-02-26,60327,15241.0,23.68,62.74,0.0,Monday,0,0,2,930.01,2024-02-26,977.29,976.4,942.1257142857143,934.7714285714285,False,False,False,True,False,False,True
2024-02-27,60387,15248.0,23.12,75.28,22.66,Tuesday,0,0,2,880.69,2024-02-27,930.01,926.08,935.4985714285714,935.2007142857143,False,False,False,True,False,False,True
2024-02-28,60545,15227.0,24.22,71.96,170.65,Wednesday,0,0,2,950.77,2024-02-28,880.69,953.29,929.0142857142856,932.2457142857144,False,False,False,True,False,False,True
2024-02-29,60516,15239.0,24.76,76.3,0.0,Thursday,0,0,2,901.03,2024-02-29,950.77,925.87,928.6542857142857,932.4735714285714,False,False,False,True,False,False,True
2024-03-01,60296,15180.0,22.43,69.66,0.0,Friday,0,0,3,959.02,2024-03-01,901.03,917.31,925.1057142857143,932.4521428571428,False,False,False,True,False,True,False
2024-03-02,60384,15214.0,19.7,69.45,0.0,Saturday,1,0,3,938.69,2024-03-02,959.02,918.64,931.0642857142858,934.7885714285715,False,False,False,True,False,True,False
2024-03-03,60374,15236.0,26.52,66.3,0.0,Sunday,1,0,3,983.86,2024-03-03,938.69,977.29,933.9285714285714,933.0400000000001,False,False,False,True,False,True,False
2024-03-04,60351,15224.0,22.59,71.99,20.94,Monday,0,0,3,896.38,2024-03-04,983.86,930.01,934.8671428571428,938.4964285714285,False,False,False,True,False,True,False
2024-03-05,60058,15316.0,24.81,68.99,0.0,Tuesday,0,0,3,938.76,2024-03-05,896.38,880.69,930.0628571428571,932.7807142857143,False,False,False,True,False,True,False
2024-03-06,60559,15212.0,28.72,70.42,0.0,Wednesday,0,0,3,959.45,2024-03-06,938.76,950.77,938.3585714285715,933.6864285714286,False,False,False,True,False,True,False
2024-03-07,60848,15270.0,24.65,62.64,0.0,Thursday,0,0,3,945.75,2024-03-07,959.45,901.03,939.5985714285714,934.1264285714286,False,False,False,True,False,True,False
2024-03-08,60888,15284.0,25.64,67.21,0.0,Friday,0,0,3,986.63,2024-03-08,945.75,959.02,945.9871428571429,935.5464285714286,False,False,False,True,False,True,False
2024-03-09,60744,15290.0,24.55,63.96,0.0,Saturday,1,0,3,998.98,2024-03-09,986.63,938.69,949.9314285714285,940.4978571428572,False,False,False,True,False,True,False
2024-03-10,60904,15239.0,26.45,64.41,0.0,Sunday,1,0,3,977.0,2024-03-10,998.98,983.86,958.5442857142858,946.2364285714285,False,False,False,True,False,True,False
2024-03-11,61241,15258.0,24.64,70.94,0.0,Monday,0,0,3,887.23,2024-03-11,977.0,896.38,957.5642857142858,946.2157142857143,False,False,False,True,False,True,False
2024-03-12,60757,15329.0,26.08,68.33,21.56,Tuesday,0,0,3,866.91,2024-03-12,887.23,938.76,956.2571428571429,943.16,False,False,False,True,False,True,False
2024-03-13,60678,15250.0,27.84,66.25,0.0,Wednesday,0,0,3,911.14,2024-03-13,866.91,959.45,945.9928571428571,942.1757142857142,False,False,False,True,False,True,False
2024-03-14,60630,15338.0,26.04,67.67,16.46,Thursday,0,0,3,897.05,2024-03-14,911.14,945.75,939.0914285714287,939.3450000000001,False,False,False,True,False,True,False
2024-03-15,60501,15222.0,25.94,68.19,0.0,Friday,0,0,3,997.44,2024-03-15,897.05,986.63,932.1342857142857,939.0607142857143,False,False,False,True,False,True,False
2024-03-16,60545,15218.0,26.46,66.57,7.25,Saturday,1,0,3,968.48,2024-03-16,997.44,998.98,933.6785714285714,941.8050000000001,False,False,False,True,False,True,False
2024-03-17,60539,15255.0,26.5,67.59,0.0,Sunday,1,0,3,1000.26,2024-03-17,968.48,977.0,929.3214285714286,943.9328571428571,False,False,False,True,False,True,False
2024-03-18,60333,15221.0,25.41,61.28,0.0,Monday,0,0,3,962.75,2024-03-18,1000.26,887.23,932.6442857142857,945.1042857142858,False,False,False,True,False,True,False
2024-03-19,60746,15236.0,23.45,69.56,0.0,Tuesday,0,0,3,933.04,2024-03-19,962.75,866.91,943.4328571428572,949.845,False,False,False,True,False,True,False
2024-03-20,60038,15305.0,24.49,66.35,0.0,Wednesday,0,0,3,930.48,2024-03-20,933.04,911.14,952.88,949.4364285714285,False,False,False,True,False,True,False
2024-03-21,60424,15267.0,27.76,59.77,0.0,Thursday,0,0,3,926.77,2024-03-21,930.48,897.05,955.6428571428571,947.3671428571428,False,False,False,True,False,True,False
2024-03-22,60684,15239.0,27.99,68.46,0.0,Friday,0,0,3,986.77,2024-03-22,926.77,997.44,959.8885714285714,946.0114285714286,False,False,False,True,False,True,False
2024-03-23,60466,15249.0,28.9,64.55,0.0,Saturday,1,0,3,1053.76,2024-03-23,986.77,968.48,958.3642857142858,946.0214285714285,False,False,False,True,False,True,False
2024-03-24,60557,15248.0,26.28,67.95,0.0,Sunday,1,0,3,939.47,2024-03-24,1053.76,1000.26,970.5471428571428,949.9342857142857,False,False,False,True,False,True,False
2024-03-25,60848,15275.0,27.34,69.5,0.0,Monday,0,0,3,1206.67,2024-03-25,939.47,962.75,961.862857142857,947.2535714285714,False,False,False,True,False,True,False
2024-03-26,60693,15220.0,29.47,67.9,0.0,Tuesday,0,0,3,931.55,2024-03-26,1206.67,933.04,996.7085714285713,970.0707142857143,False,False,False,True,False,True,False
2024-03-27,60603,15212.0,27.66,65.94,15.02,Wednesday,0,0,3,886.39,2024-03-27,931.55,930.48,996.4957142857144,974.6878571428572,False,False,False,True,False,True,False
2024-03-28,60951,15339.0,27.97,66.79,0.0,Thursday,0,0,3,998.65,2024-03-28,886.39,926.77,990.1971428571429,972.9200000000001,False,False,False,True,False,True,False
2024-03-29,60691,15213.0,32.04,72.34,0.0,Friday,0,0,3,1017.21,2024-03-29,998.65,986.77,1000.4657142857143,980.1771428571428,False,False,False,True,False,True,False
2024-03-30,60827,15211.0,23.65,62.16,0.0,Saturday,1,0,3,946.43,2024-03-30,1017.21,1053.76,1004.8142857142857,981.5892857142857,False,False,False,True,False,True,False
2024-03-31,60559,15256.0,25.95,61.12,0.0,Sunday,1,0,3,965.92,2024-03-31,946.43,939.47,989.4814285714285,980.0142857142856,False,False,False,True,False,True,False
2024-04-01,60761,15315.0,28.39,75.44,0.0,Monday,0,0,4,996.8,2024-04-01,965.92,1206.67,993.26,977.5614285714285,False,False,False,True,False,True,False
2024-04-02,60806,15229.0,30.72,63.46,0.0,Tuesday,0,0,4,985.7,2024-04-02,996.8,931.55,963.2785714285712,979.9935714285714,False,False,False,True,False,True,False
2024-04-03,60726,15209.0,32.85,68.54,0.0,Wednesday,0,0,4,952.49,2024-04-03,985.7,886.39,971.0142857142857,983.755,False,False,False,True,False,True,False
2024-04-04,60374,15286.0,30.92,61.99,0.0,Thursday,0,0,4,969.74,2024-04-04,952.49,998.65,980.4571428571428,985.327142857143,False,False,False,True,False,True,False
2024-04-05,60688,15272.0,30.36,61.32,0.0,Friday,0,0,4,947.85,2024-04-05,969.74,1017.21,976.3271428571428,988.3964285714286,False,False,False,True,False,True,False
2024-04-06,60260,15314.0,27.98,69.56,2.83,Saturday,1,0,4,978.51,2024-04-06,947.85,946.43,966.4185714285715,985.6164285714285,False,False,False,True,False,True,False
2024-04-07,60465,15316.0,26.79,69.24,0.0,Sunday,1,0,4,1036.08,2024-04-07,978.51,965.92,971.0014285714286,980.2414285714285,False,False,False,True,False,True,False
2024-04-08,60477,15265.0,28.48,71.53,0.0,Monday,0,0,4,1001.37,2024-04-08,1036.08,996.8,981.0242857142857,987.1421428571429,False,False,False,True,False,True,False
2024-04-09,61197,15183.0,30.11,65.55,12.88,Tuesday,0,0,4,950.57,2024-04-09,1001.37,985.7,981.6771428571429,972.4778571428571,False,False,False,True,False,True,False
2024-04-10,61074,15164.0,33.17,77.02,0.0,Wednesday,0,0,4,992.43,2024-04-10,950.57,952.49,976.6585714285713,973.8364285714285,False,False,False,True,False,True,False
2024-04-11,60868,15319.0,30.33,55.34,0.0,Thursday,0,0,4,1006.6,2024-04-11,992.43,969.74,982.3642857142858,981.4107142857143,False,False,False,True,False,True,False
2024-04-12,60256,15218.0,29.73,72.44,5.26,Friday,0,0,4,1058.68,2024-04-12,1006.6,947.85,987.63,981.9785714285715,False,False,False,True,False,True,False
2024-04-13,60810,15246.0,30.76,60.98,0.0,Saturday,1,0,4,1003.58,2024-04-13,1058.68,978.51,1003.4628571428572,984.9407142857142,False,False,False,True,False,True,False
2024-04-14,60566,15280.0,33.7,61.03,0.0,Sunday,1,0,4,1036.81,2024-04-14,1003.58,1036.08,1007.0442857142856,989.0228571428572,False,False,False,True,False,True,False
2024-04-15,60235,15299.0,30.19,66.46,0.0,Monday,0,0,4,962.49,2024-04-15,1036.81,1001.37,1007.1485714285712,994.0864285714287,False,False,False,True,False,True,False
2024-04-16,60640,15267.0,30.4,62.13,0.0,Tuesday,0,0,4,975.12,2024-04-16,962.49,950.57,1001.5942857142857,991.6357142857142,False,False,False,True,False,True,False
2024-04-17,60502,15230.0,28.45,63.05,0.0,Wednesday,0,0,4,931.05,2024-04-17,975.12,992.43,1005.1014285714285,990.88,False,False,False,True,False,True,False
2024-04-18,60957,15253.0,27.87,55.32,23.27,Thursday,0,0,4,947.22,2024-04-18,931.05,1006.6,996.3328571428572,989.3485714285714,False,False,False,True,False,True,False
2024-04-19,60630,15220.0,34.27,61.54,0.0,Friday,0,0,4,1002.05,2024-04-19,947.22,1058.68,987.85,987.7399999999999,False,False,False,True,False,True,False
2024-04-20,60794,15280.0,29.4,66.05,0.0,Saturday,1,0,4,987.64,2024-04-20,1002.05,1003.58,979.76,991.6114285714286,False,False,False,True,False,True,False
2024-04-21,60647,15320.0,27.88,69.88,0.0,Sunday,1,0,4,982.37,2024-04-21,987.64,1036.81,977.4828571428571,992.2635714285715,False,False,False,True,False,True,False
2024-04-22,60596,15355.0,31.8,61.36,0.0,Monday,0,0,4,987.19,2024-04-22,982.37,962.49,969.7057142857142,988.4271428571428,False,False,False,True,False,True,False
2024-04-23,60581,15279.0,31.26,65.47,0.0,Tuesday,0,0,4,925.11,2024-04-23,987.19,975.12,973.2342857142856,987.4142857142857,False,False,False,True,False,True,False
2024-04-24,60481,15218.0,29.29,62.87,0.0,Wednesday,0,0,4,983.74,2024-04-24,925.11,931.05,966.09,985.5957142857143,False,False,False,True,False,True,False
2024-04-25,60555,15321.0,30.32,55.77,0.0,Thursday,0,0,4,986.37,2024-04-25,983.74,947.22,973.6171428571428,984.975,False,False,False,True,False,True,False
2024-04-26,60961,15262.0,28.86,61.36,0.0,Friday,0,0,4,1002.72,2024-04-26,986.37,1002.05,979.21,983.53,False,False,False,True,False,True,False
2024-04-27,60321,15271.0,31.89,67.63,0.0,Saturday,1,0,4,1020.74,2024-04-27,1002.72,987.64,979.3057142857143,979.5328571428572,False,False,False,True,False,True,False
2024-04-28,60903,15313.0,34.55,70.11,21.47,Sunday,1,0,4,1040.74,2024-04-28,1020.74,982.37,984.0342857142857,980.7585714285714,False,False,False,True,False,True,False
2024-04-29,61254,15233.0,49.35,71.42,0.0,Monday,0,0,4,924.14,2024-04-29,1040.74,987.19,992.3728571428572,981.0392857142857,False,False,False,True,False,True,False
2024-04-30,60754,15289.0,31.18,65.49,0.0,Tuesday,0,0,4,1048.97,2024-04-30,924.14,925.11,983.3657142857144,978.3000000000001,False,False,False,True,False,True,False
2024-05-01,60863,15317.0,29.32,66.6,8.23,Wednesday,0,0,5,1067.14,2024-05-01,1048.97,983.74,1001.0600000000001,983.575,False,False,False,True,False,True,False
2024-05-02,61249,15245.0,33.21,73.19,0.0,Thursday,0,0,5,995.1,2024-05-02,1067.14,986.37,1012.9742857142858,993.2957142857142,False,False,False,True,False,True,False
2024-05-03,60165,15241.0,30.67,62.8,10.32,Friday,0,0,5,963.62,2024-05-03,995.1,1002.72,1014.2214285714286,996.7157142857143,False,False,False,True,False,True,False
2024-05-04,61003,15259.0,33.68,66.91,0.0,Saturday,1,0,5,1044.64,2024-05-04,963.62,1020.74,1008.6357142857144,993.9707142857143,False,False,False,True,False,True,False
2024-05-05,60355,15298.0,30.32,62.91,15.53,Sunday,1,0,5,923.69,2024-05-05,1044.64,1040.74,1012.0500000000001,998.0421428571428,False,False,False,True,False,True,False
2024-05-06,60772,15291.0,32.57,62.13,0.0,Monday,0,0,5,998.67,2024-05-06,923.69,924.14,995.3285714285715,993.8507142857144,False,False,False,True,False,True,False
2024-05-07,60820,15226.0,32.33,57.66,0.0,Tuesday,0,0,5,991.72,2024-05-07,998.67,1048.97,1005.9757142857144,994.6707142857143,False,False,False,True,False,True,False
2024-05-08,60761,15231.0,28.48,66.29,0.0,Wednesday,0,0,5,995.99,2024-05-08,991.72,1067.14,997.7971428571428,999.4285714285714,False,False,False,True,False,True,False
2024-05-09,61235,15237.0,33.23,60.51,0.0,Thursday,0,0,5,997.78,2024-05-09,995.99,995.1,987.6328571428572,1000.3035714285714,False,False,False,True,False,True,False
2024-05-10,60933,15296.0,34.46,60.56,7.64,Friday,0,0,5,987.08,2024-05-10,997.78,963.62,988.0157142857144,1001.1185714285714,False,False,False,True,False,True,False
2024-05-11,60752,15298.0,30.84,57.41,0.0,Saturday,1,0,5,1063.97,2024-05-11,987.08,1044.64,991.3671428571428,1000.0014285714286,False,False,False,True,False,True,False
2024-05-12,60884,15214.0,31.29,65.48,0.0,Sunday,1,0,5,958.98,2024-05-12,1063.97,923.69,994.1285714285715,1003.0892857142857,False,False,False,True,False,True,False
2024-05-13,60531,15260.0,31.79,58.42,0.0,Monday,0,0,5,984.25,2024-05-13,958.98,998.67,999.17,997.2492857142859,False,False,False,True,False,True,False
2024-05-14,60558,15265.0,34.32,63.23,3.11,Tuesday,0,0,5,967.84,2024-05-14,984.25,991.72,997.1099999999999,1001.5428571428572,False,False,False,True,False,True,False
2024-05-15,61166,15294.0,28.45,73.57,13.73,Wednesday,0,0,5,964.62,2024-05-15,967.84,995.99,993.6985714285714,995.7478571428572,False,False,False,True,False,True,False
2024-05-16,60316,15284.0,30.05,74.71,0.0,Thursday,0,0,5,974.63,2024-05-16,964.62,997.78,989.2171428571428,988.4250000000001,False,False,False,True,False,True,False
2024-05-17,60772,15289.0,31.52,67.23,0.0,Friday,0,0,5,1025.43,2024-05-17,974.63,987.08,985.91,986.9628571428573,False,False,False,True,False,True,False
2024-05-18,60665,15247.0,37.57,68.16,23.08,Saturday,1,0,5,979.45,2024-05-18,1025.43,1063.97,991.3885714285715,991.3778571428572,False,False,False,True,False,True,False
2024-05-19,60386,15350.0,35.33,64.26,16.64,Sunday,1,0,5,1027.06,2024-05-19,979.45,958.98,979.3142857142857,986.7214285714286,False,False,False,True,False,True,False
2024-05-20,60569,15305.0,36.93,59.24,21.61,Monday,0,0,5,921.95,2024-05-20,1027.06,984.25,989.0400000000001,994.1049999999999,False,False,False,True,False,True,False
2024-05-21,61215,15245.0,32.39,65.13,0.0,Tuesday,0,0,5,926.1,2024-05-21,921.95,967.84,980.1400000000001,988.625,False,False,False,True,False,True,False
2024-05-22,60741,15288.0,32.9,71.91,0.0,Wednesday,0,0,5,955.41,2024-05-22,926.1,964.62,974.1771428571429,983.9378571428572,False,False,False,True,False,True,False
2024-05-23,60146,15270.0,33.09,63.69,0.0,Thursday,0,0,5,951.57,2024-05-23,955.41,974.63,972.8614285714286,981.0392857142858,False,False,False,True,False,True,False
2024-05-24,61044,15261.0,31.43,56.08,0.0,Friday,0,0,5,1017.15,2024-05-24,951.57,1025.43,969.5671428571429,977.7385714285714,False,False,False,True,False,True,False
2024-05-25,60093,15281.0,33.88,61.52,0.0,Saturday,1,0,5,1241.05,2024-05-25,1017.15,979.45,968.3842857142857,979.8864285714286,False,False,False,True,False,True,False
2024-05-26,60697,15253.0,31.88,55.47,0.0,Sunday,1,0,5,1047.88,2024-05-26,1241.05,1027.06,1005.7557142857142,992.5350000000001,False,False,False,True,False,True,False
2024-05-27,60613,15320.0,35.49,71.85,0.0,Monday,0,0,5,1011.85,2024-05-27,1047.88,921.95,1008.7299999999999,998.885,False,False,False,True,False,True,False
2024-05-28,60572,15297.0,36.37,57.54,0.0,Tuesday,0,0,5,985.07,2024-05-28,1011.85,926.1,1021.5728571428572,1000.8564285714285,False,False,False,True,False,True,False
2024-05-29,60664,15291.0,37.6,64.61,6.0,Wednesday,0,0,5,981.97,2024-05-29,985.07,955.41,1029.9971428571428,1002.0871428571428,False,False,False,True,False,True,False
2024-05-30,60488,15282.0,28.75,65.15,0.0,Thursday,0,0,5,929.56,2024-05-30,981.97,951.57,1033.7914285714285,1003.3264285714286,False,False,False,True,False,True,False
2024-05-31,60987,15320.0,32.55,67.12,7.96,Friday,0,0,5,1025.18,2024-05-31,929.56,1017.15,1030.6471428571429,1000.1071428571429,False,False,False,True,False,True,False
2024-06-01,60760,15246.0,36.37,61.08,0.0,Saturday,1,0,6,1027.76,2024-06-01,1025.18,1241.05,1031.7942857142857,1000.0892857142857,False,False,False,True,False,False,False
2024-06-02,60557,15311.0,33.52,66.91,0.0,Sunday,1,0,6,1150.76,2024-06-02,1027.76,1047.88,1001.3242857142858,1003.5400000000001,False,False,False,True,False,False,False
2024-06-03,60822,15303.0,32.79,61.79,0.0,Monday,0,0,6,937.12,2024-06-03,1150.76,1011.85,1016.0214285714286,1012.3757142857143,False,False,False,True,False,False,False
2024-06-04,60508,15305.0,31.12,62.31,0.0,Tuesday,0,0,6,961.46,2024-06-04,937.12,985.07,1005.3457142857143,1013.4592857142858,False,False,False,True,False,False,False
2024-06-05,60925,15263.0,32.83,66.91,0.0,Wednesday,0,0,6,979.25,2024-06-05,961.46,981.97,1001.9728571428572,1015.9849999999999,False,False,False,True,False,False,False
2024-06-06,60672,15308.0,32.48,69.41,0.0,Thursday,0,0,6,1000.14,2024-06-06,979.25,929.56,1001.5842857142858,1017.6878571428571,False,False,False,True,False,False,False
2024-06-07,61006,15241.0,36.89,58.79,5.31,Friday,0,0,6,932.72,2024-06-07,1000.14,1025.18,1011.6671428571428,1021.157142857143,False,False,False,True,False,False,False
2024-06-08,60448,15230.0,36.28,56.69,0.0,Saturday,1,0,6,999.84,2024-06-08,932.72,1027.76,998.4585714285714,1015.1264285714286,False,False,False,True,False,False,False
2024-06-09,60974,15325.0,32.32,71.36,5.11,Sunday,1,0,6,977.77,2024-06-09,999.84,1150.76,994.47,997.8971428571429,False,False,False,True,False,False,False
2024-06-10,60511,15289.0,28.69,67.38,5.57,Monday,0,0,6,974.77,2024-06-10,977.77,937.12,969.7571428571429,992.8892857142857,False,False,False,True,False,False,False
2024-06-11,60681,15257.0,35.49,72.15,0.0,Tuesday,0,0,6,937.48,2024-06-11,974.77,961.46,975.1357142857142,990.2407142857144,False,False,False,True,False,False,False
2024-06-12,60863,15267.0,32.23,60.14,0.0,Wednesday,0,0,6,922.99,2024-06-12,937.48,979.25,971.71,986.8414285714287,False,False,False,True,False,False,False
2024-06-13,60747,15267.0,31.87,69.9,0.0,Thursday,0,0,6,979.26,2024-06-13,922.99,1000.14,963.6728571428572,982.6285714285715,False,False,False,True,False,False,False
2024-06-14,60766,15326.0,31.7,60.93,0.0,Friday,0,0,6,1088.6,2024-06-14,979.26,932.72,960.6899999999999,986.1785714285714,False,False,False,True,False,False,False
2024-06-15,60901,15306.0,34.14,69.03,0.0,Saturday,1,0,6,1033.14,2024-06-15,1088.6,999.84,982.9585714285714,990.7085714285713,False,False,False,True,False,False,False
2024-06-16,60983,15243.0,31.82,59.73,0.0,Sunday,1,0,6,1024.48,2024-06-16,1033.14,977.77,987.7157142857143,991.0928571428573,False,False,False,True,False,False,False
2024-06-17,61209,15294.0,34.24,62.7,0.0,Monday,0,0,6,1001.9,2024-06-17,1024.48,974.77,994.3885714285714,982.0728571428572,False,False,False,True,False,False,False
2024-06-18,60428,15230.0,32.52,67.28,0.0,Tuesday,0,0,6,1018.01,2024-06-18,1001.9,937.48,998.2642857142857,986.6999999999999,False,False,False,True,False,False,False
2024-06-19,61003,15255.0,36.37,69.63,0.0,Wednesday,0,0,6,1014.94,2024-06-19,1018.01,922.99,1009.7685714285714,990.7392857142858,False,False,False,True,False,False,False
2024-06-20,60863,15330.0,35.95,65.54,2.83,Thursday,0,0,6,954.97,2024-06-20,1014.94,979.26,1022.9042857142857,993.2885714285715,False,False,False,True,False,False,False
2024-06-21,61015,15285.0,28.99,60.87,6.34,Friday,0,0,6,903.28,2024-06-21,954.97,1088.6,1019.4342857142857,990.0621428571428,False,False,False,True,False,False,False
2024-06-22,60845,15313.0,32.68,68.34,0.0,Saturday,1,0,6,934.47,2024-06-22,903.28,1033.14,992.96,987.9592857142858,False,False,False,True,False,False,False
2024-06-23,60287,15256.0,32.43,64.22,20.01,Sunday,1,0,6,982.05,2024-06-23,934.47,1024.48,978.8642857142858,983.29,False,False,False,True,False,False,False
2024-06-24,61004,15171.0,37.03,69.22,43.13,Monday,0,0,6,912.87,2024-06-24,982.05,1001.9,972.8028571428571,983.5957142857143,False,False,False,True,False,False,False
2024-06-25,60802,15246.0,34.76,65.25,0.0,Tuesday,0,0,6,985.82,2024-06-25,912.87,1018.01,960.0842857142858,979.1742857142856,False,False,False,True,False,False,False
2024-06-26,60644,15320.0,35.92,66.83,0.0,Wednesday,0,0,6,1033.62,2024-06-26,985.82,1014.94,955.4857142857144,982.6271428571428,False,False,False,True,False,False,False
2024-06-27,60829,15325.0,31.18,58.19,0.0,Thursday,0,0,6,912.39,2024-06-27,1033.62,954.97,958.1542857142857,990.5292857142857,False,False,False,True,False,False,False
2024-06-28,60614,15340.0,33.05,56.7,8.75,Friday,0,0,6,943.33,2024-06-28,912.39,903.28,952.0714285714286,985.7528571428571,False,False,False,True,False,False,False
2024-06-29,60394,15230.0,34.84,60.4,0.0,Saturday,1,0,6,977.45,2024-06-29,943.33,934.47,957.7928571428572,975.3764285714285,False,False,False,True,False,False,False
2024-06-30,60723,15316.0,30.54,67.1,0.0,Sunday,1,0,6,1038.95,2024-06-30,977.45,982.05,963.9328571428571,971.3985714285715,False,False,False,True,False,False,False
2024-07-01,60794,15276.0,34.68,62.29,33.46,Monday,0,0,7,903.94,2024-07-01,1038.95,912.87,972.0614285714286,972.4321428571429,False,False,False,True,False,False,False
2024-07-02,60848,15204.0,32.5,58.51,9.49,Tuesday,0,0,7,953.43,2024-07-02,903.94,985.82,970.7857142857143,965.4350000000001,False,False,False,True,False,False,False
2024-07-03,60446,15307.0,36.54,55.47,0.0,Wednesday,0,0,7,997.17,2024-07-03,953.43,1033.62,966.1585714285713,960.8221428571429,False,False,False,True,False,False,False
2024-07-04,61113,15315.0,34.59,67.67,10.62,Thursday,0,0,7,981.71,2024-07-04,997.17,912.39,960.9514285714286,959.5528571428571,False,False,False,True,False,False,False
2024-07-05,60737,15249.0,35.21,69.47,9.02,Friday,0,0,7,987.81,2024-07-05,981.71,943.33,970.8542857142857,961.4628571428573,False,False,False,True,False,False,False
2024-07-06,60636,15182.0,36.02,63.17,0.0,Saturday,1,0,7,1042.16,2024-07-06,987.81,977.45,977.2085714285714,967.5007142857143,False,False,False,True,False,False,False
2024-07-07,60600,15278.0,34.66,67.95,0.0,Sunday,1,0,7,1020.97,2024-07-07,1042.16,1038.95,986.4528571428572,975.1928571428572,False,False,False,True,False,False,False
2024-07-08,60980,15257.0,36.48,63.79,0.0,Monday,0,0,7,948.16,2024-07-08,1020.97,903.94,983.8842857142857,977.972857142857,False,False,False,True,False,False,False
2024-07-09,60690,15288.0,30.26,63.36,0.0,Tuesday,0,0,7,962.97,2024-07-09,948.16,953.43,990.2014285714286,980.4935714285714,False,False,False,True,False,False,False
2024-07-10,60099,15277.0,30.65,60.14,0.0,Wednesday,0,0,7,894.37,2024-07-10,962.97,997.17,991.5642857142858,978.8614285714286,False,False,False,True,False,False,False
2024-07-11,60636,15268.0,31.56,66.55,0.0,Thursday,0,0,7,897.3,2024-07-11,894.37,981.71,976.8785714285715,968.915,False,False,False,True,False,False,False
2024-07-12,60468,15306.0,31.11,62.85,0.0,Friday,0,0,7,937.22,2024-07-12,897.3,987.81,964.8199999999999,967.8371428571429,False,False,False,True,False,False,False
2024-07-13,60478,15304.0,34.32,77.24,23.82,Saturday,1,0,7,881.69,2024-07-13,937.22,1042.16,957.592857142857,967.4007142857143,False,False,False,True,False,False,False
2024-07-14,61214,15380.0,32.0,61.82,0.0,Sunday,1,0,7,991.31,2024-07-14,881.69,1020.97,934.6685714285715,960.5607142857143,False,False,False,True,False,False,False
2024-07-15,60927,15388.0,35.94,72.32,0.0,Monday,0,0,7,986.4,2024-07-15,991.31,948.16,930.4314285714285,957.1578571428571,False,False,False,True,False,False,False
2024-07-16,60921,15268.0,32.31,62.6,14.09,Tuesday,0,0,7,977.49,2024-07-16,986.4,962.97,935.8942857142857,963.0478571428572,False,False,False,True,False,False,False
2024-07-17,60890,15310.0,33.03,68.99,6.13,Wednesday,0,0,7,939.36,2024-07-17,977.49,894.37,937.9685714285714,964.7664285714285,False,False,False,True,False,False,False
2024-07-18,60751,15249.0,34.11,70.82,0.0,Thursday,0,0,7,999.92,2024-07-18,939.36,897.3,944.3957142857142,960.6371428571429,False,False,False,True,False,False,False
2024-07-19,60518,15365.0,28.26,66.48,0.0,Friday,0,0,7,994.96,2024-07-19,999.92,937.22,959.0557142857142,961.9378571428571,False,False,False,True,False,False,False
2024-07-20,61414,15296.0,31.53,56.41,0.0,Saturday,1,0,7,961.13,2024-07-20,994.96,881.69,967.3042857142857,962.4485714285714,False,False,False,True,False,False,False
2024-07-21,61084,15332.0,31.77,62.59,0.0,Sunday,1,0,7,922.27,2024-07-21,961.13,991.31,978.6528571428571,956.6607142857143,False,False,False,True,False,False,False
2024-07-22,60997,15308.0,33.3,60.64,1.35,Monday,0,0,7,969.26,2024-07-22,922.27,986.4,968.7900000000001,949.6107142857144,False,False,False,True,False,False,False
2024-07-23,60779,15278.0,33.94,57.8,0.0,Tuesday,0,0,7,983.39,2024-07-23,969.26,977.49,966.3414285714285,951.1178571428572,False,False,False,True,False,False,False
2024-07-24,60782,15304.0,29.27,57.64,0.0,Wednesday,0,0,7,924.47,2024-07-24,983.39,939.36,967.1842857142857,952.5764285714286,False,False,False,True,False,False,False
2024-07-25,60924,15262.0,27.9,74.88,0.0,Thursday,0,0,7,973.59,2024-07-25,924.47,999.92,965.0571428571429,954.7264285714285,False,False,False,True,False,False,False
2024-07-26,60764,15253.0,32.53,62.77,0.0,Friday,0,0,7,978.71,2024-07-26,973.59,994.96,961.2957142857142,960.1757142857142,False,False,False,True,False,False,False
2024-07-27,60148,15234.0,36.77,60.81,10.35,Saturday,1,0,7,923.56,2024-07-27,978.71,961.13,958.9742857142857,963.1392857142857,False,False,False,True,False,False,False
2024-07-28,61101,15298.0,33.33,62.3,0.0,Sunday,1,0,7,1020.82,2024-07-28,923.56,922.27,953.6071428571429,966.13,False,False,False,True,False,False,False
2024-07-29,60855,15315.0,31.22,72.57,15.58,Monday,0,0,7,952.61,2024-07-29,1020.82,969.26,967.6857142857142,968.2378571428571,False,False,False,True,False,False,False
2024-07-30,60768,15341.0,28.91,64.74,0.0,Tuesday,0,0,7,957.23,2024-07-30,952.61,983.39,965.3071428571429,965.8242857142858,False,False,False,True,False,False,False
2024-07-31,60787,15274.0,32.23,66.26,0.0,Wednesday,0,0,7,996.22,2024-07-31,957.23,924.47,961.5699999999999,964.3771428571429,False,False,False,True,False,False,False
2024-08-01,60797,15217.0,31.76,68.01,13.06,Thursday,0,0,8,913.04,2024-08-01,996.22,973.59,971.8199999999999,968.4385714285714,False,False,False,True,False,False,False
2024-08-02,60990,15254.0,28.8,68.4,0.0,Friday,0,0,8,868.87,2024-08-02,913.04,978.71,963.17,962.2328571428571,False,False,False,True,False,False,False
2024-08-03,61388,15291.0,37.08,58.34,5.39,Saturday,1,0,8,931.44,2024-08-03,868.87,923.56,947.4785714285714,953.2264285714285,False,False,False,True,False,False,False
2024-08-04,60832,13308.5,30.99,72.43,0.0,Sunday,1,0,8,959.64,2024-08-04,931.44,1020.82,948.6042857142858,951.1057142857143,False,False,False,True,False,False,False
2024-08-05,60388,15310.0,31.74,63.0,0.0,Monday,0,0,8,937.58,2024-08-05,959.64,952.61,939.8642857142858,953.775,False,False,False,True,False,False,False
2024-08-06,61219,15334.0,31.0,56.4,38.36,Tuesday,0,0,8,871.89,2024-08-06,937.58,957.23,937.7171428571428,951.5121428571429,False,False,False,True,False,False,False
2024-08-07,60723,15292.0,32.17,65.12,0.0,Wednesday,0,0,8,912.29,2024-08-07,871.89,996.22,925.5257142857143,943.5478571428572,False,False,False,True,False,False,False
2024-08-08,60363,15273.0,31.29,67.06,6.73,Thursday,0,0,8,861.11,2024-08-08,912.29,913.04,913.5357142857143,942.6778571428573,False,False,False,True,False,False,False
2024-08-09,60575,15291.0,32.46,67.13,0.0,Friday,0,0,8,971.08,2024-08-09,861.11,868.87,906.1171428571428,934.6435714285715,False,False,False,True,False,False,False
2024-08-10,61121,15354.0,34.62,56.45,1.86,Saturday,1,0,8,1039.19,2024-08-10,971.08,931.44,920.7185714285715,934.0985714285714,False,False,False,True,False,False,False
2024-08-11,60699,15322.0,30.21,65.62,0.94,Sunday,1,0,8,1041.37,2024-08-11,1039.19,959.64,936.1114285714285,942.3578571428571,False,False,False,True,False,False,False
2024-08-12,60847,15303.0,30.4,65.65,0.53,Monday,0,0,8,985.55,2024-08-12,1041.37,937.58,947.7871428571428,943.8257142857144,False,False,False,True,False,False,False
2024-08-13,60705,15356.0,29.58,67.78,5.85,Tuesday,0,0,8,939.61,2024-08-13,985.55,871.89,954.6400000000001,946.1785714285714,False,False,False,True,False,False,False
2024-08-14,61030,15331.0,29.7,57.1,17.95,Wednesday,0,0,8,941.47,2024-08-14,939.61,912.29,964.3142857142857,944.9200000000001,False,False,False,True,False,False,False
2024-08-15,61005,15294.0,26.75,66.24,0.44,Thursday,0,1,8,992.97,2024-08-15,941.47,861.11,968.4828571428571,941.0092857142856,False,False,False,True,False,False,False
2024-08-16,60748,15304.0,30.24,58.65,2.47,Friday,0,0,8,918.9,2024-08-16,992.97,971.08,987.32,946.7185714285714,False,False,False,True,False,False,False
2024-08-17,60946,15316.0,26.11,69.99,9.26,Saturday,1,0,8,982.82,2024-08-17,918.9,1039.19,979.8657142857143,950.2921428571428,False,False,False,True,False,False,False
2024-08-18,60774,15317.0,30.72,63.96,30.14,Sunday,1,0,8,894.1,2024-08-18,982.82,1041.37,971.8128571428571,953.9621428571429,False,False,False,True,False,False,False
2024-08-19,60634,15339.0,27.33,78.87,2.45,Monday,0,0,8,888.37,2024-08-19,894.1,985.55,950.7742857142857,949.2807142857143,False,False,False,True,False,False,False
2024-08-20,60440,15297.0,26.17,64.37,6.57,Tuesday,0,0,8,896.94,2024-08-20,888.37,939.61,936.8914285714285,945.7657142857142,False,False,False,True,False,False,False
2024-08-21,60909,15352.0,29.31,67.58,0.0,Wednesday,0,0,8,968.71,2024-08-21,896.94,941.47,930.7957142857143,947.5550000000001,False,False,False,True,False,False,False
2024-08-22,61018,15276.0,29.06,64.28,0.0,Thursday,0,0,8,890.07,2024-08-22,968.71,992.97,934.6871428571429,951.5849999999999,False,False,False,True,False,False,False
2024-08-23,60661,15309.0,28.22,67.77,0.0,Friday,0,0,8,943.89,2024-08-23,890.07,918.9,919.9871428571429,953.6535714285716,False,False,False,True,False,False,False
2024-08-24,61261,15311.0,27.55,65.69,0.0,Saturday,1,0,8,921.08,2024-08-24,943.89,982.82,923.5571428571429,951.7114285714287,False,False,False,True,False,False,False
2024-08-25,60747,15285.0,30.24,61.01,0.0,Sunday,1,0,8,990.64,2024-08-25,921.08,894.1,914.737142857143,943.275,False,False,False,True,False,False,False
2024-08-26,60974,15290.0,26.76,65.48,0.87,Monday,0,0,8,872.38,2024-08-26,990.64,888.37,928.5285714285714,939.6514285714285,False,False,False,True,False,False,False
2024-08-27,61161,15326.0,31.59,67.48,10.5,Tuesday,0,0,8,877.74,2024-08-27,872.38,896.94,926.2442857142858,931.5678571428572,False,False,False,True,False,False,False
2024-08-28,60573,15352.0,30.38,71.41,6.42,Wednesday,0,0,8,864.42,2024-08-28,877.74,968.71,923.5014285714286,927.1485714285715,False,False,False,True,False,False,False
2024-08-29,60723,15335.0,29.5,55.23,10.98,Thursday,0,0,8,835.37,2024-08-29,864.42,890.07,908.602857142857,921.6450000000001,False,False,False,True,False,False,False
2024-08-30,60577,15270.0,28.01,67.16,0.0,Friday,0,0,8,855.29,2024-08-30,835.37,943.89,900.7885714285715,910.3878571428571,False,False,False,True,False,False,False
2024-08-31,60745,15277.0,28.59,64.55,8.31,Saturday,1,0,8,933.59,2024-08-31,855.29,921.08,888.1314285714286,905.8442857142857,False,False,False,True,False,False,False
2024-09-01,61230,15309.0,27.85,59.43,0.0,Sunday,1,0,9,910.75,2024-09-01,933.59,990.64,889.9185714285713,902.3278571428572,False,False,False,True,False,False,False
2024-09-02,61530,15303.0,25.64,70.88,13.11,Monday,0,0,9,865.06,2024-09-02,910.75,872.38,878.5057142857142,903.517142857143,False,False,False,True,False,False,False
2024-09-03,61113,15353.0,27.61,62.41,0.0,Tuesday,0,0,9,924.48,2024-09-03,865.06,877.74,877.46,901.8521428571429,False,False,False,True,False,False,False
2024-09-04,60673,15333.0,26.55,68.44,11.31,Wednesday,0,0,9,846.27,2024-09-04,924.48,864.42,884.1371428571427,903.8192857142857,False,False,False,True,False,False,False
2024-09-05,60845,15284.0,25.98,76.9,10.98,Thursday,0,0,9,837.6,2024-09-05,846.27,835.37,881.5442857142858,895.0735714285714,False,False,False,True,False,False,False
2024-09-06,61094,15340.0,28.39,70.13,12.22,Friday,0,0,9,893.75,2024-09-06,837.6,855.29,881.8628571428573,891.3257142857143,False,False,False,True,False,False,False
2024-09-07,61310,15369.0,26.09,70.3,10.99,Saturday,1,0,9,899.34,2024-09-07,893.75,933.59,887.3571428571429,887.7442857142858,False,False,False,True,False,False,False
2024-09-08,61133,15371.0,31.65,70.7,13.92,Sunday,1,0,9,893.34,2024-09-08,899.34,910.75,882.4642857142857,886.1914285714286,False,False,False,True,False,False,False
2024-09-09,61018,15338.0,23.59,70.8,0.0,Monday,0,0,9,887.05,2024-09-09,893.34,865.06,879.9771428571429,879.2414285714286,False,False,False,True,False,False,False
2024-09-10,60506,15263.0,28.34,65.22,0.0,Tuesday,0,0,9,957.16,2024-09-10,887.05,924.48,883.1185714285714,880.2892857142857,False,False,False,True,False,False,False
2024-09-11,60762,15373.0,27.29,67.2,17.49,Wednesday,0,0,9,863.47,2024-09-11,957.16,846.27,887.7871428571428,885.9621428571428,False,False,False,True,False,False,False
2024-09-12,60600,15326.0,29.37,68.19,0.0,Thursday,0,0,9,903.87,2024-09-12,863.47,837.6,890.2442857142858,885.8942857142856,False,False,False,True,False,False,False
2024-09-13,60970,15306.0,29.94,67.12,18.03,Friday,0,0,9,868.29,2024-09-13,903.87,893.75,899.7114285714287,890.7871428571428,False,False,False,True,False,False,False
2024-09-14,61036,15352.0,27.24,65.81,5.35,Saturday,1,0,9,937.23,2024-09-14,868.29,899.34,896.0742857142857,891.7157142857143,False,False,False,True,False,False,False
2024-09-15,60626,15320.0,27.3,54.16,0.0,Sunday,1,0,9,971.28,2024-09-15,937.23,893.34,901.4871428571429,891.9757142857143,False,False,False,True,False,False,False
2024-09-16,60943,15304.0,24.11,79.12,0.0,Monday,0,0,9,917.52,2024-09-16,971.28,887.05,912.6214285714286,896.2992857142856,False,False,False,True,False,False,False
2024-09-17,61138,15268.0,26.7,70.83,20.08,Tuesday,0,0,9,861.14,2024-09-17,917.52,957.16,916.9742857142857,900.0464285714286,False,False,False,True,False,False,False
2024-09-18,60959,15383.0,27.43,69.59,0.0,Wednesday,0,0,9,874.3,2024-09-18,861.14,863.47,903.2571428571429,895.5221428571429,False,False,False,True,False,False,False
2024-09-19,60818,15242.0,28.53,61.65,5.09,Thursday,0,0,9,888.0,2024-09-19,874.3,903.87,904.8042857142857,897.5242857142857,False,False,False,True,False,False,False
2024-09-20,60817,15315.0,29.97,61.08,15.55,Friday,0,0,9,885.88,2024-09-20,888.0,868.29,902.5371428571428,901.1242857142857,False,False,False,True,False,False,False
2024-09-21,61073,15323.0,28.65,68.22,23.19,Saturday,1,0,9,925.42,2024-09-21,885.88,937.23,905.0500000000001,900.5621428571428,False,False,False,True,False,False,False
2024-09-22,60513,15306.0,25.15,69.71,11.39,Sunday,1,0,9,945.66,2024-09-22,925.42,971.28,903.3628571428571,902.425,False,False,False,True,False,False,False
2024-09-23,61136,15311.0,23.35,62.75,18.6,Monday,0,0,9,878.53,2024-09-23,945.66,917.52,899.7028571428572,906.1621428571427,False,False,False,True,False,False,False
2024-09-24,60644,15392.0,23.08,78.01,8.42,Tuesday,0,0,9,844.88,2024-09-24,878.53,861.14,894.1328571428572,905.5535714285714,False,False,False,True,False,False,False
2024-09-25,60694,15298.0,23.48,64.93,0.0,Wednesday,0,0,9,860.83,2024-09-25,844.88,874.3,891.8100000000001,897.5335714285713,False,False,False,True,False,False,False
2024-09-26,60590,15374.0,25.81,69.41,38.78,Thursday,0,0,9,807.08,2024-09-26,860.83,888.0,889.8857142857142,897.345,False,False,False,True,False,False,False
2024-09-27,60954,15356.0,26.28,67.65,17.81,Friday,0,0,9,896.72,2024-09-27,807.08,885.88,878.3257142857143,890.4314285714285,False,False,False,True,False,False,False
2024-09-28,60745,15335.0,25.96,57.32,3.77,Saturday,1,0,9,944.8,2024-09-28,896.72,925.42,879.8742857142857,892.4621428571429,False,False,False,True,False,False,False
2024-09-29,60648,15328.0,30.64,54.5,6.31,Sunday,1,0,9,938.57,2024-09-29,944.8,945.66,882.6428571428571,893.0028571428571,False,False,False,True,False,False,False
2024-09-30,61024,15311.0,21.32,75.96,5.93,Monday,0,0,9,897.48,2024-09-30,938.57,878.53,881.6300000000001,890.6664285714286,False,False,False,True,False,False,False
2024-10-01,61215,15333.0,27.06,74.02,0.0,Tuesday,0,0,10,915.38,2024-10-01,897.48,844.88,884.3371428571428,889.235,False,False,False,True,True,False,False
2024-10-02,60482,15338.0,26.71,65.19,7.54,Wednesday,0,1,10,847.93,2024-10-02,915.38,860.83,894.4085714285713,893.1092857142858,False,False,False,True,True,False,False
2024-10-03,60886,15330.0,25.04,60.97,0.0,Thursday,0,0,10,937.94,2024-10-03,847.93,807.08,892.5657142857143,891.2257142857143,False,False,False,True,True,False,False
2024-10-04,61081,15283.0,25.14,65.63,0.0,Friday,0,0,10,877.74,2024-10-04,937.94,896.72,911.26,894.7928571428572,False,False,False,True,True,False,False
2024-10-05,61363,15330.0,24.23,61.6,28.11,Saturday,1,0,10,839.58,2024-10-05,877.74,944.8,908.5485714285714,894.2114285714287,False,False,False,True,True,False,False
2024-10-06,60232,15278.0,22.26,65.8,21.68,Sunday,1,0,10,840.48,2024-10-06,839.58,938.57,893.517142857143,888.08,False,False,False,True,True,False,False
2024-10-07,60682,15337.0,25.72,53.97,11.38,Monday,0,0,10,904.95,2024-10-07,840.48,897.48,879.5042857142856,880.5671428571429,False,False,False,True,True,False,False
2024-10-08,60571,15320.0,20.07,69.06,0.0,Tuesday,0,0,10,875.36,2024-10-08,904.95,915.38,880.5714285714286,882.4542857142858,False,False,False,True,True,False,False
2024-10-09,60828,15308.0,23.63,69.66,0.0,Wednesday,0,0,10,926.81,2024-10-09,875.36,847.93,874.8542857142858,884.6314285714286,False,False,False,True,True,False,False
2024-10-10,61027,15326.0,22.18,75.63,0.0,Thursday,0,0,10,826.87,2024-10-10,926.81,937.94,886.1228571428571,889.3442857142858,False,False,False,True,True,False,False
2024-10-11,60941,15251.0,20.13,65.92,0.0,Friday,0,0,10,828.42,2024-10-11,826.87,877.74,870.2557142857142,890.7578571428572,False,False,False,True,True,False,False
2024-10-12,60860,15293.0,26.49,68.13,1.57,Saturday,1,0,10,928.16,2024-10-12,828.42,839.58,863.2099999999999,885.8792857142856,False,False,False,True,True,False,False
2024-10-13,60730,15307.0,23.37,67.15,13.16,Sunday,1,0,10,842.23,2024-10-13,928.16,840.48,875.8642857142856,884.6907142857143,False,False,False,True,True,False,False
2024-10-14,60840,15364.0,23.64,67.73,0.0,Monday,0,0,10,831.05,2024-10-14,842.23,904.95,876.1142857142858,877.8092857142857,False,False,False,True,True,False,False
2024-10-15,60831,15341.0,24.24,63.42,2.75,Tuesday,0,0,10,878.8,2024-10-15,831.05,875.36,865.5571428571429,873.0642857142857,False,False,False,True,True,False,False
2024-10-16,60679,15279.0,23.0,71.85,19.62,Wednesday,0,0,10,800.33,2024-10-16,878.8,926.81,866.0485714285713,870.4514285714286,False,False,False,True,True,False,False
2024-10-17,60712,15283.0,19.84,73.87,7.29,Thursday,0,0,10,846.87,2024-10-17,800.33,826.87,847.9800000000001,867.0514285714286,False,False,False,True,True,False,False
2024-10-18,61067,15378.0,24.62,63.75,4.36,Friday,0,0,10,925.29,2024-10-18,846.87,828.42,850.8371428571429,860.5464285714286,False,False,False,True,True,False,False
2024-10-19,60738,15362.0,22.64,77.53,23.69,Saturday,1,0,10,877.57,2024-10-19,925.29,928.16,864.6757142857143,863.9428571428571,False,False,False,True,True,False,False
2024-10-20,60873,15342.0,25.0,70.53,12.61,Sunday,1,0,10,875.98,2024-10-20,877.57,842.23,857.4485714285714,866.6564285714285,False,False,False,True,True,False,False
2024-10-21,61327,15319.0,27.25,61.4,0.0,Monday,0,0,10,915.21,2024-10-21,875.98,831.05,862.2699999999999,869.1921428571429,False,False,False,True,True,False,False
2024-10-22,61250,15305.0,25.75,66.52,0.0,Tuesday,0,0,10,851.39,2024-10-22,915.21,878.8,874.2928571428571,869.925,False,False,False,True,True,False,False
2024-10-23,61191,15311.0,24.19,68.9,20.81,Wednesday,0,1,10,809.32,2024-10-23,851.39,800.33,870.3771428571429,868.2128571428573,False,False,False,True,True,False,False
2024-10-24,60924,15307.0,21.21,61.81,4.49,Thursday,0,0,10,874.54,2024-10-24,809.32,846.87,871.6614285714285,859.8207142857143,False,False,False,True,True,False,False
2024-10-25,61039,15325.0,22.36,68.81,16.75,Friday,0,0,10,865.45,2024-10-25,874.54,925.29,875.6142857142856,863.2257142857143,False,False,False,True,True,False,False
2024-10-26,60975,15317.0,27.26,63.87,0.0,Saturday,1,0,10,884.88,2024-10-26,865.45,877.57,867.0657142857143,865.8707142857144,False,False,False,True,True,False,False
2024-10-27,61067,15388.0,23.46,68.07,0.0,Sunday,1,0,10,952.86,2024-10-27,884.88,875.98,868.11,862.7792857142857,False,False,False,True,True,False,False
2024-10-28,61199,15336.0,23.14,61.59,4.49,Monday,0,0,10,848.42,2024-10-28,952.86,915.21,879.0928571428573,870.6814285714287,False,False,False,True,True,False,False
2024-10-29,60875,15290.0,21.94,80.31,0.0,Tuesday,0,0,10,876.7,2024-10-29,848.42,851.39,869.5514285714287,871.9221428571428,False,False,False,True,True,False,False
2024-10-30,61259,15359.0,22.8,73.48,0.0,Wednesday,0,0,10,880.36,2024-10-30,876.7,809.32,873.1671428571428,871.772142857143,False,False,False,True,True,False,False
2024-10-31,60826,15314.0,22.36,59.63,37.19,Thursday,0,0,10,826.52,2024-10-31,880.36,874.54,883.3157142857144,877.4885714285714,False,False,False,True,True,False,False
2024-11-01,60767,15318.0,22.42,65.45,0.0,Friday,0,0,11,864.04,2024-11-01,826.52,865.45,876.4557142857142,876.035,False,False,False,True,True,False,False
2024-11-02,60914,15307.0,21.51,69.2,0.0,Saturday,1,0,11,951.35,2024-11-02,864.04,884.88,876.2542857142856,871.6600000000001,False,False,False,True,True,False,False
2024-11-03,60763,15331.0,23.35,69.69,0.0,Sunday,1,0,11,909.12,2024-11-03,951.35,952.86,885.75,876.9300000000001,False,False,False,True,True,False,False
2024-11-04,60588,15291.0,25.36,65.58,9.87,Monday,0,0,11,848.85,2024-11-04,909.12,848.42,879.5014285714286,879.2971428571428,False,False,False,True,True,False,False
2024-11-05,60460,15316.0,23.9,64.47,0.0,Tuesday,0,0,11,863.76,2024-11-05,848.85,876.7,879.5628571428571,874.5571428571429,False,False,False,True,True,False,False
2024-11-06,61116,15346.0,22.97,68.96,4.99,Wednesday,0,0,11,922.17,2024-11-06,863.76,880.36,877.7142857142857,875.4407142857143,False,False,False,True,True,False,False
2024-11-07,60672,15293.0,23.41,68.41,0.0,Thursday,0,0,11,868.21,2024-11-07,922.17,826.52,883.6871428571428,883.5014285714286,False,False,False,True,True,False,False
2024-11-08,60855,15279.0,23.51,68.39,0.0,Friday,0,0,11,892.37,2024-11-08,868.21,864.04,889.6428571428571,883.0492857142857,False,False,False,True,True,False,False
2024-11-09,61036,15313.0,21.28,75.27,0.0,Saturday,1,0,11,898.62,2024-11-09,892.37,951.35,893.6899999999999,884.9721428571429,False,False,False,True,True,False,False
2024-11-10,60290,15305.0,21.85,65.5,14.9,Sunday,1,0,11,851.1,2024-11-10,898.62,909.12,886.1571428571427,885.9535714285714,False,False,False,True,True,False,False
2024-11-11,61113,15300.0,19.98,79.17,5.92,Monday,0,0,11,836.27,2024-11-11,851.1,848.85,877.8685714285714,878.6850000000001,False,False,False,True,True,False,False
2024-11-12,60677,15340.0,23.54,66.22,0.0,Tuesday,0,0,11,910.42,2024-11-12,836.27,863.76,876.0714285714286,877.8171428571429,False,False,False,True,True,False,False
2024-11-13,61494,15371.0,20.58,68.71,0.0,Wednesday,0,0,11,862.39,2024-11-13,910.42,922.17,882.7371428571429,880.2257142857143,False,False,False,True,True,False,False
2024-11-14,61222,15286.0,21.07,70.09,0.0,Thursday,0,0,11,823.29,2024-11-14,862.39,868.21,874.1971428571429,878.9421428571429,False,False,False,True,True,False,False
2024-11-15,61109,15312.0,48.59,76.97,0.0,Friday,0,0,11,855.77,2024-11-15,823.29,892.37,867.78,878.7114285714285,False,False,False,True,True,False,False
2024-11-16,60999,15399.0,22.42,62.11,5.91,Saturday,1,0,11,892.56,2024-11-16,855.77,898.62,862.5514285714286,878.1207142857141,False,False,False,True,True,False,False
2024-11-17,61087,15372.0,20.82,70.83,0.0,Sunday,1,0,11,888.6,2024-11-17,892.56,851.1,861.6857142857143,873.9214285714286,False,False,False,True,True,False,False
2024-11-18,61081,15346.0,20.31,68.16,0.0,Monday,0,0,11,919.23,2024-11-18,888.6,836.27,867.0428571428571,872.4557142857142,False,False,False,True,True,False,False
2024-11-19,61048,15339.0,20.38,69.94,0.0,Tuesday,0,0,11,890.15,2024-11-19,919.23,910.42,878.8942857142857,877.482857142857,False,False,False,True,True,False,False
2024-11-20,61026,15314.0,20.0,66.91,0.0,Wednesday,0,0,11,882.08,2024-11-20,890.15,862.39,875.9985714285714,879.3678571428571,False,False,False,True,True,False,False
2024-11-21,61178,15374.0,21.41,72.93,0.0,Thursday,0,0,11,834.44,2024-11-21,882.08,823.29,878.8114285714286,876.5042857142856,False,False,False,True,True,False,False
2024-11-22,61333,15353.0,24.55,76.97,0.0,Friday,0,0,11,885.38,2024-11-22,834.44,855.77,880.4042857142857,874.0921428571429,False,False,False,True,True,False,False
2024-11-23,60792,15433.0,22.26,69.36,12.55,Saturday,1,0,11,911.69,2024-11-23,885.38,892.56,884.6342857142857,873.592857142857,False,False,False,True,True,False,False
2024-11-24,61295,15324.0,17.25,71.31,0.0,Sunday,1,0,11,895.76,2024-11-24,911.69,888.6,887.3671428571428,874.5264285714286,False,False,False,True,True,False,False
2024-11-25,61046,15367.0,20.09,72.25,12.61,Monday,0,0,11,881.82,2024-11-25,895.76,919.23,888.39,877.7164285714287,False,False,False,True,True,False,False
2024-11-26,61118,15349.0,24.15,60.48,4.09,Tuesday,0,0,11,850.37,2024-11-26,881.82,890.15,883.0457142857142,880.97,False,False,False,True,True,False,False
2024-11-27,60946,13308.5,22.04,69.81,0.0,Wednesday,0,0,11,888.77,2024-11-27,850.37,882.08,877.3628571428573,876.6807142857142,False,False,False,True,True,False,False
2024-11-28,60842,15377.0,18.02,70.61,9.02,Thursday,0,0,11,918.94,2024-11-28,888.77,834.44,878.3185714285715,878.5649999999999,False,False,False,True,True,False,False
2024-11-29,60992,15307.0,16.34,75.34,0.0,Friday,0,0,11,878.44,2024-11-29,918.94,885.38,890.3900000000001,885.397142857143,False,False,False,True,True,False,False
2024-11-30,60998,15324.0,20.69,79.56,15.97,Saturday,1,0,11,878.18,2024-11-30,878.44,911.69,889.3985714285715,887.0164285714287,False,False,False,True,True,False,False
2024-12-01,61098,15335.0,18.69,74.82,0.0,Sunday,1,0,12,892.91,2024-12-01,878.18,895.76,884.6114285714286,885.9892857142858,False,False,False,True,False,False,True
2024-12-02,61266,15358.0,18.95,70.37,29.99,Monday,0,0,12,841.26,2024-12-02,892.91,881.82,884.2042857142858,886.2971428571428,False,False,False,True,False,False,True
2024-12-03,60694,15293.0,19.66,73.8,15.92,Tuesday,0,0,12,823.3,2024-12-03,841.26,850.37,878.4100000000001,880.7278571428571,False,False,False,True,False,False,True
2024-12-04,61155,15332.0,18.57,75.54,16.69,Wednesday,0,0,12,810.33,2024-12-04,823.3,888.77,874.5428571428571,875.9528571428572,False,False,False,True,False,False,True
2024-12-05,61316,15311.0,20.3,78.2,9.22,Thursday,0,0,12,878.19,2024-12-05,810.33,918.94,863.3371428571429,870.8278571428572,False,False,False,True,False,False,True
2024-12-06,60577,15310.0,20.59,61.98,15.78,Friday,0,0,12,819.42,2024-12-06,878.19,878.44,857.5157142857142,873.9528571428572,False,False,False,True,False,False,True
2024-12-07,61018,15404.0,22.71,68.39,11.33,Saturday,1,0,12,841.65,2024-12-07,819.42,878.18,849.0842857142858,869.2414285714285,False,False,False,True,False,False,True
2024-12-08,60575,15353.0,19.02,72.72,0.0,Sunday,1,0,12,933.39,2024-12-08,841.65,892.91,843.8657142857143,864.2385714285714,False,False,False,True,False,False,True
2024-12-09,61099,15311.0,21.52,75.58,0.0,Monday,0,0,12,880.9,2024-12-09,933.39,841.26,849.6485714285715,866.9264285714286,False,False,False,True,False,False,True
2024-12-10,60588,15283.0,21.02,76.23,0.0,Tuesday,0,0,12,882.5,2024-12-10,880.9,823.3,855.3114285714285,866.8607142857143,False,False,False,True,False,False,True
2024-12-11,60819,15333.0,21.29,70.11,3.99,Wednesday,0,0,12,865.35,2024-12-11,882.5,810.33,863.7685714285715,869.1557142857143,False,False,False,True,False,False,True
2024-12-12,60839,15344.0,18.31,70.97,4.22,Thursday,0,0,12,899.63,2024-12-12,865.35,878.19,871.6285714285714,867.4828571428571,False,False,False,True,False,False,True
2024-12-13,60774,15369.0,17.99,69.52,0.0,Friday,0,0,12,872.91,2024-12-13,899.63,819.42,874.6914285714286,866.1035714285714,False,False,False,True,False,False,True
2024-12-14,60876,15334.0,21.51,69.78,0.0,Saturday,1,0,12,926.48,2024-12-14,872.91,841.65,882.3328571428572,865.7085714285713,False,False,False,True,False,False,True
2024-12-15,61242,15300.0,17.47,76.29,0.0,Sunday,1,0,12,838.27,2024-12-15,926.48,933.39,894.4514285714286,869.1585714285715,False,False,False,True,False,False,True
2024-12-16,60870,15336.0,21.54,64.81,12.88,Monday,0,0,12,849.72,2024-12-16,838.27,880.9,880.8628571428571,865.2557142857142,False,False,False,True,False,False,True
2024-12-17,60991,15360.0,18.83,73.45,0.0,Tuesday,0,0,12,959.46,2024-12-17,849.72,882.5,876.4085714285715,865.86,False,False,False,True,False,False,True
2024-12-18,61657,15314.0,22.54,73.14,16.23,Wednesday,0,0,12,864.14,2024-12-18,959.46,865.35,887.4028571428572,875.5857142857142,False,False,False,True,False,False,True
2024-12-19,60896,15332.0,20.68,65.32,0.0,Thursday,0,0,12,912.58,2024-12-19,864.14,899.63,887.2299999999999,879.4292857142857,False,False,False,True,False,False,True
2024-12-20,60658,15313.0,15.73,76.62,0.0,Friday,0,0,12,844.77,2024-12-20,912.58,872.91,889.0799999999999,881.8857142857142,False,False,False,True,False,False,True
2024-12-21,61483,15294.0,18.77,62.9,9.47,Saturday,1,0,12,893.43,2024-12-21,844.77,926.48,885.0600000000001,883.6964285714286,False,False,False,True,False,False,True
2024-12-22,60887,15358.0,18.79,68.35,0.0,Sunday,1,0,12,914.58,2024-12-22,893.43,838.27,880.3385714285715,887.3949999999999,False,False,False,True,False,False,True
2024-12-23,61135,15296.0,22.83,69.17,4.35,Monday,0,0,12,955.88,2024-12-23,914.58,849.72,891.24,886.0514285714286,False,False,False,True,False,False,True
2024-12-24,61021,15361.0,23.01,67.59,0.0,Tuesday,0,0,12,904.55,2024-12-24,955.88,959.46,906.4057142857143,891.407142857143,False,False,False,True,False,False,True
2024-12-25,61351,15345.0,23.09,68.74,0.0,Wednesday,0,1,12,927.88,2024-12-25,904.55,864.14,898.5614285714285,892.9821428571429,False,False,False,True,False,False,True
2024-12-26,60797,15332.0,17.16,67.31,0.0,Thursday,0,0,12,911.4,2024-12-26,927.88,912.58,907.6671428571428,897.4485714285714,False,False,False,True,False,False,True
2024-12-27,61102,15297.0,18.35,69.91,0.0,Friday,0,0,12,860.22,2024-12-27,911.4,844.77,907.4985714285714,898.2892857142858,False,False,False,True,False,False,True
2024-12-28,61358,15325.0,17.83,72.26,0.0,Saturday,1,0,12,893.77,2024-12-28,860.22,893.43,909.7057142857142,897.3828571428572,False,False,False,True,False,False,True
2024-12-29,60766,15333.0,20.03,59.96,0.0,Sunday,1,0,12,866.62,2024-12-29,893.77,914.58,909.7542857142859,895.0464285714286,False,False,False,True,False,False,True
2024-12-30,61249,15371.0,20.3,61.47,0.0,Monday,0,0,12,876.55,2024-12-30,866.62,955.88,902.9028571428571,897.0714285714286,False,False,False,True,False,False,True
2024-12-31,61285,15421.0,21.38,66.86,0.0,Tuesday,0,0,12,873.61,2024-12-31,876.55,904.55,891.57,898.9878571428571,False,False,False,True,False,False,True
