Date,Zone_ID,Population,Active_Connections,Avg_Temperature_C,Humidity_pct,Rainfall_mm,Day_of_Week,Is_Weekend,Is_Holiday,Month,Season,Water_Demand_kL
2023-01-01,Z01,52076,13164,21.66,74.11,2.71,Sunday,1,1,1,Winter,794.83
2023-01-02,Z01,51788,13231,21.74,69.7,0.0,Monday,0,0,1,Winter,764.7
2023-01-03,Z01,52095,13167,21.97,69.01,0.0,Tuesday,0,0,1,Winter,731.93
2023-01-04,Z01,51965,13186,19.54,73.02,14.18,Wednesday,0,0,1,Winter,769.18
2023-01-05,Z01,51877,13173,21.51,75.12,4.66,Thursday,0,0,1,Winter,756.11
2023-01-06,Z01,52142,13178,20.77,70.39,0.0,Friday,0,0,1,Winter,767.67
2023-01-07,Z01,52177,13204,,72.89,0.0,Saturday,1,0,1,Winter,764.6
2023-01-08,Z01,51849,13192,23.37,64.3,0.0,Sunday,1,0,1,Winter,738.02
2023-01-09,Z01,52050,13223,21.85,73.29,6.82,Monday,0,0,1,Winter,734.62
2023-01-10,Z01,51727,13171,21.46,70.21,0.0,Tuesday,0,0,1,Winter,736.48
2023-01-11,Z01,52168,13192,21.42,66.2,7.36,Wednesday,0,0,1,Winter,747.48
2023-01-12,Z01,52016,13220,21.45,72.83,0.0,Thursday,0,0,1,Winter,739.31
2023-01-13,Z01,51592,13153,17.96,66.08,,Friday,0,0,1,Winter,716.53
2023-01-14,Z01,52340,13191,22.13,64.52,0.0,Saturday,1,1,1,Winter,786.22
2023-01-15,Z01,52227,13144,21.57,70.63,2.24,Sunday,1,0,1,Winter,754.23
2023-01-16,Z01,52023,13261,20.28,64.91,0.0,Monday,0,0,1,Winter,753.09
2023-01-17,Z01,52228,13217,23.74,62.52,4.24,Tuesday,0,0,1,Winter,716.47
2023-01-18,Z01,51965,13154,18.84,72.24,38.2,Wednesday,0,0,1,Winter,679.06
2023-01-19,Z01,51488,13215,19.3,68.39,0.0,Thursday,0,0,1,Winter,739.8
2023-01-20,Z01,52062,13200,18.92,62.26,0.0,Friday,0,0,1,Winter,741.24
2023-01-21,Z01,52056,13240,20.06,64.2,5.26,Saturday,1,0,1,Winter,739.21
2023-01-22,Z01,51799,13239,21.89,68.52,0.0,Sunday,1,0,1,Winter,762.02
2023-01-23,Z01,51912,13164,18.63,71.63,0.0,Monday,0,0,1,Winter,744.74
2023-01-24,Z01,52099,13253,21.69,67.33,0.0,Tuesday,0,0,1,Winter,764.7
2023-01-25,Z01,52074,13164,18.59,79.04,0.0,Wednesday,0,0,1,Winter,735.97
2023-01-26,Z01,52395,13169,19.6,73.54,0.0,Thursday,0,1,1,Winter,774.08
2023-01-27,Z01,52115,13257,21.65,72.63,9.86,Friday,0,0,1,Winter,703.52
2023-01-28,Z01,51949,13240,18.89,70.8,14.99,Saturday,1,0,1,Winter,733.56
2023-01-29,Z01,52168,13255,21.31,66.08,12.46,Sunday,1,0,1,Winter,725.23
2023-01-30,Z01,52091,13297,25.45,63.43,0.0,Monday,0,0,1,Winter,733.68
2023-01-31,Z01,52115,13251,20.32,66.74,0.0,Tuesday,0,0,1,Winter,742.72
2023-02-01,Z01,51904,13179,21.67,60.61,0.0,Wednesday,0,0,2,Winter,818.98
2023-02-02,Z01,51764,13274,27.75,60.81,0.0,Thursday,0,0,2,Winter,805.79
2023-02-03,Z01,51792,13201,23.58,70.71,0.0,Friday,0,0,2,Winter,768.8
2023-02-04,Z01,51981,13201,22.57,66.22,0.0,Saturday,1,0,2,Winter,822.73
2023-02-05,Z01,52129,13212,22.19,65.56,9.46,Sunday,1,0,2,Winter,817.32
2023-02-06,Z01,51852,13172,24.66,69.37,0.0,Monday,0,0,2,Winter,728.4
2023-02-07,Z01,52158,13172,21.43,70.83,0.0,Tuesday,0,0,2,Winter,752.92
2023-02-08,Z01,51982,13217,25.41,54.88,0.0,Wednesday,0,0,2,Winter,786.72
2023-02-09,Z01,51953,13150,23.21,77.34,0.0,Thursday,0,0,2,Winter,790.94
2023-02-10,Z01,52032,13175,21.98,75.76,0.0,Friday,0,0,2,Winter,809.73
2023-02-11,Z01,52158,13273,23.62,72.66,0.0,Saturday,1,0,2,Winter,805.91
2023-02-12,Z01,52297,13171,24.4,67.21,0.0,Sunday,1,0,2,Winter,822.71
2023-02-13,Z01,52234,13158,22.8,63.03,0.0,Monday,0,0,2,Winter,806.81
2023-02-14,Z01,51878,13178,23.1,62.67,13.15,Tuesday,0,0,2,Winter,759.4
2023-02-15,Z01,52130,13216,23.96,76.45,0.0,Wednesday,0,0,2,Winter,759.06
2023-02-16,Z01,51659,13266,23.97,72.6,0.0,Thursday,0,0,2,Winter,800.2
2023-02-17,Z01,52114,13222,23.88,64.09,0.0,Friday,0,0,2,Winter,770.93
2023-02-18,Z01,52307,13177,23.19,76.12,0.0,Saturday,1,0,2,Winter,773.24
2023-02-19,Z01,52269,13215,26.2,71.64,,Sunday,1,0,2,Winter,828.79
2023-02-20,Z01,52008,13145,26.86,64.77,25.85,Monday,0,0,2,Winter,701.57
2023-02-21,Z01,51862,13231,24.81,69.37,6.76,Tuesday,0,0,2,Winter,785.55
2023-02-22,Z01,51896,13221,25.38,68.87,5.38,Wednesday,0,0,2,Winter,776.81
2023-02-23,Z01,51964,13234,23.44,68.01,0.94,Thursday,0,0,2,Winter,731.84
2023-02-24,Z01,51895,13243,23.51,69.56,0.0,Friday,0,0,2,Winter,810.52
2023-02-25,Z01,51873,13264,24.38,63.99,0.0,Saturday,1,0,2,Winter,765.31
2023-02-26,Z01,51977,13245,27.74,59.75,3.73,Sunday,1,0,2,Winter,810.92
2023-02-27,Z01,52300,13196,23.35,63.3,0.0,Monday,0,0,2,Winter,782.58
2023-02-28,Z01,52151,13230,27.17,65.21,0.0,Tuesday,0,0,2,Winter,820.47
2023-03-01,Z01,52349,13231,24.38,69.92,0.0,Wednesday,0,0,3,Summer,844.98
2023-03-02,Z01,52111,13256,23.06,70.44,142.23,Thursday,0,0,3,Summer,791.52
2023-03-03,Z01,51675,13146,22.63,66.67,0.0,Friday,0,0,3,Summer,826.92
2023-03-04,Z01,51833,13231,24.17,66.85,0.0,Saturday,1,0,3,Summer,831.88
2023-03-05,Z01,52341,13179,25.11,80.84,0.0,Sunday,1,0,3,Summer,856.57
2023-03-06,Z01,52221,13217,24.87,64.06,0.0,Monday,0,0,3,Summer,765.72
2023-03-07,Z01,52230,13243,27.5,68.61,0.0,Tuesday,0,0,3,Summer,816.01
2023-03-08,Z01,52312,13156,24.78,58.05,0.0,Wednesday,0,0,3,Summer,822.59
2023-03-09,Z01,51900,13168,19.64,67.6,0.0,Thursday,0,0,3,Summer,774.88
2023-03-10,Z01,52197,13166,25.09,68.36,18.54,Friday,0,0,3,Summer,768.27
2023-03-11,Z01,52306,13278,23.86,63.97,0.0,Saturday,1,0,3,Summer,810.15
2023-03-12,Z01,51972,13272,26.18,68.66,0.0,Sunday,1,0,3,Summer,816.23
2023-03-13,Z01,51972,13237,22.91,72.03,0.0,Monday,0,0,3,Summer,812.48
2023-03-14,Z01,51889,13163,24.51,69.36,0.0,Tuesday,0,0,3,Summer,777.29
2023-03-15,Z01,52138,13187,27.69,70.0,0.0,Wednesday,0,0,3,Summer,816.34
2023-03-16,Z01,52597,13219,25.78,63.78,0.0,Thursday,0,0,3,Summer,759.11
2023-03-17,Z01,51961,13191,26.38,68.95,0.0,Friday,0,0,3,Summer,773.52
2023-03-18,Z01,52275,13217,25.33,70.49,0.0,Saturday,1,0,3,Summer,777.6
2023-03-19,Z01,52157,13192,27.14,59.66,0.0,Sunday,1,0,3,Summer,862.47
2023-03-20,Z01,52183,13139,,66.63,0.0,Monday,0,0,3,Summer,802.71
2023-03-21,Z01,51800,13194,27.47,74.84,0.0,Tuesday,0,0,3,Summer,807.14
2023-03-22,Z01,51682,13179,26.27,64.72,0.0,Wednesday,0,0,3,Summer,800.3
2023-03-23,Z01,52225,13204,29.79,62.61,0.0,Thursday,0,0,3,Summer,827.11
2023-03-24,Z01,52209,13166,28.44,61.18,0.0,Friday,0,0,3,Summer,762.97
2023-03-25,Z01,51897,13180,28.91,67.35,0.0,Saturday,1,0,3,Summer,876.68
2023-03-26,Z01,52108,13235,26.36,69.64,0.0,Sunday,1,0,3,Summer,813.36
2023-03-27,Z01,51841,13141,30.94,77.97,0.0,Monday,0,0,3,Summer,758.16
2023-03-28,Z01,52031,13219,25.61,70.52,0.0,Tuesday,0,0,3,Summer,751.4
2023-03-29,Z01,52616,13232,27.29,66.16,0.0,Wednesday,0,0,3,Summer,753.02
2023-03-30,Z01,52007,13291,27.73,75.01,16.09,Thursday,0,0,3,Summer,751.23
2023-03-31,Z01,52409,13215,24.81,67.9,0.0,Friday,0,0,3,Summer,779.4
2023-04-01,Z01,51680,13171,29.28,63.36,0.0,Saturday,1,0,4,Summer,862.38
2023-04-02,Z01,51930,13181,30.11,67.35,0.0,Sunday,1,0,4,Summer,855.44
2023-04-03,Z01,52206,13222,30.19,68.69,0.0,Monday,0,0,4,Summer,803.47
2023-04-04,Z01,51985,13213,27.71,70.63,6.85,Tuesday,0,0,4,Summer,800.98
2023-04-05,Z01,52350,13150,27.13,63.03,,Wednesday,0,0,4,Summer,772.5
2023-04-06,Z01,52063,13268,28.41,61.21,0.0,Thursday,0,0,4,Summer,842.6
2023-04-07,Z01,51886,13248,28.57,69.53,17.44,Friday,0,0,4,Summer,776.62
2023-04-08,Z01,51811,13175,30.5,63.67,0.0,Saturday,1,0,4,Summer,842.73
2023-04-09,Z01,51546,13177,27.4,74.13,0.0,Sunday,1,0,4,Summer,852.81
2023-04-10,Z01,51838,13246,29.48,68.63,0.0,Monday,0,0,4,Summer,824.44
2023-04-11,Z01,52313,13258,26.23,56.11,0.0,Tuesday,0,0,4,Summer,835.13
2023-04-12,Z01,51655,13234,31.45,73.99,0.0,Wednesday,0,0,4,Summer,814.43
2023-04-13,Z01,52124,13220,27.67,76.94,0.0,Thursday,0,0,4,Summer,838.38
2023-04-14,Z01,52336,13253,30.69,71.59,0.0,Friday,0,0,4,Summer,844.09
2023-04-15,Z01,52209,13169,30.09,62.83,0.0,Saturday,1,0,4,Summer,892.8
2023-04-16,Z01,52464,13241,32.73,64.48,0.0,Sunday,1,0,4,Summer,827.86
2023-04-17,Z01,52141,13186,30.03,65.24,0.0,Monday,0,0,4,Summer,841.0
2023-04-18,Z01,52189,13234,29.84,60.31,0.0,Tuesday,0,0,4,Summer,796.13
2023-04-19,Z01,52256,13246,26.78,66.49,0.0,Wednesday,0,0,4,Summer,833.44
2023-04-20,Z01,52139,13203,28.29,68.14,0.0,Thursday,0,0,4,Summer,844.64
2023-04-21,Z01,52098,13190,29.92,66.77,6.11,Friday,0,0,4,Summer,788.55
2023-04-22,Z01,52210,13219,31.15,66.5,0.0,Saturday,1,0,4,Summer,837.3
2023-04-23,Z01,51842,13160,27.04,67.13,0.0,Sunday,1,0,4,Summer,824.23
2023-04-24,Z01,51466,13248,33.99,58.22,0.0,Monday,0,0,4,Summer,816.07
2023-04-25,Z01,52054,13284,34.64,61.88,0.0,Tuesday,0,0,4,Summer,844.63
2023-04-26,Z01,52113,13239,31.79,80.74,0.0,Wednesday,0,0,4,Summer,806.67
2023-04-27,Z01,52047,13218,32.98,64.47,0.0,Thursday,0,0,4,Summer,831.85
2023-04-28,Z01,52245,13167,32.59,59.57,9.78,Friday,0,0,4,Summer,786.67
2023-04-29,Z01,51805,13221,45.13,65.34,3.87,Saturday,1,0,4,Summer,840.64
2023-04-30,Z01,51652,13235,31.0,64.68,0.0,Sunday,1,0,4,Summer,858.68
2023-05-01,Z01,51865,13195,29.35,67.39,0.0,Monday,0,0,5,Summer,796.89
2023-05-02,Z01,51718,13207,30.51,63.38,0.0,Tuesday,0,0,5,Summer,806.45
2023-05-03,Z01,51976,13207,32.68,56.77,0.0,Wednesday,0,0,5,Summer,828.51
2023-05-04,Z01,52543,13215,35.93,61.86,10.87,Thursday,0,0,5,Summer,797.09
2023-05-05,Z01,52286,13216,33.87,69.7,0.0,Friday,0,0,5,Summer,803.73
2023-05-06,Z01,52489,13172,31.34,60.71,0.0,Saturday,1,0,5,Summer,828.76
2023-05-07,Z01,52620,13232,32.89,63.19,10.32,Sunday,1,0,5,Summer,869.09
2023-05-08,Z01,52228,13259,29.84,65.28,19.5,Monday,0,0,5,Summer,799.67
2023-05-09,Z01,52452,13249,31.51,66.65,0.0,Tuesday,0,0,5,Summer,833.69
2023-05-10,Z01,51722,13255,33.26,58.37,26.82,Wednesday,0,0,5,Summer,836.48
2023-05-11,Z01,52256,13296,32.65,59.45,0.0,Thursday,0,0,5,Summer,829.94
2023-05-12,Z01,52092,13214,34.31,63.88,9.39,Friday,0,0,5,Summer,831.71
2023-05-13,Z01,51896,13278,31.71,57.8,0.0,Saturday,1,0,5,Summer,868.18
2023-05-14,Z01,52215,13266,33.36,67.3,0.0,Sunday,1,0,5,Summer,871.6
2023-05-15,Z01,52310,13230,31.71,69.23,0.0,Monday,0,0,5,Summer,874.08
2023-05-16,Z01,52133,13253,34.28,64.33,0.0,Tuesday,0,0,5,Summer,860.18
2023-05-17,Z01,51979,13226,34.08,63.83,17.06,Wednesday,0,0,5,Summer,819.04
2023-05-18,Z01,51854,13292,31.88,56.53,3.82,Thursday,0,0,5,Summer,811.34
2023-05-19,Z01,52319,13253,33.58,66.09,0.0,Friday,0,0,5,Summer,771.33
2023-05-20,Z01,51620,13243,33.0,69.53,0.0,Saturday,1,0,5,Summer,864.49
2023-05-21,Z01,52288,13224,33.07,69.2,0.0,Sunday,1,0,5,Summer,881.65
2023-05-22,Z01,51929,13277,34.53,64.12,0.0,Monday,0,0,5,Summer,813.51
2023-05-23,Z01,52304,13209,34.06,57.61,0.0,Tuesday,0,0,5,Summer,835.47
2023-05-24,Z01,51825,13295,33.54,66.11,14.52,Wednesday,0,0,5,Summer,845.82
2023-05-25,Z01,52454,13221,33.17,58.86,0.0,Thursday,0,0,5,Summer,870.72
2023-05-26,Z01,52123,13205,32.89,56.39,12.31,Friday,0,0,5,Summer,879.75
2023-05-27,Z01,52532,13253,33.09,66.42,11.23,Saturday,1,0,5,Summer,794.46
2023-05-28,Z01,52338,13235,32.25,64.68,0.0,Sunday,1,0,5,Summer,859.57
2023-05-29,Z01,52482,13300,34.48,68.5,0.0,Monday,0,0,5,Summer,873.2
2023-05-30,Z01,52326,13263,31.34,68.55,0.0,Tuesday,0,0,5,Summer,799.85
2023-05-31,Z01,52388,13297,33.03,58.52,0.0,Wednesday,0,0,5,Summer,835.89
2023-06-01,Z01,52463,13233,34.32,58.76,,Thursday,0,0,6,Monsoon,796.76
2023-06-02,Z01,52113,13308,33.46,62.87,0.0,Friday,0,0,6,Monsoon,799.39
2023-06-03,Z01,52010,13294,33.36,70.58,10.59,Saturday,1,0,6,Monsoon,830.32
2023-06-04,Z01,51603,13176,32.64,64.53,14.82,Sunday,1,0,6,Monsoon,839.43
2023-06-05,Z01,52230,13280,34.3,60.91,0.0,Monday,0,0,6,Monsoon,830.7
2023-06-06,Z01,52553,13161,30.95,59.29,0.0,Tuesday,0,0,6,Monsoon,797.29
2023-06-07,Z01,51940,13217,38.73,70.73,7.48,Wednesday,0,0,6,Monsoon,773.16
2023-06-08,Z01,51938,13245,30.64,61.55,0.0,Thursday,0,0,6,Monsoon,818.46
2023-06-09,Z01,51859,13278,32.27,67.79,2.46,Friday,0,0,6,Monsoon,823.12
2023-06-10,Z01,52155,13302,35.91,61.71,36.93,Saturday,1,0,6,Monsoon,751.95
2023-06-11,Z01,52562,13211,31.27,62.65,9.42,Sunday,1,0,6,Monsoon,798.28
2023-06-12,Z01,51972,13329,34.52,68.05,8.77,Monday,0,0,6,Monsoon,737.83
2023-06-13,Z01,51741,13170,31.55,,0.0,Tuesday,0,0,6,Monsoon,844.3
2023-06-14,Z01,52390,13218,35.01,67.04,0.0,Wednesday,0,0,6,Monsoon,843.08
2023-06-15,Z01,52059,13210,31.6,65.36,0.0,Thursday,0,0,6,Monsoon,788.02
2023-06-16,Z01,52340,13272,37.08,68.85,0.0,Friday,0,0,6,Monsoon,889.52
2023-06-17,Z01,52459,13253,33.16,55.19,1.91,Saturday,1,0,6,Monsoon,889.95
2023-06-18,Z01,52275,13225,32.74,68.29,33.2,Sunday,1,0,6,Monsoon,802.25
2023-06-19,Z01,52400,13235,33.9,63.32,0.0,Monday,0,0,6,Monsoon,841.85
2023-06-20,Z01,52350,13305,36.9,60.67,,Tuesday,0,0,6,Monsoon,926.71
2023-06-21,Z01,52608,13264,33.56,70.01,0.0,Wednesday,0,0,6,Monsoon,764.99
2023-06-22,Z01,52219,13261,31.34,64.93,18.96,Thursday,0,0,6,Monsoon,761.97
2023-06-23,Z01,51673,13261,35.68,55.21,0.0,Friday,0,0,6,Monsoon,799.04
2023-06-24,Z01,52220,13179,35.21,67.07,0.0,Saturday,1,0,6,Monsoon,780.17
2023-06-25,Z01,52516,13156,33.28,58.27,0.0,Sunday,1,0,6,Monsoon,823.55
2023-06-26,Z01,52350,13317,33.56,65.93,0.0,Monday,0,0,6,Monsoon,860.72
2023-06-27,Z01,52070,13253,30.83,66.42,0.0,Tuesday,0,0,6,Monsoon,817.75
2023-06-28,Z01,52180,13280,30.18,60.19,0.0,Wednesday,0,0,6,Monsoon,815.71
2023-06-29,Z01,52677,13270,35.24,76.85,0.0,Thursday,0,0,6,Monsoon,808.04
2023-06-30,Z01,52323,13236,31.84,76.37,5.23,Friday,0,0,6,Monsoon,799.47
2023-07-01,Z01,52355,13209,34.59,73.15,7.4,Saturday,1,0,7,Monsoon,811.24
2023-07-02,Z01,52122,13287,30.39,69.78,13.81,Sunday,1,0,7,Monsoon,831.97
2023-07-03,Z01,52457,13202,35.49,65.2,0.0,Monday,0,0,7,Monsoon,813.24
2023-07-04,Z01,52357,13262,34.39,71.04,0.0,Tuesday,0,0,7,Monsoon,730.98
2023-07-05,Z01,52178,13194,33.97,70.11,13.39,Wednesday,0,0,7,Monsoon,761.12
2023-07-06,Z01,52085,13272,30.0,74.96,8.8,Thursday,0,0,7,Monsoon,737.2
2023-07-07,Z01,52141,13249,32.73,61.52,0.0,Friday,0,0,7,Monsoon,811.3
2023-07-08,Z01,52221,13275,32.84,75.52,0.0,Saturday,1,0,7,Monsoon,871.19
2023-07-09,Z01,52011,13335,35.63,67.97,8.53,Sunday,1,0,7,Monsoon,844.79
2023-07-10,Z01,52271,13225,35.25,67.89,0.0,Monday,0,0,7,Monsoon,835.5
2023-07-11,Z01,51995,13227,30.29,,6.97,Tuesday,0,0,7,Monsoon,743.78
2023-07-12,Z01,52062,13270,30.74,72.51,0.0,Wednesday,0,0,7,Monsoon,804.27
2023-07-13,Z01,52608,13247,32.29,62.99,0.0,Thursday,0,0,7,Monsoon,798.99
2023-07-14,Z01,52597,13254,38.03,62.49,13.6,Friday,0,0,7,Monsoon,780.35
2023-07-15,Z01,52346,13293,33.46,57.66,2.3,Saturday,1,0,7,Monsoon,836.88
2023-07-16,Z01,52229,13180,32.95,63.51,2.21,Sunday,1,0,7,Monsoon,873.56
2023-07-17,Z01,52375,13263,33.94,67.77,19.65,Monday,0,0,7,Monsoon,779.55
2023-07-18,Z01,52081,13259,31.98,59.4,3.46,Tuesday,0,0,7,Monsoon,762.29
2023-07-19,Z01,51941,13240,31.92,71.41,8.57,Wednesday,0,0,7,Monsoon,724.93
2023-07-20,Z01,52737,13265,33.24,66.93,0.94,Thursday,0,0,7,Monsoon,811.45
2023-07-21,Z01,52567,13250,29.18,59.68,0.0,Friday,0,0,7,Monsoon,781.28
2023-07-22,Z01,52134,13299,35.38,62.38,16.44,Saturday,1,0,7,Monsoon,822.0
2023-07-23,Z01,51950,13331,31.0,68.94,0.0,Sunday,1,0,7,Monsoon,802.12
2023-07-24,Z01,52177,13291,33.33,63.63,0.0,Monday,0,0,7,Monsoon,802.7
2023-07-25,Z01,52043,13281,33.58,56.2,6.08,Tuesday,0,0,7,Monsoon,759.23
2023-07-26,Z01,52062,13289,34.34,62.97,0.0,Wednesday,0,0,7,Monsoon,817.95
2023-07-27,Z01,51959,13229,31.38,59.21,17.78,Thursday,0,0,7,Monsoon,761.95
2023-07-28,Z01,52332,13262,29.67,59.49,21.69,Friday,0,0,7,Monsoon,756.94
2023-07-29,Z01,52210,13282,31.1,64.56,0.0,Saturday,1,0,7,Monsoon,758.7
2023-07-30,Z01,52003,13247,29.66,58.75,0.0,Sunday,1,0,7,Monsoon,796.59
2023-07-31,Z01,52364,13275,32.83,72.26,0.0,Monday,0,0,7,Monsoon,804.57
2023-08-01,Z01,52568,13214,31.65,71.7,12.01,Tuesday,0,0,8,Monsoon,749.34
2023-08-02,Z01,52190,13263,32.35,61.2,13.27,Wednesday,0,0,8,Monsoon,778.37
2023-08-03,Z01,52445,13306,32.5,70.19,0.0,Thursday,0,0,8,Monsoon,836.44
2023-08-04,Z01,52525,13222,30.37,66.21,12.86,Friday,0,0,8,Monsoon,706.23
2023-08-05,Z01,52259,13258,29.0,68.61,0.0,Saturday,1,0,8,Monsoon,787.82
2023-08-06,Z01,51885,13267,31.62,70.77,5.43,Sunday,1,0,8,Monsoon,838.29
2023-08-07,Z01,52162,13257,28.64,68.2,0.0,Monday,0,0,8,Monsoon,792.28
2023-08-08,Z01,52857,13227,31.48,73.98,0.0,Tuesday,0,0,8,Monsoon,763.99
2023-08-09,Z01,52262,13276,30.2,65.11,0.0,Wednesday,0,0,8,Monsoon,783.82
2023-08-10,Z01,52206,13210,33.48,65.91,0.0,Thursday,0,0,8,Monsoon,783.31
2023-08-11,Z01,52007,13248,47.95,60.71,6.35,Friday,0,0,8,Monsoon,778.62
2023-08-12,Z01,52131,13212,28.55,63.64,14.15,Saturday,1,0,8,Monsoon,831.5
2023-08-13,Z01,52317,13228,30.23,66.25,0.0,Sunday,1,0,8,Monsoon,811.35
2023-08-14,Z01,52154,13277,33.17,63.4,0.0,Monday,0,0,8,Monsoon,730.47
2023-08-15,Z01,52240,13233,31.28,62.16,16.31,Tuesday,0,1,8,Monsoon,813.09
2023-08-16,Z01,52104,13336,33.18,64.71,0.0,Wednesday,0,0,8,Monsoon,782.47
2023-08-17,Z01,52280,13266,30.77,64.23,0.0,Thursday,0,0,8,Monsoon,767.95
2023-08-18,Z01,51930,13262,29.09,66.62,28.57,Friday,0,0,8,Monsoon,685.96
2023-08-19,Z01,52079,13249,31.25,62.63,5.0,Saturday,1,0,8,Monsoon,782.2
2023-08-20,Z01,52549,13292,33.94,75.22,10.88,Sunday,1,0,8,Monsoon,781.65
2023-08-21,Z01,52011,13233,30.13,59.51,4.29,Monday,0,0,8,Monsoon,756.81
2023-08-22,Z01,51953,13330,32.55,65.99,12.16,Tuesday,0,0,8,Monsoon,809.28
2023-08-23,Z01,52302,13185,28.24,69.88,22.83,Wednesday,0,0,8,Monsoon,729.85
2023-08-24,Z01,51864,13271,30.64,63.86,0.0,Thursday,0,0,8,Monsoon,772.91
2023-08-25,Z01,52243,13251,29.1,65.86,7.9,Friday,0,0,8,Monsoon,760.89
2023-08-26,Z01,52401,13271,29.96,70.47,0.0,Saturday,1,0,8,Monsoon,750.34
2023-08-27,Z01,52281,13278,28.84,69.49,0.0,Sunday,1,0,8,Monsoon,814.74
2023-08-28,Z01,51757,13299,32.1,67.93,0.0,Monday,0,0,8,Monsoon,808.76
2023-08-29,Z01,52675,13242,29.09,69.8,3.41,Tuesday,0,0,8,Monsoon,782.04
2023-08-30,Z01,52341,13264,32.39,,10.36,Wednesday,0,0,8,Monsoon,728.59
2023-08-31,Z01,51778,13274,27.08,,5.73,Thursday,0,0,8,Monsoon,746.99
2023-09-01,Z01,52407,13249,28.87,71.38,2.39,Friday,0,0,9,Monsoon,729.11
2023-09-02,Z01,52546,13284,29.4,64.87,0.0,Saturday,1,0,9,Monsoon,783.38
2023-09-03,Z01,52509,13254,27.74,60.69,0.0,Sunday,1,0,9,Monsoon,734.04
2023-09-04,Z01,52744,13324,25.61,71.25,6.86,Monday,0,0,9,Monsoon,687.25
2023-09-05,Z01,52027,13281,25.62,70.34,4.96,Tuesday,0,0,9,Monsoon,684.59
2023-09-06,Z01,52149,13220,29.53,63.61,0.0,Wednesday,0,0,9,Monsoon,748.94
2023-09-07,Z01,52446,13270,29.75,59.96,11.57,Thursday,0,0,9,Monsoon,756.78
2023-09-08,Z01,52424,13295,22.56,74.95,5.88,Friday,0,0,9,Monsoon,717.86
2023-09-09,Z01,52025,13312,24.43,73.8,3.11,Saturday,1,0,9,Monsoon,738.93
2023-09-10,Z01,52482,13216,27.35,62.53,0.0,Sunday,1,0,9,Monsoon,743.26
2023-09-11,Z01,52292,13236,26.68,63.14,0.0,Monday,0,0,9,Monsoon,754.4
2023-09-12,Z01,51756,13263,24.31,64.45,4.51,Tuesday,0,0,9,Monsoon,735.94
2023-09-13,Z01,51859,13254,28.23,61.33,3.07,Wednesday,0,0,9,Monsoon,738.56
2023-09-14,Z01,52144,13268,27.2,63.24,12.42,Thursday,0,0,9,Monsoon,721.55
2023-09-15,Z01,52246,13267,27.77,75.14,18.27,Friday,0,0,9,Monsoon,729.38
2023-09-16,Z01,52428,13284,26.32,67.46,4.94,Saturday,1,0,9,Monsoon,775.07
2023-09-17,Z01,52106,13230,28.1,69.23,20.81,Sunday,1,0,9,Monsoon,753.84
2023-09-18,Z01,52286,13260,31.62,62.66,14.4,Monday,0,0,9,Monsoon,710.72
2023-09-19,Z01,52286,13240,29.45,69.02,33.9,Tuesday,0,0,9,Monsoon,699.47
2023-09-20,Z01,52351,13278,25.63,70.52,0.0,Wednesday,0,0,9,Monsoon,750.01
2023-09-21,Z01,52345,13277,24.17,60.92,0.23,Thursday,0,0,9,Monsoon,730.12
2023-09-22,Z01,52190,13303,25.92,68.05,6.82,Friday,0,0,9,Monsoon,713.75
2023-09-23,Z01,52545,13303,30.43,61.64,3.93,Saturday,1,0,9,Monsoon,805.52
2023-09-24,Z01,52035,13307,24.02,74.13,13.7,Sunday,1,0,9,Monsoon,730.87
2023-09-25,Z01,52166,13242,23.46,77.2,13.83,Monday,0,0,9,Monsoon,708.06
2023-09-26,Z01,52310,13299,25.84,65.81,0.97,Tuesday,0,0,9,Monsoon,751.42
2023-09-27,Z01,52311,13283,21.8,64.76,13.91,Wednesday,0,0,9,Monsoon,711.17
2023-09-28,Z01,52515,13278,25.06,64.73,0.0,Thursday,0,0,9,Monsoon,752.15
2023-09-29,Z01,52355,13310,26.07,71.34,4.85,Friday,0,0,9,Monsoon,784.46
2023-09-30,Z01,51894,13257,27.3,65.47,0.0,Saturday,1,0,9,Monsoon,820.71
2023-10-01,Z01,52125,,26.42,69.74,12.04,Sunday,1,0,10,Post-Monsoon,746.21
2023-10-02,Z01,52352,13290,27.07,69.75,4.82,Monday,0,1,10,Post-Monsoon,776.71
2023-10-03,Z01,52878,13265,26.25,72.68,45.57,Tuesday,0,0,10,Post-Monsoon,670.27
2023-10-04,Z01,52240,,26.98,68.6,9.48,Wednesday,0,0,10,Post-Monsoon,804.49
2023-10-05,Z01,52149,13259,23.28,73.35,11.38,Thursday,0,0,10,Post-Monsoon,731.84
2023-10-06,Z01,52061,13292,26.26,69.0,17.15,Friday,0,0,10,Post-Monsoon,704.31
2023-10-07,Z01,52657,13306,26.15,73.62,5.88,Saturday,1,0,10,Post-Monsoon,735.88
2023-10-08,Z01,52028,13296,24.93,70.34,16.27,Sunday,1,0,10,Post-Monsoon,793.4
2023-10-09,Z01,51868,13250,21.23,69.68,6.79,Monday,0,0,10,Post-Monsoon,726.2
2023-10-10,Z01,52102,13250,24.67,68.91,8.81,Tuesday,0,0,10,Post-Monsoon,718.38
2023-10-11,Z01,52201,13279,24.67,71.07,0.0,Wednesday,0,0,10,Post-Monsoon,734.1
2023-10-12,Z01,52447,13307,23.5,72.53,0.0,Thursday,0,0,10,Post-Monsoon,771.47
2023-10-13,Z01,52122,13286,24.28,67.73,0.0,Friday,0,0,10,Post-Monsoon,701.94
2023-10-14,Z01,52147,13289,22.56,63.5,11.6,Saturday,1,0,10,Post-Monsoon,792.92
2023-10-15,Z01,52462,13249,21.47,77.4,3.72,Sunday,1,0,10,Post-Monsoon,741.89
2023-10-16,Z01,52266,13330,22.32,62.14,15.03,Monday,0,0,10,Post-Monsoon,667.37
2023-10-17,Z01,52329,13328,21.75,68.94,0.42,Tuesday,0,0,10,Post-Monsoon,700.41
2023-10-18,Z01,52406,13325,24.82,56.09,11.48,Wednesday,0,0,10,Post-Monsoon,735.72
2023-10-19,Z01,52498,13280,19.92,67.91,3.52,Thursday,0,0,10,Post-Monsoon,737.37
2023-10-20,Z01,51581,13243,27.28,64.14,24.7,Friday,0,0,10,Post-Monsoon,732.22
2023-10-21,Z01,52462,13301,24.8,79.38,1.85,Saturday,1,0,10,Post-Monsoon,796.62
2023-10-22,Z01,52242,13329,25.16,80.69,0.0,Sunday,1,0,10,Post-Monsoon,759.15
2023-10-23,Z01,52228,13258,17.67,69.02,6.63,Monday,0,1,10,Post-Monsoon,740.05
2023-10-24,Z01,52417,13318,23.66,75.35,0.0,Tuesday,0,0,10,Post-Monsoon,752.24
2023-10-25,Z01,52281,13304,27.47,65.44,25.05,Wednesday,0,0,10,Post-Monsoon,708.6
2023-10-26,Z01,52483,13212,25.84,68.37,0.0,Thursday,0,0,10,Post-Monsoon,719.74
2023-10-27,Z01,52420,13289,21.82,69.75,0.0,Friday,0,0,10,Post-Monsoon,750.9
2023-10-28,Z01,52567,13342,22.33,58.83,18.8,Saturday,1,0,10,Post-Monsoon,720.29
2023-10-29,Z01,52733,13317,23.92,71.5,0.0,Sunday,1,0,10,Post-Monsoon,771.72
2023-10-30,Z01,51812,13296,23.17,74.77,0.0,Monday,0,0,10,Post-Monsoon,776.45
2023-10-31,Z01,52272,13308,27.49,74.18,7.32,Tuesday,0,0,10,Post-Monsoon,762.65
2023-11-01,Z01,52301,13288,25.52,65.89,0.0,Wednesday,0,0,11,Post-Monsoon,762.9
2023-11-02,Z01,52373,13289,21.7,73.34,0.0,Thursday,0,0,11,Post-Monsoon,719.34
2023-11-03,Z01,52210,13236,23.5,74.19,0.0,Friday,0,0,11,Post-Monsoon,687.08
2023-11-04,Z01,51950,13303,20.3,64.22,8.79,Saturday,1,0,11,Post-Monsoon,751.18
2023-11-05,Z01,52611,13303,20.59,65.55,12.93,Sunday,1,0,11,Post-Monsoon,668.94
2023-11-06,Z01,52142,13348,18.5,63.62,0.0,Monday,0,0,11,Post-Monsoon,762.79
2023-11-07,Z01,52210,13315,17.17,62.12,29.81,Tuesday,0,0,11,Post-Monsoon,674.64
2023-11-08,Z01,52896,13274,21.71,78.49,21.67,Wednesday,0,0,11,Post-Monsoon,694.62
2023-11-09,Z01,52131,13260,22.22,74.13,0.0,Thursday,0,0,11,Post-Monsoon,735.1
2023-11-10,Z01,52129,13320,23.23,81.72,6.85,Friday,0,0,11,Post-Monsoon,749.37
2023-11-11,Z01,52272,13314,19.86,68.16,0.0,Saturday,1,0,11,Post-Monsoon,777.94
2023-11-12,Z01,51913,13228,18.92,64.07,3.13,Sunday,1,0,11,Post-Monsoon,720.98
2023-11-13,Z01,52706,13318,21.4,67.22,13.3,Monday,0,0,11,Post-Monsoon,685.99
2023-11-14,Z01,51868,13303,22.82,67.48,0.0,Tuesday,0,0,11,Post-Monsoon,715.62
2023-11-15,Z01,52369,13292,21.0,70.24,26.94,Wednesday,0,0,11,Post-Monsoon,685.98
2023-11-16,Z01,52583,13272,46.99,65.13,0.0,Thursday,0,0,11,Post-Monsoon,793.03
2023-11-17,Z01,51832,13277,23.56,71.31,21.41,Friday,0,0,11,Post-Monsoon,730.51
2023-11-18,Z01,52762,13309,22.84,67.34,32.6,Saturday,1,0,11,Post-Monsoon,722.17
2023-11-19,Z01,52236,13297,23.84,71.2,0.0,Sunday,1,0,11,Post-Monsoon,762.87
2023-11-20,Z01,52330,13234,24.69,71.45,7.43,Monday,0,0,11,Post-Monsoon,715.33
2023-11-21,Z01,52520,13306,21.14,68.76,4.52,Tuesday,0,0,11,Post-Monsoon,904.27
2023-11-22,Z01,52544,13315,21.61,67.82,9.89,Wednesday,0,0,11,Post-Monsoon,707.67
2023-11-23,Z01,51953,13316,17.38,70.79,0.0,Thursday,0,0,11,Post-Monsoon,673.42
2023-11-24,Z01,52293,13225,22.36,76.26,0.0,Friday,0,0,11,Post-Monsoon,741.24
2023-11-25,Z01,52721,13358,22.9,64.14,14.46,Saturday,1,0,11,Post-Monsoon,752.17
2023-11-26,Z01,52551,13351,20.95,69.36,0.0,Sunday,1,0,11,Post-Monsoon,736.62
2023-11-27,Z01,52708,13347,18.56,75.64,0.0,Monday,0,0,11,Post-Monsoon,736.83
2023-11-28,Z01,52642,13303,23.31,70.21,0.0,Tuesday,0,0,11,Post-Monsoon,718.99
2023-11-29,Z01,52512,13325,,67.28,0.0,Wednesday,0,0,11,Post-Monsoon,734.24
2023-11-30,Z01,52655,13281,23.23,68.26,23.86,Thursday,0,0,11,Post-Monsoon,670.81
2023-12-01,Z01,52603,13254,17.03,75.6,7.29,Friday,0,0,12,Winter,702.18
2023-12-02,Z01,52630,13274,23.65,65.09,0.0,Saturday,1,0,12,Winter,818.31
2023-12-03,Z01,52261,13296,23.0,76.13,0.0,Sunday,1,0,12,Winter,773.63
2023-12-04,Z01,52154,13300,,75.73,0.0,Monday,0,0,12,Winter,754.1
2023-12-05,Z01,52319,13294,21.56,66.52,0.0,Tuesday,0,0,12,Winter,739.65
2023-12-06,Z01,52163,13353,19.89,78.4,12.94,Wednesday,0,0,12,Winter,687.78
2023-12-07,Z01,52444,13347,18.52,,0.0,Thursday,0,0,12,Winter,744.71
2023-12-08,Z01,52360,13319,18.13,67.49,2.29,Friday,0,0,12,Winter,735.01
2023-12-09,Z01,52338,13302,18.81,74.14,6.81,Saturday,1,0,12,Winter,741.8
2023-12-10,Z01,52799,13321,16.56,73.97,8.5,Sunday,1,0,12,Winter,727.89
2023-12-11,Z01,52444,13242,19.6,76.76,0.0,Monday,0,0,12,Winter,699.19
2023-12-12,Z01,52394,13291,22.86,73.63,0.0,Tuesday,0,0,12,Winter,751.5
2023-12-13,Z01,52195,13334,17.83,75.31,0.0,Wednesday,0,0,12,Winter,742.5
2023-12-14,Z01,52512,13204,20.64,69.29,0.0,Thursday,0,0,12,Winter,750.89
2023-12-15,Z01,52128,13300,20.16,70.65,21.84,Friday,0,0,12,Winter,699.99
2023-12-16,Z01,51981,13311,18.85,68.82,0.0,Saturday,1,0,12,Winter,757.03
2023-12-17,Z01,52099,13265,17.41,79.95,0.0,Sunday,1,0,12,Winter,758.18
2023-12-18,Z01,52181,13298,24.92,74.9,16.79,Monday,0,0,12,Winter,680.49
2023-12-19,Z01,52708,13343,19.06,69.74,0.0,Tuesday,0,0,12,Winter,710.37
2023-12-20,Z01,52321,13250,20.23,75.44,0.0,Wednesday,0,0,12,Winter,749.81
2023-12-21,Z01,52608,13337,18.61,62.69,0.0,Thursday,0,0,12,Winter,760.16
2023-12-22,Z01,52248,13243,23.51,72.7,0.0,Friday,0,0,12,Winter,773.25
2023-12-23,Z01,52362,13302,19.15,83.7,6.82,Saturday,1,0,12,Winter,721.55
2023-12-24,Z01,52259,13325,22.15,71.11,0.0,Sunday,1,0,12,Winter,772.76
2023-12-25,Z01,52281,13292,22.99,68.26,0.0,Monday,0,1,12,Winter,767.84
2023-12-26,Z01,52595,13328,19.52,73.23,8.22,Tuesday,0,0,12,Winter,743.64
2023-12-27,Z01,52214,13312,23.5,59.0,2.46,Wednesday,0,0,12,Winter,737.63
2023-12-28,Z01,52295,13309,19.0,63.29,0.0,Thursday,0,0,12,Winter,755.05
2023-12-29,Z01,52045,13320,21.44,64.35,9.31,Friday,0,0,12,Winter,774.36
2023-12-30,Z01,53054,13277,22.07,74.07,0.0,Saturday,1,0,12,Winter,782.59
2023-12-31,Z01,52571,13318,22.52,69.39,0.0,Sunday,1,0,12,Winter,803.47
2024-01-01,Z01,52616,13287,18.07,68.18,0.0,Monday,0,1,1,Winter,802.64
2024-01-02,Z01,52396,13360,22.92,70.05,0.0,Tuesday,0,0,1,Winter,807.42
2024-01-03,Z01,52467,13299,18.43,63.51,0.0,Wednesday,0,0,1,Winter,727.67
2024-01-04,Z01,52165,13267,21.26,77.23,0.0,Thursday,0,0,1,Winter,767.29
2024-01-05,Z01,52269,13274,16.48,72.32,0.0,Friday,0,0,1,Winter,712.22
2024-01-06,Z01,52231,13325,20.92,74.21,0.0,Saturday,1,0,1,Winter,811.49
2024-01-07,Z01,52516,13330,20.63,67.88,0.0,Sunday,1,0,1,Winter,756.89
2024-01-08,Z01,52418,13289,19.06,64.52,0.0,Monday,0,0,1,Winter,749.69
2024-01-09,Z01,52645,13293,17.61,76.33,0.0,Tuesday,0,0,1,Winter,737.15
2024-01-10,Z01,52730,13313,18.07,73.74,0.0,Wednesday,0,0,1,Winter,798.51
2024-01-11,Z01,51886,13326,24.4,76.05,3.82,Thursday,0,0,1,Winter,743.46
2024-01-12,Z01,52128,13291,19.2,75.0,0.0,Friday,0,0,1,Winter,754.98
2024-01-13,Z01,52370,13288,22.34,74.99,0.0,Saturday,1,0,1,Winter,764.18
2024-01-14,Z01,52007,13364,19.85,66.46,25.16,Sunday,1,1,1,Winter,754.2
2024-01-15,Z01,52507,13370,21.55,73.08,0.0,Monday,0,0,1,Winter,728.33
2024-01-16,Z01,52377,13226,16.5,66.63,0.0,Tuesday,0,0,1,Winter,747.08
2024-01-17,Z01,52940,13270,20.76,71.33,10.51,Wednesday,0,0,1,Winter,766.43
2024-01-18,Z01,52961,13314,22.93,68.57,0.0,Thursday,0,0,1,Winter,747.02
2024-01-19,Z01,52534,13288,20.68,66.79,0.0,Friday,0,0,1,Winter,748.37
2024-01-20,Z01,52407,13325,18.35,68.66,30.44,Saturday,1,0,1,Winter,751.57
2024-01-21,Z01,52864,13314,25.83,65.1,0.0,Sunday,1,0,1,Winter,769.22
2024-01-22,Z01,52663,13305,23.62,71.96,0.0,Monday,0,0,1,Winter,723.8
2024-01-23,Z01,52344,13248,23.31,67.31,0.0,Tuesday,0,0,1,Winter,823.36
2024-01-24,Z01,52355,13321,23.23,65.86,0.0,Wednesday,0,0,1,Winter,792.69
2024-01-25,Z01,51951,13274,24.32,70.21,8.89,Thursday,0,0,1,Winter,735.46
2024-01-26,Z01,52123,13288,21.94,68.78,0.0,Friday,0,1,1,Winter,756.58
2024-01-27,Z01,52737,13335,21.74,68.89,0.0,Saturday,1,0,1,Winter,782.88
2024-01-28,Z01,52436,13287,20.56,70.9,0.0,Sunday,1,0,1,Winter,789.54
2024-01-29,Z01,52689,13368,23.61,63.85,0.0,Monday,0,0,1,Winter,766.85
2024-01-30,Z01,52183,13303,20.75,66.46,23.85,Tuesday,0,0,1,Winter,768.24
2024-01-31,Z01,52396,13319,22.29,71.3,0.0,Wednesday,0,0,1,Winter,737.45
2024-02-01,Z01,52522,13264,23.4,74.96,0.0,Thursday,0,0,2,Winter,775.02
2024-02-02,Z01,52157,13356,21.0,64.15,6.44,Friday,0,0,2,Winter,776.52
2024-02-03,Z01,52246,13325,23.96,74.56,0.0,Saturday,1,0,2,Winter,835.38
2024-02-04,Z01,52930,13281,24.76,64.72,0.0,Sunday,1,0,2,Winter,826.8
2024-02-05,Z01,52344,13348,24.3,67.86,0.0,Monday,0,0,2,Winter,805.23
2024-02-06,Z01,52153,13292,22.75,74.99,0.0,Tuesday,0,0,2,Winter,794.98
2024-02-07,Z01,52664,13298,22.06,65.1,0.0,Wednesday,0,0,2,Winter,779.95
2024-02-08,Z01,52650,13341,22.95,71.61,0.0,Thursday,0,0,2,Winter,788.83
2024-02-09,Z01,52572,13345,21.22,69.86,6.42,Friday,0,0,2,Winter,790.88
2024-02-10,Z01,52615,13391,22.27,84.29,12.59,Saturday,1,0,2,Winter,789.38
2024-02-11,Z01,52454,13385,23.22,70.05,0.0,Sunday,1,0,2,Winter,820.66
2024-02-12,Z01,52331,13295,28.18,65.15,5.41,Monday,0,0,2,Winter,803.89
2024-02-13,Z01,52654,13300,23.62,64.14,0.0,Tuesday,0,0,2,Winter,753.41
2024-02-14,Z01,52752,13347,24.99,68.1,0.0,Wednesday,0,0,2,Winter,739.09
2024-02-15,Z01,52531,13346,23.9,63.46,5.34,Thursday,0,0,2,Winter,790.57
2024-02-16,Z01,52243,13299,22.52,62.21,0.0,Friday,0,0,2,Winter,750.9
2024-02-17,Z01,52194,13320,25.46,,0.0,Saturday,1,0,2,Winter,845.08
2024-02-18,Z01,52347,13365,22.83,74.4,7.63,Sunday,1,0,2,Winter,799.22
2024-02-19,Z01,52354,13326,23.42,72.13,21.53,Monday,0,0,2,Winter,703.11
2024-02-20,Z01,53051,13360,26.5,67.65,0.0,Tuesday,0,0,2,Winter,744.22
2024-02-21,Z01,52346,13293,23.63,71.59,6.91,Wednesday,0,0,2,Winter,735.85
2024-02-22,Z01,52374,13345,26.06,71.13,3.27,Thursday,0,0,2,Winter,762.6
2024-02-23,Z01,52561,13343,24.65,63.84,0.0,Friday,0,0,2,Winter,809.75
2024-02-24,Z01,52785,13325,21.27,74.41,0.0,Saturday,1,0,2,Winter,805.2
2024-02-25,Z01,52910,13296,23.52,69.1,0.0,Sunday,1,0,2,Winter,814.2
2024-02-26,Z01,52377,13341,18.8,70.49,0.0,Monday,0,0,2,Winter,741.81
2024-02-27,Z01,52419,13321,23.66,58.92,20.76,Tuesday,0,0,2,Winter,719.51
2024-02-28,Z01,52938,13354,23.41,75.14,0.0,Wednesday,0,0,2,Winter,808.17
2024-02-29,Z01,52772,13314,22.58,67.9,0.0,Thursday,0,0,2,Winter,760.89
2024-03-01,Z01,52359,13350,25.64,67.31,0.0,Friday,0,0,3,Summer,805.05
2024-03-02,Z01,53021,13361,26.82,,0.0,Saturday,1,0,3,Summer,849.58
2024-03-03,Z01,52255,13313,23.97,71.6,0.0,Sunday,1,0,3,Summer,822.28
2024-03-04,Z01,52724,13323,23.76,74.14,1.78,Monday,0,0,3,Summer,791.28
2024-03-05,Z01,52737,13339,26.38,67.6,0.0,Tuesday,0,0,3,Summer,796.4
2024-03-06,Z01,52502,13264,24.54,68.39,0.0,Wednesday,0,0,3,Summer,783.57
2024-03-07,Z01,52242,13273,24.75,71.83,0.0,Thursday,0,0,3,Summer,813.66
2024-03-08,Z01,52455,13339,25.92,70.18,10.83,Friday,0,0,3,Summer,802.37
2024-03-09,Z01,52428,13236,24.44,65.53,0.0,Saturday,1,0,3,Summer,820.61
2024-03-10,Z01,51950,13338,23.95,70.8,0.0,Sunday,1,0,3,Summer,820.61
2024-03-11,Z01,52592,13335,25.41,60.03,0.0,Monday,0,0,3,Summer,880.83
2024-03-12,Z01,52674,13322,24.11,66.91,13.27,Tuesday,0,0,3,Summer,747.62
2024-03-13,Z01,52625,13331,25.16,60.08,0.0,Wednesday,0,0,3,Summer,767.42
2024-03-14,Z01,52321,13295,27.45,69.8,0.0,Thursday,0,0,3,Summer,798.82
2024-03-15,Z01,52398,13346,28.05,62.96,0.0,Friday,0,0,3,Summer,769.05
2024-03-16,Z01,52700,13391,27.51,66.57,0.0,Saturday,1,0,3,Summer,781.18
2024-03-17,Z01,52434,13294,26.77,67.68,0.0,Sunday,1,0,3,Summer,834.95
2024-03-18,Z01,52527,13329,28.89,61.26,0.0,Monday,0,0,3,Summer,825.81
2024-03-19,Z01,52657,13399,28.46,58.32,0.0,Tuesday,0,0,3,Summer,807.6
2024-03-20,Z01,52207,13352,25.7,,0.0,Wednesday,0,0,3,Summer,855.22
2024-03-21,Z01,52540,13336,26.37,72.81,0.0,Thursday,0,0,3,Summer,791.67
2024-03-22,Z01,52395,13333,24.08,71.84,0.0,Friday,0,0,3,Summer,812.35
2024-03-23,Z01,52319,13343,25.47,66.55,0.0,Saturday,1,0,3,Summer,830.56
2024-03-24,Z01,52203,13287,28.46,76.66,0.0,Sunday,1,0,3,Summer,783.19
2024-03-25,Z01,52767,13281,,72.48,0.0,Monday,0,0,3,Summer,766.36
2024-03-26,Z01,52000,13328,30.0,65.74,0.0,Tuesday,0,0,3,Summer,845.86
2024-03-27,Z01,52863,13367,30.0,69.31,0.0,Wednesday,0,0,3,Summer,825.31
2024-03-28,Z01,52234,13303,27.4,68.03,0.0,Thursday,0,0,3,Summer,805.2
2024-03-29,Z01,52808,13328,29.27,64.76,0.0,Friday,0,0,3,Summer,835.06
2024-03-30,Z01,52579,13395,27.84,68.86,0.0,Saturday,1,0,3,Summer,811.97
2024-03-31,Z01,52192,13315,30.47,67.22,0.0,Sunday,1,0,3,Summer,863.85
2024-04-01,Z01,52545,13360,26.98,67.21,0.0,Monday,0,0,4,Summer,766.52
2024-04-02,Z01,52935,13351,25.91,59.79,0.0,Tuesday,0,0,4,Summer,849.86
2024-04-03,Z01,52870,13350,29.61,59.15,0.0,Wednesday,0,0,4,Summer,813.94
2024-04-04,Z01,52341,13345,29.49,65.11,0.0,Thursday,0,0,4,Summer,814.98
2024-04-05,Z01,52947,13375,27.38,69.67,0.0,Friday,0,0,4,Summer,780.62
2024-04-06,Z01,52121,13371,28.51,65.26,16.02,Saturday,1,0,4,Summer,834.76
2024-04-07,Z01,52234,13333,31.9,73.18,0.0,Sunday,1,0,4,Summer,826.74
2024-04-08,Z01,52762,13365,30.82,67.1,0.0,Monday,0,0,4,Summer,828.99
2024-04-09,Z01,52076,13352,29.73,68.56,0.0,Tuesday,0,0,4,Summer,842.87
2024-04-10,Z01,52572,13338,30.09,75.77,0.0,Wednesday,0,0,4,Summer,831.01
2024-04-11,Z01,52416,13339,32.28,73.63,0.0,Thursday,0,0,4,Summer,824.69
2024-04-12,Z01,52448,13321,26.15,74.36,28.25,Friday,0,0,4,Summer,769.39
2024-04-13,Z01,52923,13369,29.73,69.0,0.0,Saturday,1,0,4,Summer,836.86
2024-04-14,Z01,52094,13372,32.3,61.11,0.0,Sunday,1,0,4,Summer,859.12
2024-04-15,Z01,52401,13311,32.13,64.37,0.0,Monday,0,0,4,Summer,834.58
2024-04-16,Z01,52866,13364,31.59,70.89,0.0,Tuesday,0,0,4,Summer,830.25
2024-04-17,Z01,52238,13333,32.92,65.52,0.0,Wednesday,0,0,4,Summer,792.74
2024-04-18,Z01,52539,13320,29.8,58.35,0.0,Thursday,0,0,4,Summer,811.31
2024-04-19,Z01,52576,13393,30.97,69.48,0.0,Friday,0,0,4,Summer,850.93
2024-04-20,Z01,52506,13410,,66.24,,Saturday,1,0,4,Summer,863.91
2024-04-21,Z01,52644,13338,27.5,66.82,0.0,Sunday,1,0,4,Summer,790.04
2024-04-22,Z01,52688,13362,31.9,55.13,0.0,Monday,0,0,4,Summer,893.03
2024-04-23,Z01,52720,13320,31.02,62.02,0.0,Tuesday,0,0,4,Summer,832.47
2024-04-24,Z01,52306,13354,28.54,68.44,0.0,Wednesday,0,0,4,Summer,857.33
2024-04-25,Z01,52548,13277,28.42,72.78,0.0,Thursday,0,0,4,Summer,793.45
2024-04-26,Z01,52306,13302,31.06,60.72,,Friday,0,0,4,Summer,804.93
2024-04-27,Z01,52514,13339,32.45,,0.0,Saturday,1,0,4,Summer,880.07
2024-04-28,Z01,52537,13348,29.79,61.44,14.52,Sunday,1,0,4,Summer,830.29
2024-04-29,Z01,52749,13379,33.27,63.68,0.0,Monday,0,0,4,Summer,849.7
2024-04-30,Z01,52646,13355,30.07,69.13,0.0,Tuesday,0,0,4,Summer,815.22
2024-05-01,Z01,52465,13329,34.72,60.16,0.0,Wednesday,0,0,5,Summer,796.14
2024-05-02,Z01,52151,13369,37.32,60.52,0.0,Thursday,0,0,5,Summer,884.97
2024-05-03,Z01,52904,13337,30.54,64.52,0.0,Friday,0,0,5,Summer,816.96
2024-05-04,Z01,52531,13303,32.69,,0.0,Saturday,1,0,5,Summer,883.6
2024-05-05,Z01,52729,13345,34.32,68.33,0.0,Sunday,1,0,5,Summer,899.85
2024-05-06,Z01,52473,13301,32.9,67.07,0.0,Monday,0,0,5,Summer,805.25
2024-05-07,Z01,52699,13346,28.37,68.26,0.0,Tuesday,0,0,5,Summer,786.74
2024-05-08,Z01,53042,13306,31.57,65.16,0.0,Wednesday,0,0,5,Summer,812.22
2024-05-09,Z01,52974,13336,33.75,56.58,0.0,Thursday,0,0,5,Summer,856.96
2024-05-10,Z01,52324,13379,32.28,63.03,0.0,Friday,0,0,5,Summer,827.97
2024-05-11,Z01,52835,13258,30.8,66.09,14.08,Saturday,1,0,5,Summer,809.89
2024-05-12,Z01,52529,13390,31.07,64.85,0.0,Sunday,1,0,5,Summer,1256.65
2024-05-13,Z01,52831,13393,32.48,63.48,0.0,Monday,0,0,5,Summer,828.78
2024-05-14,Z01,52650,13359,30.43,60.62,0.0,Tuesday,0,0,5,Summer,819.15
2024-05-15,Z01,52951,13361,33.9,63.2,0.0,Wednesday,0,0,5,Summer,836.06
2024-05-16,Z01,52573,13361,36.52,63.15,0.0,Thursday,0,0,5,Summer,850.81
2024-05-17,Z01,52813,13323,34.06,60.11,0.0,Friday,0,0,5,Summer,829.21
2024-05-18,Z01,52129,13311,32.97,62.27,0.0,Saturday,1,0,5,Summer,825.98
2024-05-19,Z01,52302,13409,29.58,60.38,0.0,Sunday,1,0,5,Summer,901.78
2024-05-20,Z01,52740,13353,31.02,62.74,0.0,Monday,0,0,5,Summer,789.74
2024-05-21,Z01,52500,13313,33.77,57.45,6.66,Tuesday,0,0,5,Summer,832.82
2024-05-22,Z01,52413,13355,31.22,63.03,5.26,Wednesday,0,0,5,Summer,776.55
2024-05-23,Z01,52339,13375,30.04,58.79,0.0,Thursday,0,0,5,Summer,805.11
2024-05-24,Z01,52765,13377,30.25,64.38,48.1,Friday,0,0,5,Summer,698.78
2024-05-25,Z01,52231,13401,38.19,59.58,0.58,Saturday,1,0,5,Summer,883.26
2024-05-26,Z01,52662,13368,34.04,62.25,0.0,Sunday,1,0,5,Summer,891.97
2024-05-27,Z01,52830,13382,30.6,58.21,3.66,Monday,0,0,5,Summer,829.05
2024-05-28,Z01,52708,13362,35.89,65.35,0.0,Tuesday,0,0,5,Summer,894.73
2024-05-29,Z01,52534,13326,34.94,69.61,0.0,Wednesday,0,0,5,Summer,882.43
2024-05-30,Z01,52598,13354,32.12,76.61,7.18,Thursday,0,0,5,Summer,845.42
2024-05-31,Z01,52423,,32.36,60.44,0.0,Friday,0,0,5,Summer,874.68
2024-06-01,Z01,52500,13347,32.05,,0.0,Saturday,1,0,6,Monsoon,831.36
2024-06-02,Z01,52224,13364,34.16,72.28,0.0,Sunday,1,0,6,Monsoon,870.06
2024-06-03,Z01,52553,13382,35.28,64.91,0.0,Monday,0,0,6,Monsoon,827.97
2024-06-04,Z01,52416,13335,31.51,67.17,0.0,Tuesday,0,0,6,Monsoon,791.71
2024-06-05,Z01,52360,13346,32.41,67.58,21.45,Wednesday,0,0,6,Monsoon,760.82
2024-06-06,Z01,52683,13389,34.36,74.88,0.0,Thursday,0,0,6,Monsoon,825.54
2024-06-07,Z01,52738,13328,36.18,64.68,17.26,Friday,0,0,6,Monsoon,807.9
2024-06-08,Z01,52999,13392,33.23,,0.0,Saturday,1,0,6,Monsoon,869.22
2024-06-09,Z01,52238,13327,43.31,61.55,0.0,Sunday,1,0,6,Monsoon,843.01
2024-06-10,Z01,52318,13342,35.08,66.34,0.0,Monday,0,0,6,Monsoon,839.77
2024-06-11,Z01,52621,13335,33.58,64.5,10.0,Tuesday,0,0,6,Monsoon,779.58
2024-06-12,Z01,52586,13339,33.59,64.34,0.0,Wednesday,0,0,6,Monsoon,824.92
2024-06-13,Z01,52493,13379,34.71,67.86,0.0,Thursday,0,0,6,Monsoon,852.81
2024-06-14,Z01,52690,13397,32.67,61.31,0.0,Friday,0,0,6,Monsoon,839.01
2024-06-15,Z01,52612,13357,29.55,64.75,0.0,Saturday,1,0,6,Monsoon,833.41
2024-06-16,Z01,52328,13331,28.76,63.8,0.0,Sunday,1,0,6,Monsoon,817.82
2024-06-17,Z01,52848,13363,33.25,69.32,4.77,Monday,0,0,6,Monsoon,805.18
2024-06-18,Z01,53203,13363,32.47,58.61,1.4,Tuesday,0,0,6,Monsoon,844.58
2024-06-19,Z01,52580,13381,34.34,59.81,7.56,Wednesday,0,0,6,Monsoon,748.91
2024-06-20,Z01,53004,13363,35.12,66.14,0.0,Thursday,0,0,6,Monsoon,852.48
2024-06-21,Z01,52485,13401,35.95,59.44,5.71,Friday,0,0,6,Monsoon,801.71
2024-06-22,Z01,52825,,36.01,61.42,4.01,Saturday,1,0,6,Monsoon,838.07
2024-06-23,Z01,52622,13326,32.77,71.32,0.0,Sunday,1,0,6,Monsoon,821.78
2024-06-24,Z01,52605,13484,34.55,61.7,0.0,Monday,0,0,6,Monsoon,787.11
2024-06-25,Z01,53141,13359,30.5,63.45,13.8,Tuesday,0,0,6,Monsoon,767.45
2024-06-26,Z01,52734,13410,36.06,65.2,0.0,Wednesday,0,0,6,Monsoon,804.69
2024-06-27,Z01,52308,13356,34.55,57.92,0.0,Thursday,0,0,6,Monsoon,830.59
2024-06-28,Z01,52911,13385,34.07,60.09,0.0,Friday,0,0,6,Monsoon,818.02
2024-06-29,Z01,52731,13291,32.33,70.62,2.33,Saturday,1,0,6,Monsoon,841.73
2024-06-30,Z01,52748,13352,32.43,,0.0,Sunday,1,0,6,Monsoon,876.38
2024-07-01,Z01,52399,13410,32.17,66.09,0.86,Monday,0,0,7,Monsoon,786.55
2024-07-02,Z01,52786,13439,36.61,61.39,19.78,Tuesday,0,0,7,Monsoon,783.03
2024-07-03,Z01,52727,13385,33.54,63.46,0.0,Wednesday,0,0,7,Monsoon,850.65
2024-07-04,Z01,53083,13352,37.02,65.2,0.0,Thursday,0,0,7,Monsoon,795.64
2024-07-05,Z01,52759,13380,37.65,58.87,0.0,Friday,0,0,7,Monsoon,868.89
2024-07-06,Z01,52415,13416,36.17,65.87,12.31,Saturday,1,0,7,Monsoon,851.57
2024-07-07,Z01,52444,13330,32.17,65.78,0.0,Sunday,1,0,7,Monsoon,840.93
2024-07-08,Z01,52501,13418,33.11,62.09,0.0,Monday,0,0,7,Monsoon,763.65
2024-07-09,Z01,52904,13306,35.84,70.58,0.0,Tuesday,0,0,7,Monsoon,830.35
2024-07-10,Z01,52543,13398,32.22,62.26,13.45,Wednesday,0,0,7,Monsoon,778.42
2024-07-11,Z01,52391,13382,37.21,64.38,0.0,Thursday,0,0,7,Monsoon,855.32
2024-07-12,Z01,52568,13335,36.29,50.12,0.0,Friday,0,0,7,Monsoon,812.4
2024-07-13,Z01,53087,13343,32.07,64.07,6.96,Saturday,1,0,7,Monsoon,795.59
2024-07-14,Z01,52684,13385,32.86,61.07,0.0,Sunday,1,0,7,Monsoon,835.8
2024-07-15,Z01,52940,13344,32.14,64.74,0.0,Monday,0,0,7,Monsoon,814.42
2024-07-16,Z01,52751,13286,33.93,64.07,0.0,Tuesday,0,0,7,Monsoon,822.4
2024-07-17,Z01,52661,13368,34.45,60.94,0.0,Wednesday,0,0,7,Monsoon,905.99
2024-07-18,Z01,52695,13318,33.4,59.45,21.92,Thursday,0,0,7,Monsoon,782.14
2024-07-19,Z01,53130,13329,36.16,67.98,4.59,Friday,0,0,7,Monsoon,801.93
2024-07-20,Z01,52609,13299,35.29,62.86,6.21,Saturday,1,0,7,Monsoon,808.38
2024-07-21,Z01,52775,13389,32.59,58.75,2.18,Sunday,1,0,7,Monsoon,813.78
2024-07-22,Z01,52584,13356,36.83,64.34,7.44,Monday,0,0,7,Monsoon,751.87
2024-07-23,Z01,52788,13365,32.58,68.17,6.03,Tuesday,0,0,7,Monsoon,847.72
2024-07-24,Z01,52126,13319,32.53,62.15,37.15,Wednesday,0,0,7,Monsoon,744.55
2024-07-25,Z01,52858,13359,32.16,67.74,0.0,Thursday,0,0,7,Monsoon,853.24
2024-07-26,Z01,52999,13335,30.81,59.48,0.0,Friday,0,0,7,Monsoon,802.2
2024-07-27,Z01,52427,13328,32.48,62.2,29.76,Saturday,1,0,7,Monsoon,808.22
2024-07-28,Z01,52743,13371,29.11,73.19,17.98,Sunday,1,0,7,Monsoon,780.95
2024-07-29,Z01,52992,13384,33.17,71.02,0.0,Monday,0,0,7,Monsoon,836.13
2024-07-30,Z01,52510,13338,33.81,64.79,8.75,Tuesday,0,0,7,Monsoon,795.22
2024-07-31,Z01,52817,13387,36.09,67.15,18.88,Wednesday,0,0,7,Monsoon,762.46
2024-08-01,Z01,52147,13373,30.16,66.09,14.3,Thursday,0,0,8,Monsoon,794.67
2024-08-02,Z01,52495,13366,29.43,67.94,0.0,Friday,0,0,8,Monsoon,849.45
2024-08-03,Z01,52622,13355,32.46,66.45,0.0,Saturday,1,0,8,Monsoon,854.17
2024-08-04,Z01,52936,13394,31.92,63.21,4.78,Sunday,1,0,8,Monsoon,791.6
2024-08-05,Z01,52913,13352,32.89,65.64,0.0,Monday,0,0,8,Monsoon,817.99
2024-08-06,Z01,52746,13374,32.64,65.61,0.0,Tuesday,0,0,8,Monsoon,779.17
2024-08-07,Z01,52431,13391,31.04,73.98,5.21,Wednesday,0,0,8,Monsoon,789.3
2024-08-08,Z01,52575,13301,32.08,62.21,22.49,Thursday,0,0,8,Monsoon,766.5
2024-08-09,Z01,53096,13403,29.49,61.3,8.2,Friday,0,0,8,Monsoon,802.46
2024-08-10,Z01,52720,13410,33.03,63.49,0.0,Saturday,1,0,8,Monsoon,778.58
2024-08-11,Z01,52894,13340,31.95,64.08,21.84,Sunday,1,0,8,Monsoon,768.47
2024-08-12,Z01,52523,13428,33.04,65.73,2.08,Monday,0,0,8,Monsoon,808.13
2024-08-13,Z01,52776,13339,32.51,69.81,1.21,Tuesday,0,0,8,Monsoon,807.61
2024-08-14,Z01,52028,13422,31.3,60.97,5.53,Wednesday,0,0,8,Monsoon,792.59
2024-08-15,Z01,53109,13391,31.85,68.77,16.75,Thursday,0,1,8,Monsoon,804.3
2024-08-16,Z01,52829,13383,24.68,68.94,14.53,Friday,0,0,8,Monsoon,775.67
2024-08-17,Z01,52369,13390,31.6,70.15,0.0,Saturday,1,0,8,Monsoon,795.2
2024-08-18,Z01,52587,13406,29.92,69.69,25.51,Sunday,1,0,8,Monsoon,774.55
2024-08-19,Z01,53083,13320,29.6,70.07,12.44,Monday,0,0,8,Monsoon,775.77
2024-08-20,Z01,52619,13391,32.78,73.85,10.65,Tuesday,0,0,8,Monsoon,792.63
2024-08-21,Z01,52757,13343,32.9,58.64,0.0,Wednesday,0,0,8,Monsoon,799.14
2024-08-22,Z01,52605,13357,29.1,74.35,3.9,Thursday,0,0,8,Monsoon,788.27
2024-08-23,Z01,52702,13383,31.79,74.04,0.0,Friday,0,0,8,Monsoon,778.7
2024-08-24,Z01,52539,13345,26.47,59.41,3.17,Saturday,1,0,8,Monsoon,754.65
2024-08-25,Z01,52454,13365,28.67,73.85,19.69,Sunday,1,0,8,Monsoon,764.8
2024-08-26,Z01,52701,13355,30.11,64.42,21.18,Monday,0,0,8,Monsoon,731.17
2024-08-27,Z01,52696,13352,29.8,62.64,1.74,Tuesday,0,0,8,Monsoon,794.81
2024-08-28,Z01,53348,13413,32.15,68.66,0.0,Wednesday,0,0,8,Monsoon,775.21
2024-08-29,Z01,52694,13367,30.55,66.16,26.03,Thursday,0,0,8,Monsoon,756.44
2024-08-30,Z01,52447,13439,29.52,62.75,5.69,Friday,0,0,8,Monsoon,740.61
2024-08-31,Z01,52673,13362,31.42,66.48,5.17,Saturday,1,0,8,Monsoon,818.1
2024-09-01,Z01,52700,13421,29.11,70.02,1.29,Sunday,1,0,9,Monsoon,818.18
2024-09-02,Z01,52830,13372,27.36,69.6,0.0,Monday,0,0,9,Monsoon,747.73
2024-09-03,Z01,52505,13364,32.13,69.03,0.0,Tuesday,0,0,9,Monsoon,791.65
2024-09-04,Z01,52040,13353,28.64,64.48,23.13,Wednesday,0,0,9,Monsoon,696.26
2024-09-05,Z01,52646,13379,28.04,77.74,0.0,Thursday,0,0,9,Monsoon,755.8
2024-09-06,Z01,52534,13417,30.13,65.35,9.35,Friday,0,0,9,Monsoon,757.56
2024-09-07,Z01,52793,13412,25.93,62.23,19.5,Saturday,1,0,9,Monsoon,759.99
2024-09-08,Z01,53178,13364,28.61,70.55,6.3,Sunday,1,0,9,Monsoon,860.51
2024-09-09,Z01,53134,13428,28.89,61.2,0.0,Monday,0,0,9,Monsoon,732.33
2024-09-10,Z01,52784,13293,27.35,70.11,17.6,Tuesday,0,0,9,Monsoon,691.72
2024-09-11,Z01,52743,13374,30.37,61.23,10.85,Wednesday,0,0,9,Monsoon,720.5
2024-09-12,Z01,53231,13407,24.34,52.64,9.47,Thursday,0,0,9,Monsoon,710.69
2024-09-13,Z01,52949,13371,26.82,67.21,10.15,Friday,0,0,9,Monsoon,729.01
2024-09-14,Z01,53233,13366,26.42,66.93,7.33,Saturday,1,0,9,Monsoon,769.24
2024-09-15,Z01,52150,13454,27.14,69.84,0.0,Sunday,1,0,9,Monsoon,780.13
2024-09-16,Z01,53108,13368,28.83,62.92,0.0,Monday,0,0,9,Monsoon,762.49
2024-09-17,Z01,52270,13342,23.3,63.23,1.76,Tuesday,0,0,9,Monsoon,687.33
2024-09-18,Z01,53043,13403,27.45,61.78,3.32,Wednesday,0,0,9,Monsoon,781.58
2024-09-19,Z01,52902,13363,27.0,65.39,39.03,Thursday,0,0,9,Monsoon,680.75
2024-09-20,Z01,52379,13367,25.78,66.43,16.19,Friday,0,0,9,Monsoon,737.61
2024-09-21,Z01,52768,13358,26.05,78.2,3.13,Saturday,1,0,9,Monsoon,739.62
2024-09-22,Z01,52488,13374,28.47,69.23,3.48,Sunday,1,0,9,Monsoon,795.3
2024-09-23,Z01,52680,13406,25.78,68.68,0.0,Monday,0,0,9,Monsoon,752.91
2024-09-24,Z01,52890,13339,24.15,,9.52,Tuesday,0,0,9,Monsoon,760.63
2024-09-25,Z01,52640,13318,26.38,67.41,40.47,Wednesday,0,0,9,Monsoon,697.44
2024-09-26,Z01,52624,13388,24.56,70.6,3.53,Thursday,0,0,9,Monsoon,747.02
2024-09-27,Z01,52741,13401,27.94,64.89,11.94,Friday,0,0,9,Monsoon,707.26
2024-09-28,Z01,53054,13403,28.87,71.44,4.32,Saturday,1,0,9,Monsoon,804.5
2024-09-29,Z01,52589,13401,22.42,72.56,13.74,Sunday,1,0,9,Monsoon,734.73
2024-09-30,Z01,52717,13458,28.41,68.14,19.22,Monday,0,0,9,Monsoon,713.95
2024-10-01,Z01,52303,13432,29.65,66.21,16.34,Tuesday,0,0,10,Post-Monsoon,723.98
2024-10-02,Z01,52823,13376,24.1,68.93,3.44,Wednesday,0,1,10,Post-Monsoon,780.6
2024-10-03,Z01,52408,13428,19.81,68.0,0.0,Thursday,0,0,10,Post-Monsoon,732.79
2024-10-04,Z01,53044,13369,26.34,68.27,36.28,Friday,0,0,10,Post-Monsoon,695.93
2024-10-05,Z01,52832,13376,26.71,59.33,0.0,Saturday,1,0,10,Post-Monsoon,767.38
2024-10-06,Z01,52872,13432,24.25,72.14,4.41,Sunday,1,0,10,Post-Monsoon,758.04
2024-10-07,Z01,52873,13403,21.64,61.15,0.0,Monday,0,0,10,Post-Monsoon,714.06
2024-10-08,Z01,52962,13350,21.89,,7.11,Tuesday,0,0,10,Post-Monsoon,707.36
2024-10-09,Z01,52989,13368,26.78,65.09,0.0,Wednesday,0,0,10,Post-Monsoon,744.92
2024-10-10,Z01,52739,13389,26.13,57.96,18.91,Thursday,0,0,10,Post-Monsoon,717.5
2024-10-11,Z01,52403,13421,22.83,60.62,0.0,Friday,0,0,10,Post-Monsoon,741.51
2024-10-12,Z01,52866,13333,20.01,77.01,3.87,Saturday,1,0,10,Post-Monsoon,741.88
2024-10-13,Z01,52878,13401,26.34,63.64,10.12,Sunday,1,0,10,Post-Monsoon,752.37
2024-10-14,Z01,52783,13360,25.64,62.73,7.96,Monday,0,0,10,Post-Monsoon,681.13
2024-10-15,Z01,52606,13439,22.98,68.57,0.0,Tuesday,0,0,10,Post-Monsoon,735.86
2024-10-16,Z01,52786,13412,23.96,72.61,3.98,Wednesday,0,0,10,Post-Monsoon,741.14
2024-10-17,Z01,52955,13443,21.77,65.69,38.89,Thursday,0,0,10,Post-Monsoon,677.26
2024-10-18,Z01,52779,13416,23.11,74.13,4.15,Friday,0,0,10,Post-Monsoon,712.06
2024-10-19,Z01,53041,13393,23.58,64.46,7.37,Saturday,1,0,10,Post-Monsoon,771.16
2024-10-20,Z01,52722,13399,24.99,76.14,18.69,Sunday,1,0,10,Post-Monsoon,721.54
2024-10-21,Z01,52825,13349,22.64,68.55,28.65,Monday,0,0,10,Post-Monsoon,716.68
2024-10-22,Z01,52804,13366,23.22,68.77,6.34,Tuesday,0,0,10,Post-Monsoon,738.93
2024-10-23,Z01,52639,13416,22.73,54.57,22.4,Wednesday,0,1,10,Post-Monsoon,733.53
2024-10-24,Z01,52596,13400,20.39,78.11,10.67,Thursday,0,0,10,Post-Monsoon,726.22
2024-10-25,Z01,52625,13417,21.65,58.82,2.14,Friday,0,0,10,Post-Monsoon,736.47
2024-10-26,Z01,52614,13334,20.6,74.96,0.0,Saturday,1,0,10,Post-Monsoon,771.17
2024-10-27,Z01,52682,13367,26.83,66.13,27.19,Sunday,1,0,10,Post-Monsoon,712.6
2024-10-28,Z01,52771,13399,28.61,60.89,16.43,Monday,0,0,10,Post-Monsoon,754.03
2024-10-29,Z01,52531,13405,23.54,70.19,27.5,Tuesday,0,0,10,Post-Monsoon,694.3
2024-10-30,Z01,52643,13394,22.93,66.44,0.0,Wednesday,0,0,10,Post-Monsoon,709.55
2024-10-31,Z01,52736,13350,20.34,68.03,13.83,Thursday,0,0,10,Post-Monsoon,687.7
2024-11-01,Z01,52930,13377,20.68,75.83,0.0,Friday,0,0,11,Post-Monsoon,748.29
2024-11-02,Z01,52302,13450,22.94,73.88,0.0,Saturday,1,0,11,Post-Monsoon,774.58
2024-11-03,Z01,52890,13392,23.81,60.5,39.19,Sunday,1,0,11,Post-Monsoon,692.31
2024-11-04,Z01,52883,13377,21.62,73.67,18.51,Monday,0,0,11,Post-Monsoon,728.94
2024-11-05,Z01,53610,13440,22.56,64.62,27.73,Tuesday,0,0,11,Post-Monsoon,729.05
2024-11-06,Z01,52487,13420,19.34,63.01,0.0,Wednesday,0,0,11,Post-Monsoon,745.56
2024-11-07,Z01,52927,13422,19.77,69.73,0.0,Thursday,0,0,11,Post-Monsoon,680.91
2024-11-08,Z01,52615,13435,23.88,65.31,5.62,Friday,0,0,11,Post-Monsoon,743.17
2024-11-09,Z01,52695,13473,18.54,72.72,20.05,Saturday,1,0,11,Post-Monsoon,732.23
2024-11-10,Z01,52615,13437,25.05,70.28,0.0,Sunday,1,0,11,Post-Monsoon,791.71
2024-11-11,Z01,52833,13456,19.96,69.96,0.0,Monday,0,0,11,Post-Monsoon,744.3
2024-11-12,Z01,52606,13440,23.75,76.02,11.45,Tuesday,0,0,11,Post-Monsoon,763.19
2024-11-13,Z01,52564,13369,22.28,68.24,22.31,Wednesday,0,0,11,Post-Monsoon,730.9
2024-11-14,Z01,52874,13430,18.17,67.7,10.45,Thursday,0,0,11,Post-Monsoon,764.05
2024-11-15,Z01,52944,13426,21.93,71.27,32.25,Friday,0,0,11,Post-Monsoon,656.16
2024-11-16,Z01,53036,13417,23.36,69.58,11.33,Saturday,1,0,11,Post-Monsoon,749.32
2024-11-17,Z01,52518,13457,22.04,69.08,12.99,Sunday,1,0,11,Post-Monsoon,850.16
2024-11-18,Z01,52332,13405,20.11,69.43,11.48,Monday,0,0,11,Post-Monsoon,702.75
2024-11-19,Z01,53315,13388,24.54,68.13,0.0,Tuesday,0,0,11,Post-Monsoon,770.6
2024-11-20,Z01,52802,13386,21.0,74.19,0.0,Wednesday,0,0,11,Post-Monsoon,726.64
2024-11-21,Z01,53067,13451,19.46,67.05,29.42,Thursday,0,0,11,Post-Monsoon,650.04
2024-11-22,Z01,52588,13399,23.95,61.26,5.75,Friday,0,0,11,Post-Monsoon,745.48
2024-11-23,Z01,52931,13450,17.16,77.37,0.0,Saturday,1,0,11,Post-Monsoon,778.87
2024-11-24,Z01,52824,13417,22.95,60.9,3.54,Sunday,1,0,11,Post-Monsoon,785.36
2024-11-25,Z01,52690,13442,23.31,60.45,0.0,Monday,0,0,11,Post-Monsoon,773.41
2024-11-26,Z01,52522,13442,18.14,70.1,0.0,Tuesday,0,0,11,Post-Monsoon,751.72
2024-11-27,Z01,52655,13413,22.51,80.46,13.18,Wednesday,0,0,11,Post-Monsoon,744.24
2024-11-28,Z01,52659,13389,20.3,71.63,10.22,Thursday,0,0,11,Post-Monsoon,731.27
2024-11-29,Z01,53119,13386,17.2,71.24,0.0,Friday,0,0,11,Post-Monsoon,734.36
2024-11-30,Z01,52612,13472,18.31,67.28,1.2,Saturday,1,0,11,Post-Monsoon,774.98
2024-12-01,Z01,52971,13405,18.2,70.26,0.0,Sunday,1,0,12,Winter,779.97
2024-12-02,Z01,53201,13424,22.14,67.7,0.0,Monday,0,0,12,Winter,764.34
2024-12-03,Z01,52901,13374,18.5,74.0,3.97,Tuesday,0,0,12,Winter,718.29
2024-12-04,Z01,53189,13440,21.82,78.87,3.97,Wednesday,0,0,12,Winter,737.19
2024-12-05,Z01,52784,13393,21.77,71.12,16.12,Thursday,0,0,12,Winter,698.92
2024-12-06,Z01,52281,13374,18.69,71.11,0.0,Friday,0,0,12,Winter,725.98
2024-12-07,Z01,52881,13428,20.95,69.78,0.0,Saturday,1,0,12,Winter,808.0
2024-12-08,Z01,52684,13399,19.32,70.83,0.0,Sunday,1,0,12,Winter,788.34
2024-12-09,Z01,53010,13436,44.05,75.07,2.35,Monday,0,0,12,Winter,743.91
2024-12-10,Z01,52832,13389,21.3,69.35,0.0,Tuesday,0,0,12,Winter,755.34
2024-12-11,Z01,52619,13337,21.19,63.55,0.0,Wednesday,0,0,12,Winter,752.28
2024-12-12,Z01,52543,13412,23.39,77.2,13.4,Thursday,0,0,12,Winter,749.94
2024-12-13,Z01,52985,13392,19.69,71.11,0.0,Friday,0,0,12,Winter,753.06
2024-12-14,Z01,52511,13472,25.0,70.14,0.0,Saturday,1,0,12,Winter,773.07
2024-12-15,Z01,53183,13373,19.77,71.23,0.0,Sunday,1,0,12,Winter,755.85
2024-12-16,Z01,53004,13455,19.84,72.25,0.0,Monday,0,0,12,Winter,721.71
2024-12-17,Z01,52947,13433,23.01,63.52,11.66,Tuesday,0,0,12,Winter,754.4
2024-12-18,Z01,52603,13418,20.34,74.67,0.0,Wednesday,0,0,12,Winter,755.27
2024-12-19,Z01,52805,13391,20.58,68.22,0.0,Thursday,0,0,12,Winter,777.75
2024-12-20,Z01,52948,13414,17.48,70.2,0.0,Friday,0,0,12,Winter,747.4
2024-12-21,Z01,53085,13393,18.64,78.02,0.0,Saturday,1,0,12,Winter,755.72
2024-12-22,Z01,52830,13418,20.96,82.4,16.97,Sunday,1,0,12,Winter,726.89
2024-12-23,Z01,52958,13264,21.37,79.13,0.0,Monday,0,0,12,Winter,778.68
2024-12-24,Z01,53093,13418,15.33,74.48,13.67,Tuesday,0,0,12,Winter,705.99
2024-12-25,Z01,53033,13479,22.3,59.18,0.0,Wednesday,0,1,12,Winter,766.29
2024-12-26,Z01,52872,13432,17.19,75.3,0.0,Thursday,0,0,12,Winter,728.23
2024-12-27,Z01,52374,13407,20.08,70.96,0.0,Friday,0,0,12,Winter,747.8
2024-12-28,Z01,52935,13454,19.89,71.79,0.0,Saturday,1,0,12,Winter,752.29
2024-12-29,Z01,52725,13433,20.16,68.56,6.53,Sunday,1,0,12,Winter,766.84
2024-12-30,Z01,53078,13401,23.92,66.49,0.0,Monday,0,0,12,Winter,732.31
2024-12-31,Z01,53250,13468,21.35,65.06,7.56,Tuesday,0,0,12,Winter,773.53
2025-01-01,Z01,53418,13429,19.36,67.38,0.0,Wednesday,0,1,1,Winter,781.82
2025-01-02,Z01,53019,13421,18.19,72.1,0.0,Thursday,0,0,1,Winter,766.47
2025-01-03,Z01,52671,13451,13.95,74.79,0.0,Friday,0,0,1,Winter,716.82
2025-01-04,Z01,52869,13405,22.31,71.47,0.0,Saturday,1,0,1,Winter,813.83
2025-01-05,Z01,53668,13427,20.66,61.3,0.0,Sunday,1,0,1,Winter,1037.7
2025-01-06,Z01,52334,13423,23.05,68.99,0.0,Monday,0,0,1,Winter,719.37
2025-01-07,Z01,53040,13360,22.61,72.8,0.0,Tuesday,0,0,1,Winter,779.37
2025-01-08,Z01,53006,13453,,64.11,9.2,Wednesday,0,0,1,Winter,747.84
2025-01-09,Z01,53164,13392,20.9,65.51,13.24,Thursday,0,0,1,Winter,794.38
2025-01-10,Z01,52730,13490,19.77,70.92,0.0,Friday,0,0,1,Winter,802.86
2025-01-11,Z01,52917,13465,21.68,69.12,0.0,Saturday,1,0,1,Winter,862.61
2025-01-12,Z01,52910,13430,23.18,65.72,0.0,Sunday,1,0,1,Winter,754.45
2025-01-13,Z01,52753,13422,24.14,70.97,0.0,Monday,0,0,1,Winter,754.73
2025-01-14,Z01,53165,13425,19.77,75.88,0.0,Tuesday,0,1,1,Winter,800.12
2025-01-15,Z01,52822,13432,19.15,72.58,0.0,Wednesday,0,0,1,Winter,718.8
2025-01-16,Z01,53165,13414,20.0,65.34,0.0,Thursday,0,0,1,Winter,739.83
2025-01-17,Z01,53360,13441,21.96,73.69,0.0,Friday,0,0,1,Winter,754.31
2025-01-18,Z01,52821,13441,21.55,67.54,0.0,Saturday,1,0,1,Winter,794.21
2025-01-19,Z01,52417,13443,22.86,81.5,0.0,Sunday,1,0,1,Winter,781.63
2025-01-20,Z01,52943,13433,19.37,69.56,0.0,Monday,0,0,1,Winter,780.25
2025-01-21,Z01,52883,13376,19.89,68.8,0.0,Tuesday,0,0,1,Winter,765.19
2025-01-22,Z01,53076,13460,24.01,71.19,0.0,Wednesday,0,0,1,Winter,803.47
2025-01-23,Z01,53056,13376,19.5,69.0,0.0,Thursday,0,0,1,Winter,751.97
2025-01-24,Z01,53224,13469,23.66,63.32,6.79,Friday,0,0,1,Winter,745.59
2025-01-25,Z01,52824,13474,22.24,79.23,0.0,Saturday,1,0,1,Winter,863.61
2025-01-26,Z01,52903,13383,23.61,66.01,0.0,Sunday,1,1,1,Winter,869.89
2025-01-27,Z01,53182,13415,21.36,69.24,0.0,Monday,0,0,1,Winter,802.51
2025-01-28,Z01,53394,13460,21.07,73.81,0.0,Tuesday,0,0,1,Winter,815.58
2025-01-29,Z01,52908,13421,22.77,77.27,0.0,Wednesday,0,0,1,Winter,971.13
2025-01-30,Z01,52862,13434,25.13,66.64,0.0,Thursday,0,0,1,Winter,756.15
2025-01-31,Z01,53245,13486,22.18,72.04,15.42,Friday,0,0,1,Winter,740.82
2025-02-01,Z01,53018,13419,21.37,78.07,0.0,Saturday,1,0,2,Winter,768.01
2025-02-02,Z01,52667,,23.73,71.43,15.44,Sunday,1,0,2,Winter,775.74
2025-02-03,Z01,52511,13390,19.78,74.07,16.37,Monday,0,0,2,Winter,696.95
2025-02-04,Z01,52214,13473,18.46,75.06,21.97,Tuesday,0,0,2,Winter,670.92
2025-02-05,Z01,52457,13446,21.78,70.0,0.0,Wednesday,0,0,2,Winter,799.43
2025-02-06,Z01,53221,13417,19.48,78.36,36.42,Thursday,0,0,2,Winter,678.62
2025-02-07,Z01,52942,13485,23.25,69.57,0.0,Friday,0,0,2,Winter,786.04
2025-02-08,Z01,52914,13418,21.33,66.78,0.0,Saturday,1,0,2,Winter,780.49
2025-02-09,Z01,52863,13457,17.6,74.07,0.0,Sunday,1,0,2,Winter,783.85
2025-02-10,Z01,52791,13358,24.49,69.34,0.0,Monday,0,0,2,Winter,759.35
2025-02-11,Z01,52973,13489,23.15,61.82,0.0,Tuesday,0,0,2,Winter,785.75
2025-02-12,Z01,53069,13328,23.93,63.36,0.0,Wednesday,0,0,2,Winter,776.37
2025-02-13,Z01,52509,13458,24.46,68.38,0.0,Thursday,0,0,2,Winter,764.53
2025-02-14,Z01,52542,13471,22.71,68.45,0.0,Friday,0,0,2,Winter,780.01
2025-02-15,Z01,52587,13451,23.31,65.44,0.0,Saturday,1,0,2,Winter,750.61
2025-02-16,Z01,53327,13485,24.02,66.83,0.0,Sunday,1,0,2,Winter,810.1
2025-02-17,Z01,52722,13461,27.6,66.42,0.0,Monday,0,0,2,Winter,768.84
2025-02-18,Z01,52910,13465,22.37,73.23,0.0,Tuesday,0,0,2,Winter,762.09
2025-02-19,Z01,52627,13505,23.35,71.86,0.0,Wednesday,0,0,2,Winter,760.05
2025-02-20,Z01,53203,13417,21.91,70.07,0.0,Thursday,0,0,2,Winter,779.58
2025-02-21,Z01,53339,13448,25.05,,0.0,Friday,0,0,2,Winter,767.09
2025-02-22,Z01,52597,13464,24.44,68.55,39.41,Saturday,1,0,2,Winter,791.94
2025-02-23,Z01,52728,13359,24.7,62.53,0.0,Sunday,1,0,2,Winter,775.37
2025-02-24,Z01,53110,13500,22.71,70.02,0.0,Monday,0,0,2,Winter,776.54
2025-02-25,Z01,53049,13472,26.17,63.16,0.0,Tuesday,0,0,2,Winter,799.44
2025-02-26,Z01,52757,13418,27.79,68.18,0.0,Wednesday,0,0,2,Winter,797.69
2025-02-27,Z01,53262,13412,23.87,67.34,5.4,Thursday,0,0,2,Winter,814.95
2025-02-28,Z01,52655,13421,23.65,78.5,0.0,Friday,0,0,2,Winter,811.59
2025-03-01,Z01,52866,13387,26.2,69.81,0.0,Saturday,1,0,3,Summer,845.94
2025-03-02,Z01,52904,13444,26.54,59.86,0.0,Sunday,1,0,3,Summer,838.59
2025-03-03,Z01,52419,13434,,75.03,0.0,Monday,0,0,3,Summer,872.13
2025-03-04,Z01,53180,13423,23.95,64.98,0.0,Tuesday,0,0,3,Summer,833.01
2025-03-05,Z01,52868,13417,23.49,62.68,0.0,Wednesday,0,0,3,Summer,843.56
2025-03-06,Z01,52529,13427,23.15,73.68,0.0,Thursday,0,0,3,Summer,775.77
2025-03-07,Z01,52826,13496,26.42,70.61,0.0,Friday,0,0,3,Summer,811.51
2025-03-08,Z01,53278,13376,24.82,61.97,0.0,Saturday,1,0,3,Summer,833.45
2025-03-09,Z01,53032,13414,25.63,54.58,0.0,Sunday,1,0,3,Summer,833.84
2025-03-10,Z01,52463,13427,27.7,59.43,0.0,Monday,0,0,3,Summer,817.29
2025-03-11,Z01,52892,13435,27.51,60.14,0.0,Tuesday,0,0,3,Summer,830.14
2025-03-12,Z01,52837,13437,27.62,69.49,0.0,Wednesday,0,0,3,Summer,787.41
2025-03-13,Z01,52986,13494,24.38,68.91,0.0,Thursday,0,0,3,Summer,801.58
2025-03-14,Z01,53306,13415,28.21,63.35,0.0,Friday,0,0,3,Summer,813.6
2025-03-15,Z01,53258,13477,26.7,70.94,0.0,Saturday,1,0,3,Summer,841.79
2025-03-16,Z01,53182,13418,29.37,64.35,0.0,Sunday,1,0,3,Summer,874.29
2025-03-17,Z01,52882,13442,28.31,63.1,0.0,Monday,0,0,3,Summer,819.49
2025-03-18,Z01,52933,13506,26.33,66.11,0.0,Tuesday,0,0,3,Summer,776.05
2025-03-19,Z01,52827,13483,26.69,64.71,0.0,Wednesday,0,0,3,Summer,858.11
2025-03-20,Z01,52747,13426,30.51,66.63,0.0,Thursday,0,0,3,Summer,849.69
2025-03-21,Z01,52819,13452,28.85,60.36,0.0,Friday,0,0,3,Summer,790.36
2025-03-22,Z01,52822,13461,26.48,63.99,3.29,Saturday,1,0,3,Summer,866.02
2025-03-23,Z01,52913,13458,23.18,71.4,0.0,Sunday,1,0,3,Summer,819.75
2025-03-24,Z01,53151,13503,29.31,55.18,0.0,Monday,0,0,3,Summer,902.27
2025-03-25,Z01,52678,13455,24.92,74.1,0.0,Tuesday,0,0,3,Summer,805.76
2025-03-26,Z01,52831,13498,27.81,63.84,0.0,Wednesday,0,0,3,Summer,766.45
2025-03-27,Z01,52997,13480,26.6,75.03,0.0,Thursday,0,0,3,Summer,806.51
2025-03-28,Z01,53218,13520,24.32,66.48,0.0,Friday,0,0,3,Summer,763.85
2025-03-29,Z01,53277,13449,29.06,74.88,0.0,Saturday,1,0,3,Summer,850.25
2025-03-30,Z01,52742,13481,25.34,66.49,0.0,Sunday,1,0,3,Summer,820.77
2025-03-31,Z01,53615,13443,27.33,71.93,0.0,Monday,0,0,3,Summer,855.57
2025-04-01,Z01,52913,13385,25.08,58.69,0.0,Tuesday,0,0,4,Summer,765.55
2025-04-02,Z01,52983,13439,26.75,70.23,3.97,Wednesday,0,0,4,Summer,817.13
2025-04-03,Z01,53137,13448,29.32,61.87,0.0,Thursday,0,0,4,Summer,811.42
2025-04-04,Z01,52931,13477,30.14,71.32,0.0,Friday,0,0,4,Summer,865.33
2025-04-05,Z01,53066,13440,28.86,63.55,0.0,Saturday,1,0,4,Summer,905.51
2025-04-06,Z01,52745,13505,30.15,76.18,0.0,Sunday,1,0,4,Summer,868.86
2025-04-07,Z01,53018,13387,30.39,67.09,0.0,Monday,0,0,4,Summer,818.27
2025-04-08,Z01,53165,13409,30.16,75.95,0.0,Tuesday,0,0,4,Summer,786.11
2025-04-09,Z01,53090,13447,26.45,69.17,0.0,Wednesday,0,0,4,Summer,868.82
2025-04-10,Z01,53277,13406,27.31,70.47,0.0,Thursday,0,0,4,Summer,788.54
2025-04-11,Z01,52641,13444,31.15,62.96,0.0,Friday,0,0,4,Summer,803.73
2025-04-12,Z01,53427,13453,27.58,65.16,0.0,Saturday,1,0,4,Summer,818.69
2025-04-13,Z01,52953,13517,29.51,65.69,0.0,Sunday,1,0,4,Summer,781.87
2025-04-14,Z01,52978,,31.74,59.2,0.0,Monday,0,0,4,Summer,794.86
2025-04-15,Z01,52926,13420,30.31,64.5,13.43,Tuesday,0,0,4,Summer,828.69
2025-04-16,Z01,53188,13502,31.24,65.93,0.0,Wednesday,0,0,4,Summer,838.2
2025-04-17,Z01,53424,13509,30.12,63.33,0.0,Thursday,0,0,4,Summer,859.27
2025-04-18,Z01,52914,13464,30.2,62.24,12.69,Friday,0,0,4,Summer,832.57
2025-04-19,Z01,53239,13443,31.86,65.2,0.0,Saturday,1,0,4,Summer,890.1
2025-04-20,Z01,53646,13504,31.88,66.05,3.89,Sunday,1,0,4,Summer,838.72
2025-04-21,Z01,52472,13434,30.06,64.54,0.0,Monday,0,0,4,Summer,821.03
2025-04-22,Z01,53165,13434,30.52,65.27,0.0,Tuesday,0,0,4,Summer,810.76
2025-04-23,Z01,52896,13416,30.68,65.94,0.0,Wednesday,0,0,4,Summer,831.59
2025-04-24,Z01,53115,13532,33.37,71.38,0.0,Thursday,0,0,4,Summer,875.77
2025-04-25,Z01,53247,13435,31.18,61.88,0.0,Friday,0,0,4,Summer,817.33
2025-04-26,Z01,53108,13450,27.21,59.63,0.0,Saturday,1,0,4,Summer,820.58
2025-04-27,Z01,53060,13493,32.67,,12.15,Sunday,1,0,4,Summer,877.59
2025-04-28,Z01,53325,13373,30.68,63.82,0.0,Monday,0,0,4,Summer,875.81
2025-04-29,Z01,53361,13415,29.07,64.9,0.0,Tuesday,0,0,4,Summer,779.96
2025-04-30,Z01,53179,13493,30.58,65.19,0.0,Wednesday,0,0,4,Summer,886.56
2025-05-01,Z01,52771,13457,29.37,64.64,0.0,Thursday,0,0,5,Summer,806.22
2025-05-02,Z01,53169,13448,30.72,64.5,0.0,Friday,0,0,5,Summer,780.62
2025-05-03,Z01,52900,13501,32.9,70.2,0.0,Saturday,1,0,5,Summer,863.26
2025-05-04,Z01,52838,13501,34.78,57.76,9.63,Sunday,1,0,5,Summer,809.62
2025-05-05,Z01,53137,13389,31.0,66.01,0.0,Monday,0,0,5,Summer,824.82
2025-05-06,Z01,53227,13468,30.68,65.53,0.0,Tuesday,0,0,5,Summer,882.32
2025-05-07,Z01,53321,13437,31.01,64.02,0.0,Wednesday,0,0,5,Summer,802.59
2025-05-08,Z01,53239,13448,33.43,65.22,0.0,Thursday,0,0,5,Summer,804.54
2025-05-09,Z01,53005,13481,30.97,52.71,0.0,Friday,0,0,5,Summer,832.65
2025-05-10,Z01,53442,13480,32.47,64.38,0.0,Saturday,1,0,5,Summer,853.07
2025-05-11,Z01,52750,13509,33.17,60.69,0.0,Sunday,1,0,5,Summer,892.12
2025-05-12,Z01,52890,13437,33.14,62.45,0.0,Monday,0,0,5,Summer,802.78
2025-05-13,Z01,52979,13449,32.93,68.07,0.0,Tuesday,0,0,5,Summer,858.21
2025-05-14,Z01,52884,13424,31.42,65.11,11.1,Wednesday,0,0,5,Summer,762.87
2025-05-15,Z01,52908,13431,30.49,67.54,0.0,Thursday,0,0,5,Summer,817.38
2025-05-16,Z01,53296,13398,36.68,74.86,0.0,Friday,0,0,5,Summer,853.81
2025-05-17,Z01,52963,13447,34.44,63.09,0.0,Saturday,1,0,5,Summer,873.47
2025-05-18,Z01,52735,13404,36.87,59.35,47.83,Sunday,1,0,5,Summer,796.87
2025-05-19,Z01,53177,13409,30.18,63.58,1.49,Monday,0,0,5,Summer,791.79
2025-05-20,Z01,53488,13454,33.89,57.74,0.0,Tuesday,0,0,5,Summer,832.06
2025-05-21,Z01,52962,13446,32.42,69.31,0.0,Wednesday,0,0,5,Summer,890.25
2025-05-22,Z01,53439,13427,33.13,61.79,0.0,Thursday,0,0,5,Summer,865.11
2025-05-23,Z01,53334,13449,33.55,60.14,0.0,Friday,0,0,5,Summer,811.03
2025-05-24,Z01,53100,13396,33.15,71.81,0.0,Saturday,1,0,5,Summer,851.28
2025-05-25,Z01,53154,13383,35.52,62.1,,Sunday,1,0,5,Summer,826.74
2025-05-26,Z01,53015,13452,30.61,68.36,0.0,Monday,0,0,5,Summer,882.85
2025-05-27,Z01,52893,13429,30.66,72.72,0.0,Tuesday,0,0,5,Summer,872.74
2025-05-28,Z01,53011,13483,,62.27,0.0,Wednesday,0,0,5,Summer,849.27
2025-05-29,Z01,53218,13460,31.89,67.8,14.99,Thursday,0,0,5,Summer,772.09
2025-05-30,Z01,53431,13496,32.76,62.91,0.0,Friday,0,0,5,Summer,833.6
2025-05-31,Z01,53514,13464,37.11,55.46,0.0,Saturday,1,0,5,Summer,958.01
2025-06-01,Z01,52981,13425,35.78,59.2,0.0,Sunday,1,0,6,Monsoon,835.33
2025-06-02,Z01,53337,13465,31.35,72.72,3.46,Monday,0,0,6,Monsoon,799.28
2025-06-03,Z01,52894,13492,32.94,66.1,0.0,Tuesday,0,0,6,Monsoon,836.1
2025-06-04,Z01,52964,13480,30.6,72.98,0.0,Wednesday,0,0,6,Monsoon,852.47
2025-06-05,Z01,53205,13490,32.85,69.83,0.0,Thursday,0,0,6,Monsoon,856.36
2025-06-06,Z01,53140,13451,33.89,58.53,10.65,Friday,0,0,6,Monsoon,812.33
2025-06-07,Z01,52900,13463,31.81,76.57,0.0,Saturday,1,0,6,Monsoon,864.1
2025-06-08,Z01,52561,13378,33.04,57.39,0.0,Sunday,1,0,6,Monsoon,862.77
2025-06-09,Z01,52772,13482,33.9,65.63,27.02,Monday,0,0,6,Monsoon,830.03
2025-06-10,Z01,53244,13466,33.23,67.36,0.0,Tuesday,0,0,6,Monsoon,756.29
2025-06-11,Z01,53377,13512,37.69,62.1,0.0,Wednesday,0,0,6,Monsoon,977.92
2025-06-12,Z01,53472,13548,34.89,63.4,29.75,Thursday,0,0,6,Monsoon,776.0
2025-06-13,Z01,52915,13475,31.06,70.61,23.56,Friday,0,0,6,Monsoon,771.88
2025-06-14,Z01,53252,13439,,64.31,1.53,Saturday,1,0,6,Monsoon,880.75
2025-06-15,Z01,53008,13476,33.72,58.82,21.21,Sunday,1,0,6,Monsoon,809.48
2025-06-16,Z01,53300,13467,32.28,65.09,0.0,Monday,0,0,6,Monsoon,799.47
2025-06-17,Z01,52799,13518,32.52,66.85,0.0,Tuesday,0,0,6,Monsoon,855.94
2025-06-18,Z01,53077,13473,38.65,64.91,17.24,Wednesday,0,0,6,Monsoon,776.19
2025-06-19,Z01,53009,13457,33.33,57.63,2.31,Thursday,0,0,6,Monsoon,859.37
2025-06-20,Z01,52825,13424,33.54,60.27,0.0,Friday,0,0,6,Monsoon,791.98
2025-06-21,Z01,53100,13478,36.88,60.36,0.0,Saturday,1,0,6,Monsoon,865.05
2025-06-22,Z01,53049,13443,29.95,62.87,11.47,Sunday,1,0,6,Monsoon,877.47
2025-06-23,Z01,53419,13499,37.41,71.57,17.49,Monday,0,0,6,Monsoon,817.37
2025-06-24,Z01,53230,13448,33.6,52.25,0.0,Tuesday,0,0,6,Monsoon,828.13
2025-06-25,Z01,53440,13484,36.87,56.35,0.0,Wednesday,0,0,6,Monsoon,884.82
2025-06-26,Z01,53433,13432,33.39,71.35,0.0,Thursday,0,0,6,Monsoon,848.95
2025-06-27,Z01,53570,13418,37.17,59.62,3.0,Friday,0,0,6,Monsoon,855.25
2025-06-28,Z01,53264,13451,31.51,62.33,0.0,Saturday,1,0,6,Monsoon,845.4
2025-06-29,Z01,53254,13512,33.3,58.94,14.8,Sunday,1,0,6,Monsoon,808.38
2025-06-30,Z01,53030,13448,35.32,55.23,7.69,Monday,0,0,6,Monsoon,784.48
2025-07-01,Z01,52982,13461,34.19,60.46,0.0,Tuesday,0,0,7,Monsoon,837.85
2025-07-02,Z01,53108,13479,36.29,59.82,2.07,Wednesday,0,0,7,Monsoon,873.79
2025-07-03,Z01,53134,13466,34.85,62.57,0.0,Thursday,0,0,7,Monsoon,829.46
2025-07-04,Z01,52971,13433,34.92,59.34,0.0,Friday,0,0,7,Monsoon,788.15
2025-07-05,Z01,53375,13401,37.81,60.01,15.91,Saturday,1,0,7,Monsoon,839.81
2025-07-06,Z01,53218,13538,34.79,73.32,1.31,Sunday,1,0,7,Monsoon,840.38
2025-07-07,Z01,53097,13514,32.34,67.73,30.31,Monday,0,0,7,Monsoon,781.06
2025-07-08,Z01,53070,13491,34.13,68.6,0.0,Tuesday,0,0,7,Monsoon,826.75
2025-07-09,Z01,52523,13498,32.97,59.75,0.0,Wednesday,0,0,7,Monsoon,855.57
2025-07-10,Z01,53060,13508,35.34,62.81,0.0,Thursday,0,0,7,Monsoon,813.58
2025-07-11,Z01,53084,13441,30.19,69.72,0.0,Friday,0,0,7,Monsoon,813.17
2025-07-12,Z01,52769,13477,33.18,66.12,0.0,Saturday,1,0,7,Monsoon,809.2
2025-07-13,Z01,53355,13472,33.2,66.3,0.0,Sunday,1,0,7,Monsoon,865.8
2025-07-14,Z01,52853,13513,35.76,63.99,0.0,Monday,0,0,7,Monsoon,831.03
2025-07-15,Z01,52813,13466,30.56,68.43,0.0,Tuesday,0,0,7,Monsoon,760.62
2025-07-16,Z01,53086,13497,32.54,60.5,6.35,Wednesday,0,0,7,Monsoon,809.48
2025-07-17,Z01,52996,,38.29,,2.45,Thursday,0,0,7,Monsoon,811.53
2025-07-18,Z01,53050,13465,36.44,65.58,0.0,Friday,0,0,7,Monsoon,847.25
2025-07-19,Z01,53257,13523,33.43,73.11,0.0,Saturday,1,0,7,Monsoon,859.17
2025-07-20,Z01,53140,13437,32.93,65.44,13.4,Sunday,1,0,7,Monsoon,838.77
2025-07-21,Z01,53148,13433,36.63,61.96,7.63,Monday,0,0,7,Monsoon,861.76
2025-07-22,Z01,53219,13477,34.22,64.12,13.41,Tuesday,0,0,7,Monsoon,804.34
2025-07-23,Z01,53260,13460,34.34,59.16,0.0,Wednesday,0,0,7,Monsoon,809.17
2025-07-24,Z01,53364,13448,31.46,71.27,8.75,Thursday,0,0,7,Monsoon,815.58
2025-07-25,Z01,53296,13501,32.94,61.71,25.54,Friday,0,0,7,Monsoon,749.32
2025-07-26,Z01,53037,13443,33.08,62.19,2.14,Saturday,1,0,7,Monsoon,830.62
2025-07-27,Z01,52895,13505,32.52,67.4,4.94,Sunday,1,0,7,Monsoon,799.88
2025-07-28,Z01,52881,13515,31.9,70.11,5.53,Monday,0,0,7,Monsoon,838.05
2025-07-29,Z01,53126,13548,31.93,70.28,14.26,Tuesday,0,0,7,Monsoon,758.27
2025-07-30,Z01,52789,13499,34.24,61.23,0.0,Wednesday,0,0,7,Monsoon,812.62
2025-07-31,Z01,53093,13487,31.74,73.24,27.16,Thursday,0,0,7,Monsoon,760.59
2025-08-01,Z01,53402,13469,33.39,66.23,0.0,Friday,0,0,8,Monsoon,823.56
2025-08-02,Z01,53239,13504,33.54,56.75,3.83,Saturday,1,0,8,Monsoon,892.01
2025-08-03,Z01,52937,13525,30.22,63.31,0.0,Sunday,1,0,8,Monsoon,823.92
2025-08-04,Z01,53259,13471,35.11,60.32,0.0,Monday,0,0,8,Monsoon,864.83
2025-08-05,Z01,53076,13499,30.23,66.9,8.33,Tuesday,0,0,8,Monsoon,778.81
2025-08-06,Z01,52976,13466,31.62,64.7,13.26,Wednesday,0,0,8,Monsoon,751.69
2025-08-07,Z01,52913,13543,31.81,65.72,10.13,Thursday,0,0,8,Monsoon,778.29
2025-08-08,Z01,53059,13397,29.43,73.23,26.0,Friday,0,0,8,Monsoon,750.02
2025-08-09,Z01,52870,13527,31.72,77.34,0.0,Saturday,1,0,8,Monsoon,887.3
2025-08-10,Z01,53464,13546,29.46,63.47,2.97,Sunday,1,0,8,Monsoon,808.62
2025-08-11,Z01,53270,13422,33.98,62.11,16.48,Monday,0,0,8,Monsoon,770.05
2025-08-12,Z01,53147,13495,29.25,66.73,0.0,Tuesday,0,0,8,Monsoon,751.52
2025-08-13,Z01,52993,13474,30.3,71.69,10.95,Wednesday,0,0,8,Monsoon,782.98
2025-08-14,Z01,53297,13512,32.34,57.7,0.0,Thursday,0,0,8,Monsoon,798.12
2025-08-15,Z01,52870,13423,28.33,65.12,0.0,Friday,0,1,8,Monsoon,792.68
2025-08-16,Z01,53029,13527,30.6,68.86,2.38,Saturday,1,0,8,Monsoon,784.28
2025-08-17,Z01,52952,13502,28.14,66.56,20.04,Sunday,1,0,8,Monsoon,771.2
2025-08-18,Z01,53527,13437,28.9,80.17,0.0,Monday,0,0,8,Monsoon,731.8
2025-08-19,Z01,52449,13498,32.24,60.08,2.64,Tuesday,0,0,8,Monsoon,776.31
2025-08-20,Z01,52826,13497,30.22,68.3,0.0,Wednesday,0,0,8,Monsoon,798.98
2025-08-21,Z01,53266,13479,30.08,70.85,26.51,Thursday,0,0,8,Monsoon,758.52
2025-08-22,Z01,52598,13528,30.53,61.68,4.56,Friday,0,0,8,Monsoon,801.89
2025-08-23,Z01,53118,13529,30.62,71.61,10.33,Saturday,1,0,8,Monsoon,772.45
2025-08-24,Z01,52759,13480,30.77,72.65,0.0,Sunday,1,0,8,Monsoon,804.03
2025-08-25,Z01,53236,13486,32.09,60.72,0.0,Monday,0,0,8,Monsoon,756.48
2025-08-26,Z01,53049,13521,30.18,69.52,0.0,Tuesday,0,0,8,Monsoon,804.89
2025-08-27,Z01,52993,13535,31.04,60.07,20.76,Wednesday,0,0,8,Monsoon,760.88
2025-08-28,Z01,53054,13504,30.59,70.2,8.93,Thursday,0,0,8,Monsoon,772.02
2025-08-29,Z01,52691,13455,32.56,63.14,6.5,Friday,0,0,8,Monsoon,814.31
2025-08-30,Z01,53015,13491,29.89,62.07,4.86,Saturday,1,0,8,Monsoon,787.2
2025-08-31,Z01,52852,13504,29.64,70.62,18.54,Sunday,1,0,8,Monsoon,792.52
2025-09-01,Z01,52497,13507,30.07,68.0,28.78,Monday,0,0,9,Monsoon,737.12
2025-09-02,Z01,53587,13483,27.78,59.16,0.0,Tuesday,0,0,9,Monsoon,782.33
2025-09-03,Z01,53938,13506,26.37,66.3,7.26,Wednesday,0,0,9,Monsoon,736.47
2025-09-04,Z01,53558,13505,28.41,70.15,12.79,Thursday,0,0,9,Monsoon,753.82
2025-09-05,Z01,53349,13500,28.3,74.07,13.95,Friday,0,0,9,Monsoon,731.38
2025-09-06,Z01,53074,13478,25.71,64.32,0.0,Saturday,1,0,9,Monsoon,822.8
2025-09-07,Z01,52514,13518,27.39,69.09,8.72,Sunday,1,0,9,Monsoon,780.16
2025-09-08,Z01,53160,13534,30.27,68.86,22.94,Monday,0,0,9,Monsoon,758.74
2025-09-09,Z01,52870,13565,26.36,73.02,0.0,Tuesday,0,0,9,Monsoon,757.84
2025-09-10,Z01,52842,13496,25.99,65.48,0.0,Wednesday,0,0,9,Monsoon,770.32
2025-09-11,Z01,53381,13496,26.95,70.76,3.22,Thursday,0,0,9,Monsoon,761.31
2025-09-12,Z01,53068,13538,26.87,59.34,26.12,Friday,0,0,9,Monsoon,713.23
2025-09-13,Z01,53358,13488,27.46,68.44,0.0,Saturday,1,0,9,Monsoon,796.87
2025-09-14,Z01,52750,13491,27.07,72.11,7.36,Sunday,1,0,9,Monsoon,806.66
2025-09-15,Z01,53622,13521,26.74,68.32,0.0,Monday,0,0,9,Monsoon,791.48
2025-09-16,Z01,52968,13514,29.89,54.69,9.12,Tuesday,0,0,9,Monsoon,684.18
2025-09-17,Z01,53170,13496,28.58,63.54,7.15,Wednesday,0,0,9,Monsoon,767.65
2025-09-18,Z01,53402,13477,25.46,64.98,9.18,Thursday,0,0,9,Monsoon,766.67
2025-09-19,Z01,53230,13542,29.15,63.01,2.78,Friday,0,0,9,Monsoon,758.17
2025-09-20,Z01,52991,13489,28.02,65.94,5.15,Saturday,1,0,9,Monsoon,795.88
2025-09-21,Z01,53244,13472,27.33,64.5,17.93,Sunday,1,0,9,Monsoon,784.75
2025-09-22,Z01,53476,13483,28.02,63.99,0.0,Monday,0,0,9,Monsoon,706.61
2025-09-23,Z01,53205,13486,30.11,59.79,0.0,Tuesday,0,0,9,Monsoon,756.95
2025-09-24,Z01,53442,13552,25.07,64.25,25.8,Wednesday,0,0,9,Monsoon,710.7
2025-09-25,Z01,52858,13507,27.45,56.47,0.0,Thursday,0,0,9,Monsoon,814.48
2025-09-26,Z01,53558,13524,24.07,66.86,4.12,Friday,0,0,9,Monsoon,788.02
2025-09-27,Z01,53457,13486,26.06,70.23,15.87,Saturday,1,0,9,Monsoon,770.36
2025-09-28,Z01,53132,13532,27.24,60.4,5.47,Sunday,1,0,9,Monsoon,823.26
2025-09-29,Z01,52682,13502,26.5,65.81,12.28,Monday,0,0,9,Monsoon,692.33
2025-09-30,Z01,52953,13482,26.72,74.21,15.72,Tuesday,0,0,9,Monsoon,742.29
2025-10-01,Z01,53499,13484,25.16,73.12,3.44,Wednesday,0,0,10,Post-Monsoon,720.61
2025-10-02,Z01,53280,13512,25.14,66.91,0.0,Thursday,0,1,10,Post-Monsoon,760.09
2025-10-03,Z01,53139,13524,24.73,66.25,0.0,Friday,0,0,10,Post-Monsoon,714.74
2025-10-04,Z01,53094,13544,22.89,65.96,0.0,Saturday,1,0,10,Post-Monsoon,791.59
2025-10-05,Z01,53557,13473,26.29,72.17,2.46,Sunday,1,0,10,Post-Monsoon,805.25
2025-10-06,Z01,53296,13508,25.81,69.89,0.0,Monday,0,0,10,Post-Monsoon,733.78
2025-10-07,Z01,53042,13408,26.24,62.16,0.0,Tuesday,0,0,10,Post-Monsoon,918.59
2025-10-08,Z01,53239,13560,22.7,68.89,8.74,Wednesday,0,0,10,Post-Monsoon,721.07
2025-10-09,Z01,53732,13515,25.82,73.49,2.68,Thursday,0,0,10,Post-Monsoon,762.28
2025-10-10,Z01,53205,13422,,64.49,21.22,Friday,0,0,10,Post-Monsoon,717.81
2025-10-11,Z01,53351,13528,26.97,77.6,0.0,Saturday,1,0,10,Post-Monsoon,1101.43
2025-10-12,Z01,53248,13506,23.9,73.53,0.0,Sunday,1,0,10,Post-Monsoon,748.94
2025-10-13,Z01,53116,13463,24.16,67.45,19.6,Monday,0,0,10,Post-Monsoon,739.54
2025-10-14,Z01,53201,13487,24.14,71.85,15.32,Tuesday,0,0,10,Post-Monsoon,741.37
2025-10-15,Z01,53422,13509,27.08,61.19,0.0,Wednesday,0,0,10,Post-Monsoon,749.03
2025-10-16,Z01,52864,13529,23.92,65.99,0.0,Thursday,0,0,10,Post-Monsoon,736.59
2025-10-17,Z01,53027,13461,25.42,66.63,0.0,Friday,0,0,10,Post-Monsoon,741.39
2025-10-18,Z01,53483,13489,22.23,72.85,2.35,Saturday,1,0,10,Post-Monsoon,696.12
2025-10-19,Z01,53148,13502,20.23,64.56,5.56,Sunday,1,0,10,Post-Monsoon,764.53
2025-10-20,Z01,53210,13547,21.85,60.94,1.81,Monday,0,0,10,Post-Monsoon,720.31
2025-10-21,Z01,53650,13490,20.13,74.58,0.0,Tuesday,0,0,10,Post-Monsoon,760.92
2025-10-22,Z01,53082,13521,24.49,71.97,15.43,Wednesday,0,0,10,Post-Monsoon,730.42
2025-10-23,Z01,52857,13530,23.28,66.6,2.3,Thursday,0,1,10,Post-Monsoon,778.1
2025-10-24,Z01,53121,13451,22.82,70.56,8.68,Friday,0,0,10,Post-Monsoon,687.67
2025-10-25,Z01,52947,13560,21.13,68.73,4.77,Saturday,1,0,10,Post-Monsoon,760.13
2025-10-26,Z01,53155,13533,26.06,66.77,0.0,Sunday,1,0,10,Post-Monsoon,772.05
2025-10-27,Z01,53345,13473,23.23,68.73,13.61,Monday,0,0,10,Post-Monsoon,718.86
2025-10-28,Z01,53202,13498,22.99,65.59,13.19,Tuesday,0,0,10,Post-Monsoon,706.97
2025-10-29,Z01,53735,13465,23.46,69.83,24.72,Wednesday,0,0,10,Post-Monsoon,689.48
2025-10-30,Z01,52760,13515,20.93,68.8,14.1,Thursday,0,0,10,Post-Monsoon,715.65
2025-10-31,Z01,53015,13552,23.6,74.27,5.01,Friday,0,0,10,Post-Monsoon,704.64
2025-11-01,Z01,53105,13479,23.57,73.27,0.0,Saturday,1,0,11,Post-Monsoon,783.74
2025-11-02,Z01,53362,13523,23.33,69.67,1.73,Sunday,1,0,11,Post-Monsoon,738.34
2025-11-03,Z01,53642,13496,22.42,72.85,6.45,Monday,0,0,11,Post-Monsoon,660.67
2025-11-04,Z01,53508,13548,22.82,73.29,15.73,Tuesday,0,0,11,Post-Monsoon,725.36
2025-11-05,Z01,53549,13566,24.75,65.97,12.0,Wednesday,0,0,11,Post-Monsoon,772.03
2025-11-06,Z01,53317,13491,22.76,63.48,0.0,Thursday,0,0,11,Post-Monsoon,784.69
2025-11-07,Z01,53413,13465,22.22,79.85,0.0,Friday,0,0,11,Post-Monsoon,743.14
2025-11-08,Z01,53391,13601,20.28,65.08,3.1,Saturday,1,0,11,Post-Monsoon,761.57
2025-11-09,Z01,53392,13530,20.86,75.84,21.76,Sunday,1,0,11,Post-Monsoon,743.84
2025-11-10,Z01,52915,13492,21.16,66.95,33.92,Monday,0,0,11,Post-Monsoon,674.72
2025-11-11,Z01,53575,13513,18.06,74.59,0.0,Tuesday,0,0,11,Post-Monsoon,674.62
2025-11-12,Z01,53214,13541,20.41,65.81,6.79,Wednesday,0,0,11,Post-Monsoon,699.7
2025-11-13,Z01,53432,13524,23.21,66.04,0.0,Thursday,0,0,11,Post-Monsoon,788.31
2025-11-14,Z01,53557,13562,23.02,65.35,8.59,Friday,0,0,11,Post-Monsoon,712.67
2025-11-15,Z01,53408,13479,22.58,71.26,0.0,Saturday,1,0,11,Post-Monsoon,788.65
2025-11-16,Z01,53366,13551,18.59,70.18,0.0,Sunday,1,0,11,Post-Monsoon,758.6
2025-11-17,Z01,53406,13530,20.74,66.14,13.53,Monday,0,0,11,Post-Monsoon,711.6
2025-11-18,Z01,53258,13510,19.88,78.13,17.49,Tuesday,0,0,11,Post-Monsoon,731.38
2025-11-19,Z01,52967,13470,20.15,66.65,7.74,Wednesday,0,0,11,Post-Monsoon,733.51
2025-11-20,Z01,53081,13512,20.52,79.1,0.0,Thursday,0,0,11,Post-Monsoon,697.74
2025-11-21,Z01,53389,13514,18.42,79.65,16.95,Friday,0,0,11,Post-Monsoon,720.84
2025-11-22,Z01,53394,13499,23.0,65.64,0.0,Saturday,1,0,11,Post-Monsoon,741.22
2025-11-23,Z01,53268,13531,17.33,73.84,0.0,Sunday,1,0,11,Post-Monsoon,798.26
2025-11-24,Z01,52975,13522,18.85,77.01,0.0,Monday,0,0,11,Post-Monsoon,733.75
2025-11-25,Z01,53006,13474,21.45,64.0,19.12,Tuesday,0,0,11,Post-Monsoon,675.23
2025-11-26,Z01,53033,13582,22.4,66.97,2.53,Wednesday,0,0,11,Post-Monsoon,749.92
2025-11-27,Z01,53235,13528,20.69,69.02,7.06,Thursday,0,0,11,Post-Monsoon,738.6
2025-11-28,Z01,52966,13485,21.29,76.93,7.16,Friday,0,0,11,Post-Monsoon,699.3
2025-11-29,Z01,53309,13497,20.12,67.46,0.0,Saturday,1,0,11,Post-Monsoon,757.24
2025-11-30,Z01,53407,13495,20.8,71.16,0.0,Sunday,1,0,11,Post-Monsoon,772.49
2025-12-01,Z01,53297,13522,20.89,76.44,7.63,Monday,0,0,12,Winter,749.62
2025-12-02,Z01,53954,13543,22.59,67.45,0.0,Tuesday,0,0,12,Winter,752.22
2025-12-03,Z01,53368,13536,,68.34,0.0,Wednesday,0,0,12,Winter,767.16
2025-12-04,Z01,53016,13549,18.96,72.96,0.0,Thursday,0,0,12,Winter,789.94
2025-12-05,Z01,53314,13543,18.48,70.47,6.5,Friday,0,0,12,Winter,765.12
2025-12-06,Z01,53412,13533,17.41,73.91,0.0,Saturday,1,0,12,Winter,791.27
2025-12-07,Z01,53274,13477,20.42,74.6,0.0,Sunday,1,0,12,Winter,756.61
2025-12-08,Z01,53393,13438,24.18,70.91,9.1,Monday,0,0,12,Winter,762.24
2025-12-09,Z01,53410,13516,20.6,66.01,0.0,Tuesday,0,0,12,Winter,718.67
2025-12-10,Z01,53835,13581,22.65,68.53,9.47,Wednesday,0,0,12,Winter,784.13
2025-12-11,Z01,53268,13481,18.91,61.53,0.0,Thursday,0,0,12,Winter,703.36
2025-12-12,Z01,53067,13474,20.54,68.24,0.0,Friday,0,0,12,Winter,714.14
2025-12-13,Z01,52682,13448,23.65,78.93,0.0,Saturday,1,0,12,Winter,764.04
2025-12-14,Z01,53498,13507,20.51,69.86,0.0,Sunday,1,0,12,Winter,760.9
2025-12-15,Z01,53037,13541,19.08,71.2,0.0,Monday,0,0,12,Winter,744.08
2025-12-16,Z01,52834,13509,20.07,79.73,9.47,Tuesday,0,0,12,Winter,709.32
2025-12-17,Z01,53366,13532,23.14,70.98,7.51,Wednesday,0,0,12,Winter,742.31
2025-12-18,Z01,53405,13513,18.66,73.25,0.0,Thursday,0,0,12,Winter,767.06
2025-12-19,Z01,53576,13513,21.26,70.48,0.0,Friday,0,0,12,Winter,755.66
2025-12-20,Z01,53539,13524,21.58,72.89,4.3,Saturday,1,0,12,Winter,764.64
2025-12-21,Z01,53244,13563,20.85,71.21,0.0,Sunday,1,0,12,Winter,786.34
2025-12-22,Z01,53276,13546,20.1,70.73,24.2,Monday,0,0,12,Winter,709.17
2025-12-23,Z01,53247,13538,21.71,73.13,20.98,Tuesday,0,0,12,Winter,691.85
2025-12-24,Z01,53658,13537,21.43,73.34,0.0,Wednesday,0,0,12,Winter,774.15
2025-12-25,Z01,53795,13565,19.01,65.45,0.0,Thursday,0,1,12,Winter,775.95
2025-12-26,Z01,53480,13509,17.81,73.07,0.0,Friday,0,0,12,Winter,750.52
2025-12-27,Z01,53232,13554,21.26,65.64,10.4,Saturday,1,0,12,Winter,771.95
2025-12-28,Z01,53371,13582,20.48,61.77,0.0,Sunday,1,0,12,Winter,835.05
2025-12-29,Z01,53305,13521,20.28,71.0,0.0,Monday,0,0,12,Winter,750.91
2025-12-30,Z01,53269,13517,18.77,61.62,39.38,Tuesday,0,0,12,Winter,689.82
2025-12-31,Z01,53239,13564,24.14,75.73,0.0,Wednesday,0,0,12,Winter,769.95
2023-01-01,Z02,40812,10749,17.9,71.34,0.0,Sunday,1,1,1,Winter,629.97
2023-01-02,Z02,40708,10787,19.54,67.27,0.0,Monday,0,0,1,Winter,511.58
2023-01-03,Z02,41003,10804,21.02,67.0,0.0,Tuesday,0,0,1,Winter,552.25
2023-01-04,Z02,41391,10789,20.14,82.47,0.0,Wednesday,0,0,1,Winter,559.33
2023-01-05,Z02,41187,10811,20.66,70.35,0.0,Thursday,0,0,1,Winter,557.83
2023-01-06,Z02,41307,10812,22.02,64.9,0.0,Friday,0,0,1,Winter,574.65
2023-01-07,Z02,40813,10785,24.71,68.51,12.12,Saturday,1,0,1,Winter,559.9
2023-01-08,Z02,41346,10766,19.68,74.87,0.0,Sunday,1,0,1,Winter,556.35
2023-01-09,Z02,41283,10786,20.85,,0.0,Monday,0,0,1,Winter,553.3
2023-01-10,Z02,40767,10777,18.34,73.17,0.0,Tuesday,0,0,1,Winter,528.19
2023-01-11,Z02,41114,10739,20.57,78.09,1.31,Wednesday,0,0,1,Winter,526.91
2023-01-12,Z02,40982,10846,21.75,65.78,0.0,Thursday,0,0,1,Winter,513.29
2023-01-13,Z02,40805,10806,20.2,69.35,0.0,Friday,0,0,1,Winter,550.12
2023-01-14,Z02,41050,10793,21.46,73.63,0.0,Saturday,1,1,1,Winter,597.23
2023-01-15,Z02,40737,10867,18.03,69.31,0.0,Sunday,1,0,1,Winter,615.2
2023-01-16,Z02,40889,10791,20.95,68.08,0.0,Monday,0,0,1,Winter,483.36
2023-01-17,Z02,41019,10840,23.43,67.67,0.0,Tuesday,0,0,1,Winter,540.79
2023-01-18,Z02,40873,10763,20.5,76.93,0.0,Wednesday,0,0,1,Winter,577.26
2023-01-19,Z02,41279,10782,21.38,70.61,0.0,Thursday,0,0,1,Winter,557.33
2023-01-20,Z02,41238,10865,19.82,61.05,0.0,Friday,0,0,1,Winter,545.65
2023-01-21,Z02,41158,10789,20.52,69.42,0.0,Saturday,1,0,1,Winter,569.77
2023-01-22,Z02,40721,10810,18.86,62.85,17.23,Sunday,1,0,1,Winter,549.57
2023-01-23,Z02,41171,10827,15.97,70.76,7.17,Monday,0,0,1,Winter,554.42
2023-01-24,Z02,40697,10858,23.51,67.98,0.1,Tuesday,0,0,1,Winter,536.83
2023-01-25,Z02,41061,10830,24.12,,0.0,Wednesday,0,0,1,Winter,568.87
2023-01-26,Z02,40883,10793,22.58,64.25,8.96,Thursday,0,1,1,Winter,585.32
2023-01-27,Z02,41316,10795,23.87,61.59,0.0,Friday,0,0,1,Winter,537.74
2023-01-28,Z02,41326,10786,20.59,68.81,0.0,Saturday,1,0,1,Winter,559.72
2023-01-29,Z02,40690,10787,23.97,68.82,0.0,Sunday,1,0,1,Winter,606.33
2023-01-30,Z02,41382,10856,21.81,61.84,0.0,Monday,0,0,1,Winter,565.32
2023-01-31,Z02,41267,10832,24.4,64.86,3.14,Tuesday,0,0,1,Winter,560.44
2023-02-01,Z02,40992,10799,20.12,74.05,0.0,Wednesday,0,0,2,Winter,547.8
2023-02-02,Z02,41138,10808,18.88,64.14,0.0,Thursday,0,0,2,Winter,516.93
2023-02-03,Z02,41123,10807,17.64,62.09,0.0,Friday,0,0,2,Winter,597.23
2023-02-04,Z02,41248,10792,22.22,75.23,0.0,Saturday,1,0,2,Winter,571.21
2023-02-05,Z02,41044,10847,20.82,76.81,14.41,Sunday,1,0,2,Winter,552.37
2023-02-06,Z02,40923,10842,21.88,61.82,0.0,Monday,0,0,2,Winter,532.76
2023-02-07,Z02,40747,10820,22.64,68.64,0.0,Tuesday,0,0,2,Winter,571.65
2023-02-08,Z02,40955,10824,25.74,76.0,0.0,Wednesday,0,0,2,Winter,572.37
2023-02-09,Z02,41416,10845,23.26,69.52,0.0,Thursday,0,0,2,Winter,596.21
2023-02-10,Z02,41152,10798,24.18,72.35,0.0,Friday,0,0,2,Winter,565.62
2023-02-11,Z02,41454,10784,22.22,70.91,0.0,Saturday,1,0,2,Winter,574.23
2023-02-12,Z02,41145,10829,26.36,65.04,0.0,Sunday,1,0,2,Winter,575.79
2023-02-13,Z02,40668,10837,23.78,67.07,0.0,Monday,0,0,2,Winter,588.6
2023-02-14,Z02,41092,10835,19.47,73.81,9.3,Tuesday,0,0,2,Winter,574.54
2023-02-15,Z02,40630,10816,22.31,61.59,0.0,Wednesday,0,0,2,Winter,527.6
2023-02-16,Z02,40899,10839,25.83,73.04,0.0,Thursday,0,0,2,Winter,531.25
2023-02-17,Z02,41412,10855,24.26,62.28,0.0,Friday,0,0,2,Winter,614.95
2023-02-18,Z02,40758,10845,22.58,63.08,,Saturday,1,0,2,Winter,599.05
2023-02-19,Z02,40759,10884,23.5,75.56,0.0,Sunday,1,0,2,Winter,584.11
2023-02-20,Z02,41408,10864,19.9,72.95,3.76,Monday,0,0,2,Winter,530.06
2023-02-21,Z02,40848,10795,23.61,63.45,0.0,Tuesday,0,0,2,Winter,580.41
2023-02-22,Z02,41009,10794,27.38,63.94,0.0,Wednesday,0,0,2,Winter,598.19
2023-02-23,Z02,41227,10833,26.51,71.67,0.0,Thursday,0,0,2,Winter,580.37
2023-02-24,Z02,41578,10760,21.23,72.42,0.0,Friday,0,0,2,Winter,564.21
2023-02-25,Z02,40553,10796,20.44,73.85,0.0,Saturday,1,0,2,Winter,553.35
2023-02-26,Z02,41318,10808,25.44,70.39,,Sunday,1,0,2,Winter,574.88
2023-02-27,Z02,41207,10845,25.04,62.04,0.0,Monday,0,0,2,Winter,578.12
2023-02-28,Z02,40981,10790,26.3,60.22,0.0,Tuesday,0,0,2,Winter,572.91
2023-03-01,Z02,41319,10757,27.34,73.59,0.0,Wednesday,0,0,3,Summer,536.74
2023-03-02,Z02,41337,10870,23.01,77.55,0.0,Thursday,0,0,3,Summer,572.19
2023-03-03,Z02,41345,10860,26.78,60.35,0.0,Friday,0,0,3,Summer,602.91
2023-03-04,Z02,40541,10852,24.62,61.64,13.67,Saturday,1,0,3,Summer,552.36
2023-03-05,Z02,41310,10804,24.51,69.92,13.25,Sunday,1,0,3,Summer,580.31
2023-03-06,Z02,40780,10873,25.33,68.79,0.0,Monday,0,0,3,Summer,575.69
2023-03-07,Z02,41109,10741,25.74,69.4,0.0,Tuesday,0,0,3,Summer,568.88
2023-03-08,Z02,40813,10778,26.92,53.45,27.72,Wednesday,0,0,3,Summer,564.77
2023-03-09,Z02,40662,10867,25.77,68.07,0.0,Thursday,0,0,3,Summer,591.24
2023-03-10,Z02,41360,10912,26.65,63.98,0.0,Friday,0,0,3,Summer,559.68
2023-03-11,Z02,40807,10804,27.11,74.36,0.0,Saturday,1,0,3,Summer,602.47
2023-03-12,Z02,40909,10797,26.74,68.04,0.0,Sunday,1,0,3,Summer,618.77
2023-03-13,Z02,40799,10836,24.59,70.06,0.0,Monday,0,0,3,Summer,584.38
2023-03-14,Z02,41424,10859,27.69,75.51,0.0,Tuesday,0,0,3,Summer,624.04
2023-03-15,Z02,40927,10838,28.75,60.45,0.0,Wednesday,0,0,3,Summer,600.07
2023-03-16,Z02,41283,10939,27.24,63.22,0.0,Thursday,0,0,3,Summer,591.44
2023-03-17,Z02,41187,10834,25.59,77.56,9.29,Friday,0,0,3,Summer,591.05
2023-03-18,Z02,41178,10856,25.31,72.35,0.0,Saturday,1,0,3,Summer,639.64
2023-03-19,Z02,40845,10848,21.46,71.95,0.0,Sunday,1,0,3,Summer,581.07
2023-03-20,Z02,40804,10801,25.89,64.08,8.14,Monday,0,0,3,Summer,611.77
2023-03-21,Z02,41160,10799,25.82,,0.0,Tuesday,0,0,3,Summer,560.94
2023-03-22,Z02,41344,10757,26.02,60.61,0.0,Wednesday,0,0,3,Summer,606.09
2023-03-23,Z02,41064,10871,28.16,62.68,0.0,Thursday,0,0,3,Summer,580.47
2023-03-24,Z02,41206,10772,27.71,66.09,0.0,Friday,0,0,3,Summer,608.01
2023-03-25,Z02,41002,10853,25.74,60.97,0.0,Saturday,1,0,3,Summer,617.71
2023-03-26,Z02,40873,10835,23.66,65.27,0.0,Sunday,1,0,3,Summer,578.68
2023-03-27,Z02,40940,10820,28.91,70.9,0.0,Monday,0,0,3,Summer,580.6
2023-03-28,Z02,41240,10785,27.48,64.85,,Tuesday,0,0,3,Summer,569.88
2023-03-29,Z02,41212,10855,24.38,70.03,0.0,Wednesday,0,0,3,Summer,595.81
2023-03-30,Z02,40847,,28.57,66.77,0.0,Thursday,0,0,3,Summer,574.09
2023-03-31,Z02,41201,10829,28.42,74.76,0.0,Friday,0,0,3,Summer,623.16
2023-04-01,Z02,41361,10865,27.73,74.98,0.0,Saturday,1,0,4,Summer,600.63
2023-04-02,Z02,41368,10855,26.32,11.49,0.0,Sunday,1,0,4,Summer,602.98
2023-04-03,Z02,41145,10821,30.93,63.4,0.0,Monday,0,0,4,Summer,572.04
2023-04-04,Z02,41349,10878,,62.5,0.0,Tuesday,0,0,4,Summer,584.21
2023-04-05,Z02,41307,10804,24.86,61.46,0.0,Wednesday,0,0,4,Summer,547.05
2023-04-06,Z02,40741,10881,33.23,58.9,0.0,Thursday,0,0,4,Summer,598.22
2023-04-07,Z02,41541,10807,28.45,61.64,0.0,Friday,0,0,4,Summer,529.71
2023-04-08,Z02,41079,10801,30.86,71.27,0.0,Saturday,1,0,4,Summer,673.32
2023-04-09,Z02,41414,10829,28.24,64.4,0.0,Sunday,1,0,4,Summer,623.98
2023-04-10,Z02,41034,10797,26.93,62.94,0.0,Monday,0,0,4,Summer,583.44
2023-04-11,Z02,41124,10894,25.05,70.22,0.0,Tuesday,0,0,4,Summer,607.64
2023-04-12,Z02,41053,10831,28.1,69.57,0.0,Wednesday,0,0,4,Summer,614.36
2023-04-13,Z02,40974,10817,29.38,72.42,0.0,Thursday,0,0,4,Summer,627.53
2023-04-14,Z02,41254,10849,27.96,60.26,18.75,Friday,0,0,4,Summer,556.14
2023-04-15,Z02,41108,10875,27.1,78.72,0.0,Saturday,1,0,4,Summer,574.01
2023-04-16,Z02,40815,10825,29.88,64.73,0.0,Sunday,1,0,4,Summer,634.62
2023-04-17,Z02,41375,10820,28.21,58.02,0.0,Monday,0,0,4,Summer,571.3
2023-04-18,Z02,41232,10764,33.07,65.07,0.0,Tuesday,0,0,4,Summer,589.65
2023-04-19,Z02,41100,10803,30.75,56.9,3.4,Wednesday,0,0,4,Summer,600.63
2023-04-20,Z02,40872,10847,30.23,60.83,0.0,Thursday,0,0,4,Summer,605.09
2023-04-21,Z02,41113,10823,30.25,63.47,0.0,Friday,0,0,4,Summer,606.8
2023-04-22,Z02,40849,10819,32.13,65.62,0.0,Saturday,1,0,4,Summer,620.37
2023-04-23,Z02,40506,10856,27.02,59.92,17.5,Sunday,1,0,4,Summer,551.09
2023-04-24,Z02,40968,10799,31.17,62.77,0.0,Monday,0,0,4,Summer,566.01
2023-04-25,Z02,40887,10814,31.57,59.36,0.0,Tuesday,0,0,4,Summer,604.84
2023-04-26,Z02,40990,10823,29.53,65.9,0.0,Wednesday,0,0,4,Summer,589.79
2023-04-27,Z02,41212,10815,31.45,59.86,0.0,Thursday,0,0,4,Summer,602.2
2023-04-28,Z02,41206,10811,30.55,62.56,5.61,Friday,0,0,4,Summer,563.68
2023-04-29,Z02,41445,10805,33.91,67.6,0.0,Saturday,1,0,4,Summer,632.88
2023-04-30,Z02,41331,10843,30.09,64.74,0.0,Sunday,1,0,4,Summer,632.52
2023-05-01,Z02,41247,10839,31.76,69.35,0.0,Monday,0,0,5,Summer,614.3
2023-05-02,Z02,41210,10827,31.01,78.59,0.0,Tuesday,0,0,5,Summer,625.72
2023-05-03,Z02,41147,10920,29.79,62.12,31.09,Wednesday,0,0,5,Summer,576.46
2023-05-04,Z02,41279,10784,28.19,65.32,0.0,Thursday,0,0,5,Summer,624.65
2023-05-05,Z02,40857,10845,30.72,57.73,0.0,Friday,0,0,5,Summer,584.15
2023-05-06,Z02,41065,10856,32.9,60.21,8.46,Saturday,1,0,5,Summer,596.26
2023-05-07,Z02,40928,10831,29.74,59.27,0.0,Sunday,1,0,5,Summer,601.05
2023-05-08,Z02,40874,10856,30.58,,0.0,Monday,0,0,5,Summer,626.51
2023-05-09,Z02,41095,10781,29.94,59.28,0.0,Tuesday,0,0,5,Summer,610.22
2023-05-10,Z02,40980,10803,30.53,67.71,0.0,Wednesday,0,0,5,Summer,646.24
2023-05-11,Z02,41449,10856,31.54,67.95,,Thursday,0,0,5,Summer,712.11
2023-05-12,Z02,40764,10897,32.09,57.68,1.67,Friday,0,0,5,Summer,588.33
2023-05-13,Z02,41407,10809,32.0,58.23,8.18,Saturday,1,0,5,Summer,615.32
2023-05-14,Z02,41020,10851,30.7,60.54,0.0,Sunday,1,0,5,Summer,601.21
2023-05-15,Z02,41122,10769,32.9,55.92,0.0,Monday,0,0,5,Summer,603.42
2023-05-16,Z02,41394,10796,28.71,62.46,0.0,Tuesday,0,0,5,Summer,633.66
2023-05-17,Z02,41361,10824,32.46,64.38,0.0,Wednesday,0,0,5,Summer,616.91
2023-05-18,Z02,41534,10824,31.97,50.62,0.0,Thursday,0,0,5,Summer,610.7
2023-05-19,Z02,41028,10814,32.21,66.97,0.0,Friday,0,0,5,Summer,603.91
2023-05-20,Z02,41110,10817,33.41,57.32,1.96,Saturday,1,0,5,Summer,586.92
2023-05-21,Z02,41533,10830,34.36,75.45,0.0,Sunday,1,0,5,Summer,621.8
2023-05-22,Z02,41132,10813,32.01,69.67,0.0,Monday,0,0,5,Summer,573.03
2023-05-23,Z02,41017,10856,35.47,76.7,0.0,Tuesday,0,0,5,Summer,613.62
2023-05-24,Z02,40963,10830,32.41,51.46,0.0,Wednesday,0,0,5,Summer,606.58
2023-05-25,Z02,41136,10792,32.78,53.94,16.65,Thursday,0,0,5,Summer,603.07
2023-05-26,Z02,41075,10819,35.26,66.65,29.66,Friday,0,0,5,Summer,600.67
2023-05-27,Z02,40866,10862,30.39,68.34,0.0,Saturday,1,0,5,Summer,649.84
2023-05-28,Z02,41152,10854,32.12,61.17,10.02,Sunday,1,0,5,Summer,614.55
2023-05-29,Z02,41028,10820,30.08,65.4,19.11,Monday,0,0,5,Summer,603.93
2023-05-30,Z02,41378,10862,35.76,67.98,0.0,Tuesday,0,0,5,Summer,620.36
2023-05-31,Z02,41306,10864,36.72,69.03,16.47,Wednesday,0,0,5,Summer,572.54
2023-06-01,Z02,41003,10845,33.73,66.33,20.41,Thursday,0,0,6,Monsoon,581.05
2023-06-02,Z02,41610,10863,37.03,63.33,0.0,Friday,0,0,6,Monsoon,632.24
2023-06-03,Z02,40948,10820,31.47,67.63,7.51,Saturday,1,0,6,Monsoon,596.45
2023-06-04,Z02,41270,10865,31.47,,0.0,Sunday,1,0,6,Monsoon,592.64
2023-06-05,Z02,41549,10895,35.23,66.84,0.0,Monday,0,0,6,Monsoon,565.96
2023-06-06,Z02,41358,10827,36.27,62.63,8.11,Tuesday,0,0,6,Monsoon,591.99
2023-06-07,Z02,40953,10872,35.12,68.84,1.55,Wednesday,0,0,6,Monsoon,674.38
2023-06-08,Z02,41009,10854,35.3,56.42,8.91,Thursday,0,0,6,Monsoon,601.03
2023-06-09,Z02,40960,10779,34.51,53.4,0.0,Friday,0,0,6,Monsoon,632.53
2023-06-10,Z02,41410,10861,38.71,58.79,0.0,Saturday,1,0,6,Monsoon,638.47
2023-06-11,Z02,41135,10900,32.85,71.4,9.99,Sunday,1,0,6,Monsoon,619.46
2023-06-12,Z02,41100,10815,33.26,55.77,0.0,Monday,0,0,6,Monsoon,578.83
2023-06-13,Z02,41315,10870,30.4,65.01,0.0,Tuesday,0,0,6,Monsoon,599.15
2023-06-14,Z02,40948,10769,35.58,60.45,0.0,Wednesday,0,0,6,Monsoon,606.98
2023-06-15,Z02,40839,10922,32.3,65.05,0.0,Thursday,0,0,6,Monsoon,608.49
2023-06-16,Z02,40783,10940,32.99,61.83,0.0,Friday,0,0,6,Monsoon,649.81
2023-06-17,Z02,40856,10849,30.23,70.06,0.0,Saturday,1,0,6,Monsoon,599.85
2023-06-18,Z02,41269,10832,37.03,66.1,0.0,Sunday,1,0,6,Monsoon,613.1
2023-06-19,Z02,40957,10902,38.04,64.59,22.73,Monday,0,0,6,Monsoon,565.71
2023-06-20,Z02,40525,10856,30.23,71.2,6.75,Tuesday,0,0,6,Monsoon,582.25
2023-06-21,Z02,40873,10864,30.72,56.18,0.0,Wednesday,0,0,6,Monsoon,594.45
2023-06-22,Z02,40999,10908,34.32,64.87,21.33,Thursday,0,0,6,Monsoon,590.14
2023-06-23,Z02,40706,10780,33.84,62.93,10.44,Friday,0,0,6,Monsoon,563.54
2023-06-24,Z02,40828,10856,30.23,67.29,0.0,Saturday,1,0,6,Monsoon,609.36
2023-06-25,Z02,41221,10786,32.63,56.96,0.0,Sunday,1,0,6,Monsoon,624.76
2023-06-26,Z02,41275,10864,33.94,62.51,0.0,Monday,0,0,6,Monsoon,600.71
2023-06-27,Z02,40954,10847,33.72,79.3,0.0,Tuesday,0,0,6,Monsoon,782.0
2023-06-28,Z02,41070,10832,35.63,60.87,7.03,Wednesday,0,0,6,Monsoon,589.54
2023-06-29,Z02,41186,10864,33.45,62.84,0.0,Thursday,0,0,6,Monsoon,619.86
2023-06-30,Z02,41355,10890,33.53,58.95,13.52,Friday,0,0,6,Monsoon,577.87
2023-07-01,Z02,41294,10833,46.96,67.67,12.19,Saturday,1,0,7,Monsoon,549.5
2023-07-02,Z02,41299,10867,34.09,53.92,0.0,Sunday,1,0,7,Monsoon,630.23
2023-07-03,Z02,40974,10853,35.19,60.87,0.0,Monday,0,0,7,Monsoon,565.41
2023-07-04,Z02,40656,10814,36.82,72.87,5.75,Tuesday,0,0,7,Monsoon,607.8
2023-07-05,Z02,41030,10896,31.69,61.15,12.86,Wednesday,0,0,7,Monsoon,576.08
2023-07-06,Z02,41664,10841,33.66,71.64,2.63,Thursday,0,0,7,Monsoon,615.81
2023-07-07,Z02,41151,10795,33.6,70.2,8.33,Friday,0,0,7,Monsoon,568.03
2023-07-08,Z02,41287,10862,31.72,56.64,0.0,Saturday,1,0,7,Monsoon,601.75
2023-07-09,Z02,41648,10916,31.76,67.7,18.13,Sunday,1,0,7,Monsoon,614.22
2023-07-10,Z02,41210,10793,34.89,62.15,0.0,Monday,0,0,7,Monsoon,603.82
2023-07-11,Z02,41167,10875,33.16,56.95,4.82,Tuesday,0,0,7,Monsoon,569.19
2023-07-12,Z02,41156,10773,32.75,70.26,8.93,Wednesday,0,0,7,Monsoon,593.41
2023-07-13,Z02,40488,10908,34.75,75.82,1.4,Thursday,0,0,7,Monsoon,596.86
2023-07-14,Z02,41450,10845,32.95,66.94,0.0,Friday,0,0,7,Monsoon,588.05
2023-07-15,Z02,41497,10886,33.04,53.58,5.09,Saturday,1,0,7,Monsoon,721.92
2023-07-16,Z02,40863,10891,31.39,65.03,20.13,Sunday,1,0,7,Monsoon,588.39
2023-07-17,Z02,41528,10863,29.6,63.19,5.82,Monday,0,0,7,Monsoon,574.96
2023-07-18,Z02,41467,10842,33.57,68.54,8.03,Tuesday,0,0,7,Monsoon,586.49
2023-07-19,Z02,40792,10790,34.7,67.86,14.05,Wednesday,0,0,7,Monsoon,560.64
2023-07-20,Z02,41235,10881,30.77,64.31,0.0,Thursday,0,0,7,Monsoon,598.32
2023-07-21,Z02,41052,10893,31.97,63.3,5.33,Friday,0,0,7,Monsoon,593.11
2023-07-22,Z02,41327,10923,31.49,56.88,0.0,Saturday,1,0,7,Monsoon,600.07
2023-07-23,Z02,41213,10894,36.0,65.47,0.0,Sunday,1,0,7,Monsoon,621.73
2023-07-24,Z02,41454,10786,31.35,67.64,0.0,Monday,0,0,7,Monsoon,582.56
2023-07-25,Z02,41189,10886,32.83,60.23,4.82,Tuesday,0,0,7,Monsoon,596.88
2023-07-26,Z02,40640,10865,30.93,68.68,0.0,Wednesday,0,0,7,Monsoon,568.99
2023-07-27,Z02,41783,10877,32.92,66.13,33.02,Thursday,0,0,7,Monsoon,555.1
2023-07-28,Z02,40807,10844,36.16,63.53,1.41,Friday,0,0,7,Monsoon,602.42
2023-07-29,Z02,40965,10807,32.24,65.68,0.0,Saturday,1,0,7,Monsoon,627.96
2023-07-30,Z02,41462,10839,38.52,58.99,3.79,Sunday,1,0,7,Monsoon,591.41
2023-07-31,Z02,40721,10858,29.65,63.9,44.8,Monday,0,0,7,Monsoon,516.39
2023-08-01,Z02,40981,10827,33.92,61.44,14.21,Tuesday,0,0,8,Monsoon,558.92
2023-08-02,Z02,41399,10795,29.51,62.91,24.67,Wednesday,0,0,8,Monsoon,545.34
2023-08-03,Z02,41399,10813,28.43,68.54,9.72,Thursday,0,0,8,Monsoon,558.9
2023-08-04,Z02,41409,10860,31.15,65.67,8.69,Friday,0,0,8,Monsoon,570.52
2023-08-05,Z02,41026,10889,33.47,67.93,0.0,Saturday,1,0,8,Monsoon,631.52
2023-08-06,Z02,41274,10849,33.65,59.49,9.82,Sunday,1,0,8,Monsoon,610.14
2023-08-07,Z02,41080,10820,30.83,64.21,7.62,Monday,0,0,8,Monsoon,564.16
2023-08-08,Z02,41012,10892,27.48,65.76,0.0,Tuesday,0,0,8,Monsoon,577.2
2023-08-09,Z02,41081,10851,33.74,65.63,6.66,Wednesday,0,0,8,Monsoon,675.52
2023-08-10,Z02,41110,10949,30.68,67.59,0.0,Thursday,0,0,8,Monsoon,593.42
2023-08-11,Z02,41061,10853,29.62,60.1,6.25,Friday,0,0,8,Monsoon,599.95
2023-08-12,Z02,41147,10912,31.03,64.37,1.71,Saturday,1,0,8,Monsoon,607.33
2023-08-13,Z02,41089,10856,27.55,69.05,37.73,Sunday,1,0,8,Monsoon,514.15
2023-08-14,Z02,41129,10871,31.18,58.82,12.66,Monday,0,0,8,Monsoon,563.38
2023-08-15,Z02,41465,10865,29.4,66.9,0.0,Tuesday,0,1,8,Monsoon,610.85
2023-08-16,Z02,41097,10849,30.69,65.08,0.46,Wednesday,0,0,8,Monsoon,575.12
2023-08-17,Z02,41381,10831,30.11,74.84,15.95,Thursday,0,0,8,Monsoon,548.41
2023-08-18,Z02,41415,10830,27.93,69.42,0.0,Friday,0,0,8,Monsoon,538.78
2023-08-19,Z02,41148,10875,31.51,61.93,6.6,Saturday,1,0,8,Monsoon,580.93
2023-08-20,Z02,41146,10905,34.09,60.12,0.0,Sunday,1,0,8,Monsoon,607.41
2023-08-21,Z02,41132,10827,29.24,63.92,11.68,Monday,0,0,8,Monsoon,564.26
2023-08-22,Z02,41121,10877,31.95,69.76,0.0,Tuesday,0,0,8,Monsoon,586.69
2023-08-23,Z02,41123,10818,28.59,,25.07,Wednesday,0,0,8,Monsoon,521.94
2023-08-24,Z02,41419,10839,29.24,58.93,8.96,Thursday,0,0,8,Monsoon,554.12
2023-08-25,Z02,40970,10829,32.49,64.91,0.0,Friday,0,0,8,Monsoon,590.52
2023-08-26,Z02,41135,10888,32.2,70.08,0.0,Saturday,1,0,8,Monsoon,632.61
2023-08-27,Z02,41034,10853,31.43,67.71,0.0,Sunday,1,0,8,Monsoon,617.97
2023-08-28,Z02,41080,10834,30.48,65.02,19.25,Monday,0,0,8,Monsoon,578.71
2023-08-29,Z02,41179,10835,27.59,64.3,11.53,Tuesday,0,0,8,Monsoon,514.74
2023-08-30,Z02,41091,10837,28.98,54.75,0.0,Wednesday,0,0,8,Monsoon,591.59
2023-08-31,Z02,40753,10832,27.61,67.45,32.15,Thursday,0,0,8,Monsoon,518.41
2023-09-01,Z02,41223,10874,27.7,59.83,0.0,Friday,0,0,9,Monsoon,604.23
2023-09-02,Z02,41297,10826,30.91,58.45,6.22,Saturday,1,0,9,Monsoon,618.69
2023-09-03,Z02,41061,10803,29.13,66.85,20.08,Sunday,1,0,9,Monsoon,563.53
2023-09-04,Z02,41365,10843,29.78,67.64,18.58,Monday,0,0,9,Monsoon,520.07
2023-09-05,Z02,40870,10847,27.99,73.1,21.7,Tuesday,0,0,9,Monsoon,520.45
2023-09-06,Z02,41415,10903,28.36,58.15,0.0,Wednesday,0,0,9,Monsoon,558.5
2023-09-07,Z02,41682,10882,27.24,61.35,3.42,Thursday,0,0,9,Monsoon,540.47
2023-09-08,Z02,41389,10903,30.48,65.44,5.56,Friday,0,0,9,Monsoon,550.81
2023-09-09,Z02,41077,10828,27.35,69.94,0.0,Saturday,1,0,9,Monsoon,542.41
2023-09-10,Z02,41038,10889,27.74,63.04,20.7,Sunday,1,0,9,Monsoon,535.99
2023-09-11,Z02,41179,10854,27.01,71.62,21.79,Monday,0,0,9,Monsoon,536.03
2023-09-12,Z02,41498,10879,33.12,65.8,12.93,Tuesday,0,0,9,Monsoon,555.68
2023-09-13,Z02,41369,10903,28.41,64.05,6.33,Wednesday,0,0,9,Monsoon,561.59
2023-09-14,Z02,41210,10836,25.74,76.21,23.07,Thursday,0,0,9,Monsoon,513.44
2023-09-15,Z02,41252,10823,27.19,69.85,0.0,Friday,0,0,9,Monsoon,550.59
2023-09-16,Z02,41769,10799,28.44,65.09,8.09,Saturday,1,0,9,Monsoon,582.12
2023-09-17,Z02,41516,10908,28.95,63.39,0.0,Sunday,1,0,9,Monsoon,597.29
2023-09-18,Z02,40851,10793,27.34,68.34,21.93,Monday,0,0,9,Monsoon,550.23
2023-09-19,Z02,40978,10880,28.42,63.62,11.14,Tuesday,0,0,9,Monsoon,569.77
2023-09-20,Z02,41676,10790,27.22,74.05,0.0,Wednesday,0,0,9,Monsoon,552.28
2023-09-21,Z02,41075,10873,24.24,67.69,0.0,Thursday,0,0,9,Monsoon,545.64
2023-09-22,Z02,41505,10891,24.63,61.6,15.62,Friday,0,0,9,Monsoon,545.06
2023-09-23,Z02,41017,10898,25.49,68.61,6.15,Saturday,1,0,9,Monsoon,551.53
2023-09-24,Z02,40666,10846,26.13,76.1,0.0,Sunday,1,0,9,Monsoon,587.53
2023-09-25,Z02,41070,10853,26.64,59.76,25.33,Monday,0,0,9,Monsoon,518.54
2023-09-26,Z02,41396,10893,25.12,75.52,17.14,Tuesday,0,0,9,Monsoon,511.03
2023-09-27,Z02,41267,10804,27.1,73.39,0.0,Wednesday,0,0,9,Monsoon,542.56
2023-09-28,Z02,41328,10861,26.88,70.06,3.35,Thursday,0,0,9,Monsoon,546.18
2023-09-29,Z02,41470,10901,28.67,68.38,0.0,Friday,0,0,9,Monsoon,560.87
2023-09-30,Z02,41590,10856,26.77,70.5,0.0,Saturday,1,0,9,Monsoon,558.11
2023-10-01,Z02,41328,10847,25.39,73.16,2.18,Sunday,1,0,10,Post-Monsoon,584.82
2023-10-02,Z02,40959,10904,26.47,59.95,66.11,Monday,0,1,10,Post-Monsoon,481.09
2023-10-03,Z02,41700,10897,28.22,67.69,0.0,Tuesday,0,0,10,Post-Monsoon,544.8
2023-10-04,Z02,41330,10916,25.92,64.36,1.6,Wednesday,0,0,10,Post-Monsoon,568.7
2023-10-05,Z02,41194,10897,27.96,69.24,15.14,Thursday,0,0,10,Post-Monsoon,543.93
2023-10-06,Z02,41499,10783,23.88,68.52,6.89,Friday,0,0,10,Post-Monsoon,552.61
2023-10-07,Z02,41144,10824,26.35,66.04,11.14,Saturday,1,0,10,Post-Monsoon,573.66
2023-10-08,Z02,41169,10939,24.84,71.57,0.0,Sunday,1,0,10,Post-Monsoon,585.51
2023-10-09,Z02,41148,10827,23.5,74.83,0.0,Monday,0,0,10,Post-Monsoon,555.98
2023-10-10,Z02,41257,10904,25.66,68.19,0.0,Tuesday,0,0,10,Post-Monsoon,588.99
2023-10-11,Z02,41025,10834,26.47,72.88,0.72,Wednesday,0,0,10,Post-Monsoon,562.05
2023-10-12,Z02,41311,10852,26.4,68.99,11.68,Thursday,0,0,10,Post-Monsoon,545.6
2023-10-13,Z02,41360,10898,26.57,69.27,4.81,Friday,0,0,10,Post-Monsoon,553.0
2023-10-14,Z02,40987,10831,19.95,54.57,0.0,Saturday,1,0,10,Post-Monsoon,594.27
2023-10-15,Z02,41024,10876,21.11,63.09,8.47,Sunday,1,0,10,Post-Monsoon,548.75
2023-10-16,Z02,41185,10872,21.74,62.64,16.81,Monday,0,0,10,Post-Monsoon,482.37
2023-10-17,Z02,40958,10929,22.67,72.36,0.0,Tuesday,0,0,10,Post-Monsoon,526.5
2023-10-18,Z02,41410,10876,24.44,61.5,0.0,Wednesday,0,0,10,Post-Monsoon,538.55
2023-10-19,Z02,41502,10895,24.31,71.42,28.88,Thursday,0,0,10,Post-Monsoon,511.75
2023-10-20,Z02,41151,10825,24.49,67.1,15.12,Friday,0,0,10,Post-Monsoon,494.95
2023-10-21,Z02,40640,10858,27.08,65.32,0.0,Saturday,1,0,10,Post-Monsoon,590.52
2023-10-22,Z02,41293,10875,27.02,60.81,4.24,Sunday,1,0,10,Post-Monsoon,592.21
2023-10-23,Z02,41137,10855,22.07,66.85,8.23,Monday,0,1,10,Post-Monsoon,537.07
2023-10-24,Z02,41337,10854,22.81,79.68,3.67,Tuesday,0,0,10,Post-Monsoon,658.9
2023-10-25,Z02,41178,10882,26.99,66.95,0.0,Wednesday,0,0,10,Post-Monsoon,566.74
2023-10-26,Z02,41544,10844,25.58,64.7,3.53,Thursday,0,0,10,Post-Monsoon,537.03
2023-10-27,Z02,41222,10856,24.38,70.29,0.0,Friday,0,0,10,Post-Monsoon,537.93
2023-10-28,Z02,41652,10845,21.27,63.94,0.0,Saturday,1,0,10,Post-Monsoon,560.63
2023-10-29,Z02,41602,10911,27.41,66.45,2.72,Sunday,1,0,10,Post-Monsoon,577.5
2023-10-30,Z02,41344,10835,23.22,69.73,0.0,Monday,0,0,10,Post-Monsoon,528.86
2023-10-31,Z02,41796,10836,23.87,54.02,1.17,Tuesday,0,0,10,Post-Monsoon,517.48
2023-11-01,Z02,41494,10810,21.62,66.85,0.0,Wednesday,0,0,11,Post-Monsoon,546.05
2023-11-02,Z02,41168,10930,23.68,63.9,8.4,Thursday,0,0,11,Post-Monsoon,506.9
2023-11-03,Z02,41634,10862,21.95,69.97,10.34,Friday,0,0,11,Post-Monsoon,516.58
2023-11-04,Z02,41291,10849,21.67,73.84,0.0,Saturday,1,0,11,Post-Monsoon,558.91
2023-11-05,Z02,41082,10914,22.14,68.36,0.0,Sunday,1,0,11,Post-Monsoon,556.53
2023-11-06,Z02,41726,10896,24.16,62.23,24.48,Monday,0,0,11,Post-Monsoon,534.4
2023-11-07,Z02,41359,10865,19.85,79.09,13.43,Tuesday,0,0,11,Post-Monsoon,518.01
2023-11-08,Z02,41637,10891,23.21,64.79,0.0,Wednesday,0,0,11,Post-Monsoon,548.84
2023-11-09,Z02,41211,10859,22.65,78.87,0.0,Thursday,0,0,11,Post-Monsoon,587.06
2023-11-10,Z02,41380,10828,23.58,68.75,0.0,Friday,0,0,11,Post-Monsoon,508.31
2023-11-11,Z02,41505,,23.86,74.08,30.59,Saturday,1,0,11,Post-Monsoon,524.99
2023-11-12,Z02,41312,10786,21.07,62.85,30.44,Sunday,1,0,11,Post-Monsoon,507.23
2023-11-13,Z02,41131,10946,19.98,58.38,28.96,Monday,0,0,11,Post-Monsoon,518.42
2023-11-14,Z02,41310,10805,21.35,72.65,10.15,Tuesday,0,0,11,Post-Monsoon,505.54
2023-11-15,Z02,41757,10944,21.22,71.01,16.73,Wednesday,0,0,11,Post-Monsoon,492.68
2023-11-16,Z02,41433,10897,24.45,78.33,17.1,Thursday,0,0,11,Post-Monsoon,516.39
2023-11-17,Z02,41467,10886,19.33,68.13,4.65,Friday,0,0,11,Post-Monsoon,537.88
2023-11-18,Z02,41086,10859,24.14,67.46,8.85,Saturday,1,0,11,Post-Monsoon,578.11
2023-11-19,Z02,41308,10849,24.82,72.26,0.0,Sunday,1,0,11,Post-Monsoon,598.09
2023-11-20,Z02,41655,10931,19.06,73.48,0.0,Monday,0,0,11,Post-Monsoon,587.86
2023-11-21,Z02,41661,10880,,,0.0,Tuesday,0,0,11,Post-Monsoon,516.2
2023-11-22,Z02,41544,10888,19.71,69.54,0.0,Wednesday,0,0,11,Post-Monsoon,540.54
2023-11-23,Z02,41373,10831,19.61,71.15,25.67,Thursday,0,0,11,Post-Monsoon,501.68
2023-11-24,Z02,40942,10896,18.53,70.5,0.0,Friday,0,0,11,Post-Monsoon,542.52
2023-11-25,Z02,41409,10863,18.71,81.24,0.0,Saturday,1,0,11,Post-Monsoon,560.62
2023-11-26,Z02,41230,10935,21.2,54.2,0.0,Sunday,1,0,11,Post-Monsoon,565.35
2023-11-27,Z02,41581,10898,22.03,67.12,0.0,Monday,0,0,11,Post-Monsoon,548.99
2023-11-28,Z02,41148,10856,22.93,66.54,7.42,Tuesday,0,0,11,Post-Monsoon,505.04
2023-11-29,Z02,41368,10890,22.77,78.1,0.0,Wednesday,0,0,11,Post-Monsoon,563.16
2023-11-30,Z02,41156,10883,21.58,73.55,0.0,Thursday,0,0,11,Post-Monsoon,539.12
2023-12-01,Z02,41628,10913,20.3,65.84,5.51,Friday,0,0,12,Winter,548.08
2023-12-02,Z02,41188,10891,18.53,72.98,0.0,Saturday,1,0,12,Winter,548.46
2023-12-03,Z02,41413,10853,19.81,72.57,1.65,Sunday,1,0,12,Winter,550.26
2023-12-04,Z02,41229,10941,17.5,69.86,0.0,Monday,0,0,12,Winter,553.99
2023-12-05,Z02,41277,10898,23.62,65.87,0.0,Tuesday,0,0,12,Winter,529.38
2023-12-06,Z02,40966,10867,18.38,76.25,0.0,Wednesday,0,0,12,Winter,550.03
2023-12-07,Z02,41335,10888,17.77,69.03,0.0,Thursday,0,0,12,Winter,561.28
2023-12-08,Z02,42119,10852,22.48,61.37,,Friday,0,0,12,Winter,547.59
2023-12-09,Z02,41593,10864,20.78,73.9,5.14,Saturday,1,0,12,Winter,569.06
2023-12-10,Z02,41267,10873,18.36,72.54,8.11,Sunday,1,0,12,Winter,561.03
2023-12-11,Z02,41129,10900,14.03,69.82,0.0,Monday,0,0,12,Winter,539.48
2023-12-12,Z02,41213,10865,19.97,67.19,,Tuesday,0,0,12,Winter,544.24
2023-12-13,Z02,41217,10850,17.74,71.47,0.0,Wednesday,0,0,12,Winter,514.55
2023-12-14,Z02,41516,10920,20.64,73.05,0.0,Thursday,0,0,12,Winter,541.47
2023-12-15,Z02,40942,10947,23.56,63.92,7.76,Friday,0,0,12,Winter,523.02
2023-12-16,Z02,41869,10897,,68.71,2.04,Saturday,1,0,12,Winter,565.42
2023-12-17,Z02,41252,10874,19.4,67.66,0.0,Sunday,1,0,12,Winter,525.97
2023-12-18,Z02,41254,10838,20.13,68.62,0.69,Monday,0,0,12,Winter,517.22
2023-12-19,Z02,41127,10873,22.31,71.77,0.0,Tuesday,0,0,12,Winter,556.89
2023-12-20,Z02,40885,10876,19.55,76.47,12.68,Wednesday,0,0,12,Winter,547.01
2023-12-21,Z02,41442,10916,16.59,63.61,18.48,Thursday,0,0,12,Winter,536.08
2023-12-22,Z02,41191,10883,22.89,77.32,0.0,Friday,0,0,12,Winter,559.41
2023-12-23,Z02,41269,10874,19.75,65.37,0.0,Saturday,1,0,12,Winter,539.86
2023-12-24,Z02,41470,10938,16.76,81.12,0.0,Sunday,1,0,12,Winter,541.43
2023-12-25,Z02,41662,10896,19.54,66.39,0.0,Monday,0,1,12,Winter,590.94
2023-12-26,Z02,41674,10902,14.75,66.29,,Tuesday,0,0,12,Winter,537.2
2023-12-27,Z02,41061,10922,20.96,72.22,0.0,Wednesday,0,0,12,Winter,551.85
2023-12-28,Z02,41305,10801,16.93,69.92,1.32,Thursday,0,0,12,Winter,541.46
2023-12-29,Z02,41389,10914,,67.86,0.0,Friday,0,0,12,Winter,532.26
2023-12-30,Z02,40938,10921,20.18,68.99,0.0,Saturday,1,0,12,Winter,545.5
2023-12-31,Z02,41289,10899,18.37,70.74,11.14,Sunday,1,0,12,Winter,553.6
2024-01-01,Z02,41256,10909,,68.83,4.13,Monday,0,1,1,Winter,550.06
2024-01-02,Z02,41520,10872,17.75,61.31,0.0,Tuesday,0,0,1,Winter,562.58
2024-01-03,Z02,41368,10839,19.74,64.53,0.0,Wednesday,0,0,1,Winter,541.05
2024-01-04,Z02,41180,10858,17.61,76.64,0.0,Thursday,0,0,1,Winter,509.16
2024-01-05,Z02,41574,10864,23.27,64.4,0.0,Friday,0,0,1,Winter,583.6
2024-01-06,Z02,41003,10858,22.65,64.94,0.0,Saturday,1,0,1,Winter,571.62
2024-01-07,Z02,41001,10870,18.59,71.91,0.0,Sunday,1,0,1,Winter,580.89
2024-01-08,Z02,41116,10898,18.32,76.3,0.0,Monday,0,0,1,Winter,557.1
2024-01-09,Z02,41465,10889,17.11,66.14,0.0,Tuesday,0,0,1,Winter,554.89
2024-01-10,Z02,41438,10873,18.72,65.0,0.0,Wednesday,0,0,1,Winter,514.42
2024-01-11,Z02,41381,10948,21.62,65.19,0.0,Thursday,0,0,1,Winter,535.16
2024-01-12,Z02,41474,10862,21.95,66.7,0.0,Friday,0,0,1,Winter,522.57
2024-01-13,Z02,41250,10933,,76.16,0.0,Saturday,1,0,1,Winter,574.2
2024-01-14,Z02,41552,10910,16.07,67.01,2.88,Sunday,1,1,1,Winter,609.93
2024-01-15,Z02,40856,10874,24.86,63.65,,Monday,0,0,1,Winter,549.21
2024-01-16,Z02,41295,10872,23.59,71.43,0.0,Tuesday,0,0,1,Winter,540.45
2024-01-17,Z02,41361,10840,17.25,65.81,0.0,Wednesday,0,0,1,Winter,511.31
2024-01-18,Z02,41128,10878,24.26,66.9,0.0,Thursday,0,0,1,Winter,577.36
2024-01-19,Z02,41459,10904,21.18,83.45,3.56,Friday,0,0,1,Winter,537.77
2024-01-20,Z02,41016,10856,21.68,74.38,0.0,Saturday,1,0,1,Winter,594.05
2024-01-21,Z02,41404,10877,22.68,74.07,0.0,Sunday,1,0,1,Winter,579.11
2024-01-22,Z02,41356,10898,22.09,68.72,0.0,Monday,0,0,1,Winter,667.88
2024-01-23,Z02,41559,10875,22.64,70.5,0.0,Tuesday,0,0,1,Winter,551.25
2024-01-24,Z02,41338,10898,19.48,73.26,25.47,Wednesday,0,0,1,Winter,510.97
2024-01-25,Z02,41166,10934,23.49,74.87,6.67,Thursday,0,0,1,Winter,565.48
2024-01-26,Z02,41698,10916,19.61,79.74,0.0,Friday,0,1,1,Winter,557.41
2024-01-27,Z02,41738,10960,23.49,75.18,0.0,Saturday,1,0,1,Winter,600.27
2024-01-28,Z02,41502,,20.06,73.78,0.0,Sunday,1,0,1,Winter,570.43
2024-01-29,Z02,41487,10874,18.98,76.35,0.0,Monday,0,0,1,Winter,544.62
2024-01-30,Z02,41216,10942,23.4,67.42,0.0,Tuesday,0,0,1,Winter,560.74
2024-01-31,Z02,41417,10901,22.2,72.96,0.0,Wednesday,0,0,1,Winter,570.25
2024-02-01,Z02,42009,10888,22.26,71.96,10.33,Thursday,0,0,2,Winter,538.21
2024-02-02,Z02,40959,10959,23.52,71.76,0.0,Friday,0,0,2,Winter,562.86
2024-02-03,Z02,42410,10940,24.09,70.93,0.0,Saturday,1,0,2,Winter,621.1
2024-02-04,Z02,41071,10854,24.06,68.04,0.0,Sunday,1,0,2,Winter,595.01
2024-02-05,Z02,41207,10877,19.38,67.91,0.0,Monday,0,0,2,Winter,573.68
2024-02-06,Z02,41052,10888,25.99,62.55,0.0,Tuesday,0,0,2,Winter,585.94
2024-02-07,Z02,41450,10884,22.5,69.43,0.0,Wednesday,0,0,2,Winter,545.02
2024-02-08,Z02,41644,10863,21.86,68.19,0.0,Thursday,0,0,2,Winter,530.93
2024-02-09,Z02,41289,10849,22.91,74.66,0.0,Friday,0,0,2,Winter,568.44
2024-02-10,Z02,41558,10905,23.5,78.26,0.0,Saturday,1,0,2,Winter,536.14
2024-02-11,Z02,41502,10901,20.31,62.91,0.0,Sunday,1,0,2,Winter,558.92
2024-02-12,Z02,41278,10878,21.32,70.87,0.0,Monday,0,0,2,Winter,571.0
2024-02-13,Z02,41364,10864,21.48,67.51,0.0,Tuesday,0,0,2,Winter,540.04
2024-02-14,Z02,41407,10890,25.18,66.27,0.0,Wednesday,0,0,2,Winter,597.62
2024-02-15,Z02,41736,10896,23.04,69.02,0.0,Thursday,0,0,2,Winter,556.87
2024-02-16,Z02,41436,10900,20.69,70.15,6.08,Friday,0,0,2,Winter,562.9
2024-02-17,Z02,41529,10952,24.63,73.69,5.23,Saturday,1,0,2,Winter,608.85
2024-02-18,Z02,41442,10893,22.25,77.24,0.0,Sunday,1,0,2,Winter,605.17
2024-02-19,Z02,40993,10873,22.22,71.97,0.0,Monday,0,0,2,Winter,568.12
2024-02-20,Z02,41970,10905,24.65,65.35,0.0,Tuesday,0,0,2,Winter,618.79
2024-02-21,Z02,41459,10860,22.95,65.63,0.0,Wednesday,0,0,2,Winter,572.39
2024-02-22,Z02,41311,10900,21.15,77.2,8.38,Thursday,0,0,2,Winter,554.0
2024-02-23,Z02,42010,10929,26.15,75.97,0.0,Friday,0,0,2,Winter,618.74
2024-02-24,Z02,41428,10916,20.44,71.41,0.0,Saturday,1,0,2,Winter,552.33
2024-02-25,Z02,41115,10903,24.47,69.05,0.0,Sunday,1,0,2,Winter,618.39
2024-02-26,Z02,41504,10862,23.95,73.86,0.0,Monday,0,0,2,Winter,559.19
2024-02-27,Z02,41148,10881,21.62,68.73,0.0,Tuesday,0,0,2,Winter,552.54
2024-02-28,Z02,41341,10941,23.3,65.79,0.0,Wednesday,0,0,2,Winter,554.21
2024-02-29,Z02,41363,10906,27.19,73.58,0.0,Thursday,0,0,2,Winter,602.26
2024-03-01,Z02,41282,10916,21.3,76.88,0.0,Friday,0,0,3,Summer,558.6
2024-03-02,Z02,40973,10894,23.9,61.77,0.0,Saturday,1,0,3,Summer,631.51
2024-03-03,Z02,41323,10921,24.94,62.51,0.0,Sunday,1,0,3,Summer,603.45
2024-03-04,Z02,41403,10913,22.05,72.55,0.0,Monday,0,0,3,Summer,630.2
2024-03-05,Z02,41482,11005,25.6,67.29,0.0,Tuesday,0,0,3,Summer,846.34
2024-03-06,Z02,41509,10889,24.95,60.8,0.0,Wednesday,0,0,3,Summer,581.8
2024-03-07,Z02,41717,10889,26.12,71.6,0.0,Thursday,0,0,3,Summer,546.09
2024-03-08,Z02,41379,10895,25.35,59.69,2.5,Friday,0,0,3,Summer,588.72
2024-03-09,Z02,41200,10958,27.58,64.59,2.25,Saturday,1,0,3,Summer,602.08
2024-03-10,Z02,41236,10875,26.27,63.9,,Sunday,1,0,3,Summer,633.22
2024-03-11,Z02,41437,10914,22.53,70.97,0.0,Monday,0,0,3,Summer,598.45
2024-03-12,Z02,41358,10944,25.45,68.93,0.0,Tuesday,0,0,3,Summer,601.78
2024-03-13,Z02,41821,10978,27.91,74.3,0.0,Wednesday,0,0,3,Summer,572.82
2024-03-14,Z02,41420,10901,22.99,74.56,12.31,Thursday,0,0,3,Summer,564.78
2024-03-15,Z02,41323,10892,28.61,72.14,0.0,Friday,0,0,3,Summer,595.08
2024-03-16,Z02,41429,10947,24.91,73.39,0.0,Saturday,1,0,3,Summer,660.9
2024-03-17,Z02,41389,10929,25.96,58.49,0.0,Sunday,1,0,3,Summer,608.47
2024-03-18,Z02,41395,10837,26.06,68.64,0.0,Monday,0,0,3,Summer,580.09
2024-03-19,Z02,41219,10910,27.0,62.5,0.0,Tuesday,0,0,3,Summer,601.27
2024-03-20,Z02,42021,10905,26.44,65.14,0.0,Wednesday,0,0,3,Summer,607.83
2024-03-21,Z02,41275,10891,25.15,59.08,0.0,Thursday,0,0,3,Summer,606.27
2024-03-22,Z02,41808,10936,28.29,75.83,10.81,Friday,0,0,3,Summer,617.23
2024-03-23,Z02,41256,10931,25.73,,0.0,Saturday,1,0,3,Summer,609.16
2024-03-24,Z02,41047,10916,26.56,,0.0,Sunday,1,0,3,Summer,602.58
2024-03-25,Z02,41747,10898,26.02,69.12,0.0,Monday,0,0,3,Summer,604.89
2024-03-26,Z02,41461,10919,28.39,68.5,0.0,Tuesday,0,0,3,Summer,602.46
2024-03-27,Z02,41386,10938,24.27,59.33,0.0,Wednesday,0,0,3,Summer,618.95
2024-03-28,Z02,41448,10897,27.44,68.33,0.0,Thursday,0,0,3,Summer,573.59
2024-03-29,Z02,41388,10872,29.66,63.72,0.0,Friday,0,0,3,Summer,609.12
2024-03-30,Z02,41634,10879,25.4,66.17,0.0,Saturday,1,0,3,Summer,582.7
2024-03-31,Z02,41471,10886,25.41,72.54,0.0,Sunday,1,0,3,Summer,634.07
2024-04-01,Z02,41501,10905,23.12,63.06,0.0,Monday,0,0,4,Summer,592.01
2024-04-02,Z02,41414,10873,29.02,65.99,0.0,Tuesday,0,0,4,Summer,626.25
2024-04-03,Z02,41644,10901,34.32,57.61,0.0,Wednesday,0,0,4,Summer,643.68
2024-04-04,Z02,41552,10937,24.62,76.02,0.0,Thursday,0,0,4,Summer,617.36
2024-04-05,Z02,41495,10894,30.05,67.21,0.0,Friday,0,0,4,Summer,585.91
2024-04-06,Z02,41386,10931,31.0,65.95,11.21,Saturday,1,0,4,Summer,653.2
2024-04-07,Z02,41502,10810,29.26,70.64,0.0,Sunday,1,0,4,Summer,612.03
2024-04-08,Z02,41571,10874,31.62,64.64,0.0,Monday,0,0,4,Summer,637.07
2024-04-09,Z02,41296,10894,33.65,60.58,0.0,Tuesday,0,0,4,Summer,608.62
2024-04-10,Z02,41631,10994,32.29,65.56,,Wednesday,0,0,4,Summer,657.46
2024-04-11,Z02,41272,10900,27.08,64.64,17.79,Thursday,0,0,4,Summer,546.35
2024-04-12,Z02,41490,10918,28.59,63.95,0.0,Friday,0,0,4,Summer,634.06
2024-04-13,Z02,41460,10949,28.26,66.36,0.0,Saturday,1,0,4,Summer,597.61
2024-04-14,Z02,41447,10935,27.54,66.8,0.0,Sunday,1,0,4,Summer,668.24
2024-04-15,Z02,41146,10932,29.06,67.49,0.0,Monday,0,0,4,Summer,570.68
2024-04-16,Z02,41622,10926,30.94,66.31,0.0,Tuesday,0,0,4,Summer,624.83
2024-04-17,Z02,41463,10977,30.53,65.63,0.0,Wednesday,0,0,4,Summer,610.17
2024-04-18,Z02,41495,10899,30.06,61.67,16.06,Thursday,0,0,4,Summer,543.28
2024-04-19,Z02,41474,10882,32.0,57.76,0.0,Friday,0,0,4,Summer,613.5
2024-04-20,Z02,41489,10903,29.44,62.21,0.0,Saturday,1,0,4,Summer,617.42
2024-04-21,Z02,41764,10909,29.2,60.37,0.0,Sunday,1,0,4,Summer,599.0
2024-04-22,Z02,41301,10899,28.56,63.2,0.0,Monday,0,0,4,Summer,608.46
2024-04-23,Z02,41425,10949,27.54,66.73,3.68,Tuesday,0,0,4,Summer,585.69
2024-04-24,Z02,41779,10950,27.1,59.58,0.0,Wednesday,0,0,4,Summer,595.14
2024-04-25,Z02,41603,10929,29.02,68.55,0.0,Thursday,0,0,4,Summer,634.5
2024-04-26,Z02,41244,10947,35.64,62.02,0.0,Friday,0,0,4,Summer,621.82
2024-04-27,Z02,41074,10919,31.34,74.04,0.0,Saturday,1,0,4,Summer,629.73
2024-04-28,Z02,41392,10913,29.69,61.13,0.0,Sunday,1,0,4,Summer,615.69
2024-04-29,Z02,41483,10892,30.49,63.17,0.0,Monday,0,0,4,Summer,598.63
2024-04-30,Z02,41475,10957,31.79,61.79,0.0,Tuesday,0,0,4,Summer,573.86
2024-05-01,Z02,41355,10887,30.12,63.54,0.0,Wednesday,0,0,5,Summer,628.77
2024-05-02,Z02,41326,10903,33.34,64.88,0.0,Thursday,0,0,5,Summer,629.43
2024-05-03,Z02,41798,10920,30.09,64.46,0.0,Friday,0,0,5,Summer,598.32
2024-05-04,Z02,41301,10894,33.21,59.83,13.55,Saturday,1,0,5,Summer,615.31
2024-05-05,Z02,41546,10987,31.24,67.76,0.0,Sunday,1,0,5,Summer,637.19
2024-05-06,Z02,41245,10933,31.49,60.46,0.0,Monday,0,0,5,Summer,615.1
2024-05-07,Z02,41796,10857,,,6.04,Tuesday,0,0,5,Summer,638.71
2024-05-08,Z02,41406,10933,32.34,73.25,0.0,Wednesday,0,0,5,Summer,624.16
2024-05-09,Z02,40873,10909,36.0,59.67,24.15,Thursday,0,0,5,Summer,592.2
2024-05-10,Z02,41284,10954,32.5,66.36,0.0,Friday,0,0,5,Summer,665.16
2024-05-11,Z02,41866,10927,35.85,56.89,0.0,Saturday,1,0,5,Summer,641.11
2024-05-12,Z02,41771,10936,34.97,60.06,10.4,Sunday,1,0,5,Summer,626.45
2024-05-13,Z02,41766,10910,35.46,63.26,0.0,Monday,0,0,5,Summer,637.96
2024-05-14,Z02,41559,10991,33.18,68.72,0.0,Tuesday,0,0,5,Summer,628.94
2024-05-15,Z02,41605,10950,30.04,66.87,0.0,Wednesday,0,0,5,Summer,600.49
2024-05-16,Z02,41286,10875,34.41,56.56,20.05,Thursday,0,0,5,Summer,598.67
2024-05-17,Z02,41124,10882,32.34,58.24,0.0,Friday,0,0,5,Summer,603.22
2024-05-18,Z02,41510,10938,33.95,62.16,12.4,Saturday,1,0,5,Summer,637.88
2024-05-19,Z02,41613,10879,32.38,59.12,2.37,Sunday,1,0,5,Summer,642.61
2024-05-20,Z02,41241,10956,34.97,67.03,0.0,Monday,0,0,5,Summer,621.56
2024-05-21,Z02,41312,10931,32.07,62.55,23.94,Tuesday,0,0,5,Summer,614.44
2024-05-22,Z02,41015,10950,31.64,63.54,4.37,Wednesday,0,0,5,Summer,598.54
2024-05-23,Z02,41498,10969,34.6,55.47,0.0,Thursday,0,0,5,Summer,628.48
2024-05-24,Z02,41677,10925,33.7,60.52,0.0,Friday,0,0,5,Summer,646.08
2024-05-25,Z02,41220,10924,31.09,56.55,28.09,Saturday,1,0,5,Summer,591.69
2024-05-26,Z02,41588,10929,32.07,65.62,0.0,Sunday,1,0,5,Summer,612.76
2024-05-27,Z02,41779,10918,31.71,63.99,0.0,Monday,0,0,5,Summer,586.65
2024-05-28,Z02,41933,10947,32.13,65.9,0.0,Tuesday,0,0,5,Summer,603.83
2024-05-29,Z02,41129,10944,37.0,65.93,0.0,Wednesday,0,0,5,Summer,604.72
2024-05-30,Z02,41522,10935,31.03,60.82,0.0,Thursday,0,0,5,Summer,607.63
2024-05-31,Z02,41250,10893,31.35,68.22,4.39,Friday,0,0,5,Summer,586.86
2024-06-01,Z02,42155,10947,33.47,60.76,0.0,Saturday,1,0,6,Monsoon,650.83
2024-06-02,Z02,41368,10970,33.73,67.84,8.84,Sunday,1,0,6,Monsoon,619.61
2024-06-03,Z02,41359,10943,31.56,68.85,3.08,Monday,0,0,6,Monsoon,621.15
2024-06-04,Z02,41219,10926,38.03,58.68,0.0,Tuesday,0,0,6,Monsoon,633.53
2024-06-05,Z02,41528,10913,33.07,55.96,19.93,Wednesday,0,0,6,Monsoon,601.52
2024-06-06,Z02,41474,10907,32.84,57.02,11.55,Thursday,0,0,6,Monsoon,602.0
2024-06-07,Z02,41130,10922,35.47,62.09,8.81,Friday,0,0,6,Monsoon,571.2
2024-06-08,Z02,41212,10957,33.32,63.58,12.59,Saturday,1,0,6,Monsoon,637.39
2024-06-09,Z02,41574,10989,34.08,69.2,0.0,Sunday,1,0,6,Monsoon,626.92
2024-06-10,Z02,41618,10929,34.74,67.85,0.0,Monday,0,0,6,Monsoon,552.96
2024-06-11,Z02,41419,10901,31.68,63.21,0.0,Tuesday,0,0,6,Monsoon,588.69
2024-06-12,Z02,41627,11001,,68.75,11.18,Wednesday,0,0,6,Monsoon,592.15
2024-06-13,Z02,41709,10969,34.09,57.83,2.25,Thursday,0,0,6,Monsoon,618.49
2024-06-14,Z02,41557,10945,34.48,57.62,14.15,Friday,0,0,6,Monsoon,589.08
2024-06-15,Z02,41717,10924,36.28,68.84,0.0,Saturday,1,0,6,Monsoon,653.69
2024-06-16,Z02,41344,11006,35.53,69.87,0.0,Sunday,1,0,6,Monsoon,664.5
2024-06-17,Z02,41227,10926,29.71,64.89,0.0,Monday,0,0,6,Monsoon,594.2
2024-06-18,Z02,41929,10881,35.11,67.35,11.85,Tuesday,0,0,6,Monsoon,568.75
2024-06-19,Z02,41544,10935,32.58,60.52,0.0,Wednesday,0,0,6,Monsoon,601.88
2024-06-20,Z02,41483,10989,32.61,65.44,0.0,Thursday,0,0,6,Monsoon,625.01
2024-06-21,Z02,41985,10873,44.12,62.76,26.24,Friday,0,0,6,Monsoon,567.0
2024-06-22,Z02,41970,10902,38.23,63.88,4.4,Saturday,1,0,6,Monsoon,598.01
2024-06-23,Z02,41439,10895,35.48,62.09,0.0,Sunday,1,0,6,Monsoon,631.53
2024-06-24,Z02,41524,10909,34.23,63.49,8.01,Monday,0,0,6,Monsoon,613.34
2024-06-25,Z02,41676,10899,32.07,63.46,0.0,Tuesday,0,0,6,Monsoon,608.98
2024-06-26,Z02,41893,10924,38.42,59.3,8.92,Wednesday,0,0,6,Monsoon,597.66
2024-06-27,Z02,41588,10950,33.02,61.4,1.61,Thursday,0,0,6,Monsoon,581.89
2024-06-28,Z02,41847,10921,34.75,63.65,1.84,Friday,0,0,6,Monsoon,609.02
2024-06-29,Z02,41305,10935,33.7,58.97,0.0,Saturday,1,0,6,Monsoon,621.8
2024-06-30,Z02,41322,10923,30.11,63.75,0.0,Sunday,1,0,6,Monsoon,636.34
2024-07-01,Z02,41527,10943,32.2,72.78,0.0,Monday,0,0,7,Monsoon,601.44
2024-07-02,Z02,41343,10891,32.41,63.47,8.06,Tuesday,0,0,7,Monsoon,565.5
2024-07-03,Z02,41763,10918,30.06,59.98,17.28,Wednesday,0,0,7,Monsoon,600.67
2024-07-04,Z02,41506,10935,32.61,63.05,0.0,Thursday,0,0,7,Monsoon,567.7
2024-07-05,Z02,41787,10881,37.65,58.56,0.0,Friday,0,0,7,Monsoon,605.37
2024-07-06,Z02,41838,10985,31.9,63.14,0.0,Saturday,1,0,7,Monsoon,617.59
2024-07-07,Z02,41430,10873,32.52,68.04,7.73,Sunday,1,0,7,Monsoon,591.22
2024-07-08,Z02,41234,10962,33.74,65.19,0.0,Monday,0,0,7,Monsoon,596.84
2024-07-09,Z02,41389,10948,34.52,74.48,1.09,Tuesday,0,0,7,Monsoon,600.26
2024-07-10,Z02,41888,10919,35.01,60.43,0.0,Wednesday,0,0,7,Monsoon,620.64
2024-07-11,Z02,41745,10940,38.49,60.01,2.34,Thursday,0,0,7,Monsoon,614.13
2024-07-12,Z02,41387,10922,31.9,67.15,14.41,Friday,0,0,7,Monsoon,565.74
2024-07-13,Z02,41137,11044,36.38,69.48,0.0,Saturday,1,0,7,Monsoon,639.82
2024-07-14,Z02,41196,10917,36.03,67.14,0.0,Sunday,1,0,7,Monsoon,624.09
2024-07-15,Z02,41382,10941,34.13,,5.66,Monday,0,0,7,Monsoon,572.29
2024-07-16,Z02,41497,10967,30.51,66.78,0.0,Tuesday,0,0,7,Monsoon,555.32
2024-07-17,Z02,41939,10958,29.48,69.18,17.31,Wednesday,0,0,7,Monsoon,562.86
2024-07-18,Z02,41529,10919,32.72,58.55,11.83,Thursday,0,0,7,Monsoon,600.92
2024-07-19,Z02,41569,10966,33.76,69.78,21.77,Friday,0,0,7,Monsoon,581.86
2024-07-20,Z02,41840,10965,32.16,61.47,0.0,Saturday,1,0,7,Monsoon,603.49
2024-07-21,Z02,40999,10886,36.96,59.24,0.0,Sunday,1,0,7,Monsoon,641.4
2024-07-22,Z02,41157,10940,36.71,70.42,0.0,Monday,0,0,7,Monsoon,588.64
2024-07-23,Z02,41319,10985,36.12,63.88,29.79,Tuesday,0,0,7,Monsoon,569.11
2024-07-24,Z02,41318,10918,31.36,72.12,0.0,Wednesday,0,0,7,Monsoon,596.12
2024-07-25,Z02,41385,10941,31.62,64.44,7.2,Thursday,0,0,7,Monsoon,581.33
2024-07-26,Z02,41425,10968,29.11,73.92,16.35,Friday,0,0,7,Monsoon,550.6
2024-07-27,Z02,41278,10933,33.98,60.94,0.0,Saturday,1,0,7,Monsoon,572.86
2024-07-28,Z02,41829,10936,30.85,61.98,0.0,Sunday,1,0,7,Monsoon,591.92
2024-07-29,Z02,41393,10926,27.77,58.5,16.44,Monday,0,0,7,Monsoon,545.56
2024-07-30,Z02,41240,10872,32.04,67.6,0.0,Tuesday,0,0,7,Monsoon,611.69
2024-07-31,Z02,41555,10933,32.1,63.65,13.33,Wednesday,0,0,7,Monsoon,586.73
2024-08-01,Z02,41436,10916,33.27,60.18,23.16,Thursday,0,0,8,Monsoon,552.62
2024-08-02,Z02,41375,10926,32.73,56.72,0.0,Friday,0,0,8,Monsoon,572.81
2024-08-03,Z02,41680,10958,28.82,65.67,9.96,Saturday,1,0,8,Monsoon,550.76
2024-08-04,Z02,41636,10931,30.13,60.17,0.0,Sunday,1,0,8,Monsoon,596.76
2024-08-05,Z02,41459,10998,31.49,65.27,7.5,Monday,0,0,8,Monsoon,569.46
2024-08-06,Z02,41627,10997,32.06,70.44,22.48,Tuesday,0,0,8,Monsoon,552.74
2024-08-07,Z02,41683,10972,31.94,69.16,19.75,Wednesday,0,0,8,Monsoon,572.36
2024-08-08,Z02,41726,10913,31.99,66.26,0.0,Thursday,0,0,8,Monsoon,594.9
2024-08-09,Z02,41442,10946,30.04,66.04,4.77,Friday,0,0,8,Monsoon,558.1
2024-08-10,Z02,41522,10904,29.44,71.64,2.5,Saturday,1,0,8,Monsoon,583.91
2024-08-11,Z02,41784,10955,36.11,54.28,0.0,Sunday,1,0,8,Monsoon,616.81
2024-08-12,Z02,42001,10990,29.63,62.43,4.95,Monday,0,0,8,Monsoon,569.22
2024-08-13,Z02,41746,10887,31.23,59.61,6.05,Tuesday,0,0,8,Monsoon,576.96
2024-08-14,Z02,41498,10959,29.29,69.38,0.0,Wednesday,0,0,8,Monsoon,568.69
2024-08-15,Z02,41494,11011,30.8,59.57,6.76,Thursday,0,1,8,Monsoon,589.67
2024-08-16,Z02,41407,10995,28.73,64.76,0.0,Friday,0,0,8,Monsoon,581.91
2024-08-17,Z02,41489,10955,34.54,56.04,26.83,Saturday,1,0,8,Monsoon,559.53
2024-08-18,Z02,41155,10968,31.68,74.97,13.67,Sunday,1,0,8,Monsoon,597.89
2024-08-19,Z02,41272,10927,30.44,66.33,8.52,Monday,0,0,8,Monsoon,579.22
2024-08-20,Z02,41605,10915,26.78,70.53,19.51,Tuesday,0,0,8,Monsoon,510.86
2024-08-21,Z02,41883,10983,26.12,63.13,15.37,Wednesday,0,0,8,Monsoon,495.48
2024-08-22,Z02,41761,10953,30.5,63.6,0.0,Thursday,0,0,8,Monsoon,581.91
2024-08-23,Z02,41715,10972,30.27,71.0,2.25,Friday,0,0,8,Monsoon,581.81
2024-08-24,Z02,41246,11011,31.41,63.58,0.0,Saturday,1,0,8,Monsoon,632.0
2024-08-25,Z02,42129,10927,33.32,63.23,0.0,Sunday,1,0,8,Monsoon,595.35
2024-08-26,Z02,41766,10972,31.97,62.33,0.0,Monday,0,0,8,Monsoon,613.96
2024-08-27,Z02,41709,10941,30.07,66.04,0.0,Tuesday,0,0,8,Monsoon,574.9
2024-08-28,Z02,41541,11004,31.56,66.4,0.0,Wednesday,0,0,8,Monsoon,571.64
2024-08-29,Z02,41315,10953,30.15,64.02,0.0,Thursday,0,0,8,Monsoon,565.17
2024-08-30,Z02,41391,10996,29.3,63.35,17.03,Friday,0,0,8,Monsoon,573.32
2024-08-31,Z02,41862,10950,29.11,62.59,0.0,Saturday,1,0,8,Monsoon,562.74
2024-09-01,Z02,41717,10917,25.99,62.91,7.61,Sunday,1,0,9,Monsoon,586.79
2024-09-02,Z02,42072,10894,27.26,70.37,19.43,Monday,0,0,9,Monsoon,563.07
2024-09-03,Z02,41837,10936,28.66,64.72,28.48,Tuesday,0,0,9,Monsoon,520.9
2024-09-04,Z02,41415,10887,30.76,58.92,12.12,Wednesday,0,0,9,Monsoon,571.2
2024-09-05,Z02,41711,10923,29.21,58.48,0.0,Thursday,0,0,9,Monsoon,540.93
2024-09-06,Z02,41245,10926,28.54,63.67,0.0,Friday,0,0,9,Monsoon,571.22
2024-09-07,Z02,41542,10994,30.21,59.86,0.0,Saturday,1,0,9,Monsoon,605.94
2024-09-08,Z02,41314,10978,26.49,73.75,152.31,Sunday,1,0,9,Monsoon,566.36
2024-09-09,Z02,41527,10912,25.37,70.48,11.19,Monday,0,0,9,Monsoon,528.23
2024-09-10,Z02,42213,10993,27.46,64.18,22.25,Tuesday,0,0,9,Monsoon,524.91
2024-09-11,Z02,41291,10968,27.74,70.13,20.84,Wednesday,0,0,9,Monsoon,552.32
2024-09-12,Z02,41272,10940,29.96,75.07,5.91,Thursday,0,0,9,Monsoon,580.79
2024-09-13,Z02,42321,10927,31.89,68.54,12.36,Friday,0,0,9,Monsoon,555.68
2024-09-14,Z02,41786,10974,27.52,60.89,11.83,Saturday,1,0,9,Monsoon,571.69
2024-09-15,Z02,41259,10942,26.81,76.73,0.0,Sunday,1,0,9,Monsoon,602.56
2024-09-16,Z02,41116,10977,26.0,,10.9,Monday,0,0,9,Monsoon,563.44
2024-09-17,Z02,42017,10883,24.81,58.95,5.44,Tuesday,0,0,9,Monsoon,540.47
2024-09-18,Z02,41215,10910,27.08,72.96,0.0,Wednesday,0,0,9,Monsoon,545.52
2024-09-19,Z02,41825,10929,24.66,59.48,4.08,Thursday,0,0,9,Monsoon,525.12
2024-09-20,Z02,41526,11033,23.43,,3.77,Friday,0,0,9,Monsoon,694.6
2024-09-21,Z02,41044,10926,29.66,70.36,24.67,Saturday,1,0,9,Monsoon,569.44
2024-09-22,Z02,41425,11047,26.99,56.04,0.0,Sunday,1,0,9,Monsoon,572.88
2024-09-23,Z02,41728,10935,29.48,70.58,0.0,Monday,0,0,9,Monsoon,567.29
2024-09-24,Z02,41501,10944,26.43,61.93,12.43,Tuesday,0,0,9,Monsoon,524.34
2024-09-25,Z02,41189,10894,22.94,70.96,8.23,Wednesday,0,0,9,Monsoon,522.96
2024-09-26,Z02,41580,10985,28.04,65.27,5.1,Thursday,0,0,9,Monsoon,545.67
2024-09-27,Z02,41612,11042,25.02,67.88,0.0,Friday,0,0,9,Monsoon,585.3
2024-09-28,Z02,41797,11004,25.02,66.38,16.62,Saturday,1,0,9,Monsoon,563.37
2024-09-29,Z02,41821,10971,22.28,70.47,13.67,Sunday,1,0,9,Monsoon,576.65
2024-09-30,Z02,41603,10997,48.45,70.17,134.39,Monday,0,0,9,Monsoon,555.41
2024-10-01,Z02,41411,10998,25.27,60.38,6.29,Tuesday,0,0,10,Post-Monsoon,549.8
2024-10-02,Z02,41967,10996,28.58,67.48,17.46,Wednesday,0,1,10,Post-Monsoon,569.97
2024-10-03,Z02,41235,10963,24.4,66.96,25.27,Thursday,0,0,10,Post-Monsoon,511.16
2024-10-04,Z02,41393,10937,24.78,70.93,3.66,Friday,0,0,10,Post-Monsoon,565.14
2024-10-05,Z02,41908,10970,24.74,69.81,15.62,Saturday,1,0,10,Post-Monsoon,544.14
2024-10-06,Z02,41735,10946,26.49,69.64,0.0,Sunday,1,0,10,Post-Monsoon,598.46
2024-10-07,Z02,41645,10954,28.19,62.9,2.94,Monday,0,0,10,Post-Monsoon,548.73
2024-10-08,Z02,41475,10961,,57.94,0.0,Tuesday,0,0,10,Post-Monsoon,504.49
2024-10-09,Z02,41995,10954,,66.79,6.86,Wednesday,0,0,10,Post-Monsoon,549.8
2024-10-10,Z02,41740,10942,25.14,72.69,52.51,Thursday,0,0,10,Post-Monsoon,497.75
2024-10-11,Z02,41433,10945,26.41,67.99,0.0,Friday,0,0,10,Post-Monsoon,525.97
2024-10-12,Z02,41680,10958,24.98,65.86,8.35,Saturday,1,0,10,Post-Monsoon,604.09
2024-10-13,Z02,41367,11032,23.28,68.82,6.13,Sunday,1,0,10,Post-Monsoon,569.72
2024-10-14,Z02,41579,10998,24.64,68.27,35.02,Monday,0,0,10,Post-Monsoon,497.05
2024-10-15,Z02,41253,10945,23.72,65.7,0.0,Tuesday,0,0,10,Post-Monsoon,538.03
2024-10-16,Z02,41765,11009,21.61,70.64,0.0,Wednesday,0,0,10,Post-Monsoon,517.02
2024-10-17,Z02,41625,10941,25.99,63.56,0.0,Thursday,0,0,10,Post-Monsoon,557.0
2024-10-18,Z02,41418,11031,23.08,69.33,14.47,Friday,0,0,10,Post-Monsoon,562.17
2024-10-19,Z02,41890,10981,25.46,67.24,20.42,Saturday,1,0,10,Post-Monsoon,576.62
2024-10-20,Z02,41589,10876,20.18,68.1,18.83,Sunday,1,0,10,Post-Monsoon,517.29
2024-10-21,Z02,41918,10941,24.2,69.24,0.0,Monday,0,0,10,Post-Monsoon,566.78
2024-10-22,Z02,41194,10955,23.16,70.16,0.0,Tuesday,0,0,10,Post-Monsoon,569.47
2024-10-23,Z02,41389,10947,26.95,70.34,0.0,Wednesday,0,1,10,Post-Monsoon,563.69
2024-10-24,Z02,41449,10970,22.65,66.51,4.9,Thursday,0,0,10,Post-Monsoon,561.01
2024-10-25,Z02,41707,11012,22.53,66.37,0.0,Friday,0,0,10,Post-Monsoon,529.48
2024-10-26,Z02,41362,10898,22.5,62.71,22.92,Saturday,1,0,10,Post-Monsoon,531.15
2024-10-27,Z02,41722,10951,18.86,78.8,27.02,Sunday,1,0,10,Post-Monsoon,500.47
2024-10-28,Z02,42157,11018,21.59,65.88,0.0,Monday,0,0,10,Post-Monsoon,542.36
2024-10-29,Z02,41809,10905,23.44,67.71,12.52,Tuesday,0,0,10,Post-Monsoon,547.06
2024-10-30,Z02,41611,10949,19.06,70.02,0.0,Wednesday,0,0,10,Post-Monsoon,504.67
2024-10-31,Z02,41612,10975,20.41,62.84,26.19,Thursday,0,0,10,Post-Monsoon,495.35
2024-11-01,Z02,41444,10977,24.38,73.26,0.0,Friday,0,0,11,Post-Monsoon,541.6
2024-11-02,Z02,42110,10939,21.17,71.72,17.18,Saturday,1,0,11,Post-Monsoon,527.7
2024-11-03,Z02,41945,10957,22.03,64.11,11.63,Sunday,1,0,11,Post-Monsoon,549.89
2024-11-04,Z02,41255,10891,24.49,68.52,0.0,Monday,0,0,11,Post-Monsoon,527.37
2024-11-05,Z02,41896,11027,20.66,73.21,9.28,Tuesday,0,0,11,Post-Monsoon,524.41
2024-11-06,Z02,41727,10966,24.57,69.54,26.96,Wednesday,0,0,11,Post-Monsoon,539.89
2024-11-07,Z02,41768,10951,22.62,70.03,16.35,Thursday,0,0,11,Post-Monsoon,538.36
2024-11-08,Z02,42008,10994,22.75,71.38,0.0,Friday,0,0,11,Post-Monsoon,570.58
2024-11-09,Z02,41882,10973,25.42,73.2,45.41,Saturday,1,0,11,Post-Monsoon,524.11
2024-11-10,Z02,42106,10976,43.62,68.85,7.89,Sunday,1,0,11,Post-Monsoon,534.25
2024-11-11,Z02,41734,10933,18.12,72.55,17.78,Monday,0,0,11,Post-Monsoon,543.03
2024-11-12,Z02,42307,11076,17.85,60.13,15.16,Tuesday,0,0,11,Post-Monsoon,537.96
2024-11-13,Z02,41465,10949,20.9,73.96,0.0,Wednesday,0,0,11,Post-Monsoon,536.95
2024-11-14,Z02,41590,11007,19.39,64.74,14.09,Thursday,0,0,11,Post-Monsoon,547.83
2024-11-15,Z02,41483,11021,16.4,77.15,20.96,Friday,0,0,11,Post-Monsoon,513.28
2024-11-16,Z02,41588,11033,20.88,80.31,0.0,Saturday,1,0,11,Post-Monsoon,595.19
2024-11-17,Z02,41571,10950,24.11,69.23,2.68,Sunday,1,0,11,Post-Monsoon,587.32
2024-11-18,Z02,41568,10950,22.4,63.42,0.0,Monday,0,0,11,Post-Monsoon,554.65
2024-11-19,Z02,41743,10973,21.9,,0.0,Tuesday,0,0,11,Post-Monsoon,566.65
2024-11-20,Z02,41795,10966,22.63,69.29,0.0,Wednesday,0,0,11,Post-Monsoon,564.84
2024-11-21,Z02,41717,10957,19.9,71.06,15.25,Thursday,0,0,11,Post-Monsoon,508.02
2024-11-22,Z02,41698,10992,23.57,75.54,,Friday,0,0,11,Post-Monsoon,547.68
2024-11-23,Z02,41699,11009,21.39,52.3,0.0,Saturday,1,0,11,Post-Monsoon,584.68
2024-11-24,Z02,41896,10993,19.26,76.84,0.0,Sunday,1,0,11,Post-Monsoon,559.43
2024-11-25,Z02,41443,10982,23.21,74.95,1.56,Monday,0,0,11,Post-Monsoon,658.94
2024-11-26,Z02,42127,10975,21.62,74.36,51.62,Tuesday,0,0,11,Post-Monsoon,465.58
2024-11-27,Z02,42042,11000,19.4,66.1,0.0,Wednesday,0,0,11,Post-Monsoon,548.8
2024-11-28,Z02,41637,10990,21.05,66.56,0.0,Thursday,0,0,11,Post-Monsoon,522.38
2024-11-29,Z02,41844,11007,21.74,68.73,19.84,Friday,0,0,11,Post-Monsoon,547.4
2024-11-30,Z02,41743,10986,21.92,63.54,2.72,Saturday,1,0,11,Post-Monsoon,556.42
2024-12-01,Z02,41693,10969,22.7,79.0,0.0,Sunday,1,0,12,Winter,562.14
2024-12-02,Z02,41659,10964,18.57,68.47,18.7,Monday,0,0,12,Winter,555.08
2024-12-03,Z02,41763,10962,18.19,68.12,30.72,Tuesday,0,0,12,Winter,498.55
2024-12-04,Z02,41170,10983,22.78,68.29,7.14,Wednesday,0,0,12,Winter,552.72
2024-12-05,Z02,42251,10930,19.71,65.09,6.89,Thursday,0,0,12,Winter,560.43
2024-12-06,Z02,41407,10991,21.19,70.82,9.34,Friday,0,0,12,Winter,536.34
2024-12-07,Z02,42218,10980,20.13,71.37,18.21,Saturday,1,0,12,Winter,533.96
2024-12-08,Z02,41667,10940,20.83,70.96,0.0,Sunday,1,0,12,Winter,584.68
2024-12-09,Z02,41545,10975,20.83,72.2,0.0,Monday,0,0,12,Winter,548.91
2024-12-10,Z02,41495,11062,21.61,63.79,18.31,Tuesday,0,0,12,Winter,504.31
2024-12-11,Z02,41800,10914,17.17,74.11,0.0,Wednesday,0,0,12,Winter,531.54
2024-12-12,Z02,41298,10992,18.44,68.17,0.0,Thursday,0,0,12,Winter,543.8
2024-12-13,Z02,41169,10988,20.19,67.48,0.0,Friday,0,0,12,Winter,549.44
2024-12-14,Z02,41692,11033,21.43,68.97,10.68,Saturday,1,0,12,Winter,585.14
2024-12-15,Z02,41674,11018,20.63,68.02,0.0,Sunday,1,0,12,Winter,526.07
2024-12-16,Z02,41746,10956,20.71,65.09,0.0,Monday,0,0,12,Winter,531.21
2024-12-17,Z02,41144,10921,22.05,64.29,0.0,Tuesday,0,0,12,Winter,570.54
2024-12-18,Z02,41597,10981,19.17,76.54,0.0,Wednesday,0,0,12,Winter,576.0
2024-12-19,Z02,41563,10977,20.93,61.1,25.81,Thursday,0,0,12,Winter,488.72
2024-12-20,Z02,41771,10948,20.48,65.04,0.0,Friday,0,0,12,Winter,575.51
2024-12-21,Z02,41591,10959,22.93,71.79,0.0,Saturday,1,0,12,Winter,564.73
2024-12-22,Z02,41775,10959,19.82,67.31,2.64,Sunday,1,0,12,Winter,568.56
2024-12-23,Z02,41788,10965,18.68,73.46,0.0,Monday,0,0,12,Winter,537.66
2024-12-24,Z02,41631,10959,23.08,70.35,0.0,Tuesday,0,0,12,Winter,539.28
2024-12-25,Z02,41525,10956,21.58,71.37,0.0,Wednesday,0,1,12,Winter,573.92
2024-12-26,Z02,41594,10984,16.43,57.6,0.0,Thursday,0,0,12,Winter,553.75
2024-12-27,Z02,41469,10912,19.58,80.13,0.0,Friday,0,0,12,Winter,542.66
2024-12-28,Z02,41686,10972,21.94,71.64,0.0,Saturday,1,0,12,Winter,570.88
2024-12-29,Z02,41911,10968,22.57,63.76,0.0,Sunday,1,0,12,Winter,585.17
2024-12-30,Z02,41810,10957,20.19,67.63,0.0,Monday,0,0,12,Winter,565.66
2024-12-31,Z02,41402,10943,20.69,71.55,0.0,Tuesday,0,0,12,Winter,579.14
2025-01-01,Z02,41528,10955,19.7,68.63,0.0,Wednesday,0,1,1,Winter,601.7
2025-01-02,Z02,41855,11009,20.3,72.03,14.98,Thursday,0,0,1,Winter,526.62
2025-01-03,Z02,41509,10929,21.56,71.18,0.0,Friday,0,0,1,Winter,555.94
2025-01-04,Z02,41733,10943,17.53,73.86,0.0,Saturday,1,0,1,Winter,570.78
2025-01-05,Z02,41657,10990,23.47,60.59,0.0,Sunday,1,0,1,Winter,538.44
2025-01-06,Z02,41178,11067,19.53,76.81,6.99,Monday,0,0,1,Winter,536.27
2025-01-07,Z02,41584,10953,21.42,65.03,0.0,Tuesday,0,0,1,Winter,563.5
2025-01-08,Z02,41568,11036,19.97,68.36,14.62,Wednesday,0,0,1,Winter,548.29
2025-01-09,Z02,41245,11045,23.34,64.64,0.0,Thursday,0,0,1,Winter,577.36
2025-01-10,Z02,42034,10966,23.71,64.36,25.19,Friday,0,0,1,Winter,539.14
2025-01-11,Z02,41555,10939,17.59,74.15,22.15,Saturday,1,0,1,Winter,516.16
2025-01-12,Z02,42412,11001,20.83,71.17,0.0,Sunday,1,0,1,Winter,565.32
2025-01-13,Z02,41860,10956,18.15,68.4,0.0,Monday,0,0,1,Winter,596.61
2025-01-14,Z02,41399,10981,21.18,63.22,0.0,Tuesday,0,1,1,Winter,612.17
2025-01-15,Z02,41498,10965,17.39,70.66,0.0,Wednesday,0,0,1,Winter,539.64
2025-01-16,Z02,41896,10921,17.21,66.48,0.0,Thursday,0,0,1,Winter,572.19
2025-01-17,Z02,41702,10977,18.32,72.65,0.0,Friday,0,0,1,Winter,553.14
2025-01-18,Z02,41669,11031,17.7,84.63,0.0,Saturday,1,0,1,Winter,594.45
2025-01-19,Z02,41577,11013,22.67,65.38,0.0,Sunday,1,0,1,Winter,589.66
2025-01-20,Z02,42050,11010,20.85,72.8,0.0,Monday,0,0,1,Winter,550.21
2025-01-21,Z02,41982,10992,23.97,72.7,9.12,Tuesday,0,0,1,Winter,550.38
2025-01-22,Z02,41427,10996,22.59,67.42,0.0,Wednesday,0,0,1,Winter,566.15
2025-01-23,Z02,41580,10948,23.49,70.58,0.0,Thursday,0,0,1,Winter,583.36
2025-01-24,Z02,41985,10961,22.19,66.38,0.0,Friday,0,0,1,Winter,536.54
2025-01-25,Z02,41843,10984,19.12,62.93,0.0,Saturday,1,0,1,Winter,584.18
2025-01-26,Z02,41823,11063,22.63,55.03,0.0,Sunday,1,1,1,Winter,577.87
2025-01-27,Z02,41425,10961,22.03,58.88,0.0,Monday,0,0,1,Winter,586.56
2025-01-28,Z02,41362,10982,20.86,66.79,0.0,Tuesday,0,0,1,Winter,571.16
2025-01-29,Z02,41444,10955,21.89,64.47,0.0,Wednesday,0,0,1,Winter,592.03
2025-01-30,Z02,41408,11001,21.34,68.8,17.31,Thursday,0,0,1,Winter,538.05
2025-01-31,Z02,42012,11017,22.04,64.2,0.0,Friday,0,0,1,Winter,569.66
2025-02-01,Z02,41653,10954,23.97,71.78,0.0,Saturday,1,0,2,Winter,599.61
2025-02-02,Z02,41182,10939,20.45,,0.0,Sunday,1,0,2,Winter,603.6
2025-02-03,Z02,42067,10961,21.75,69.11,,Monday,0,0,2,Winter,574.91
2025-02-04,Z02,41302,10957,24.3,57.84,15.11,Tuesday,0,0,2,Winter,543.26
2025-02-05,Z02,42070,10985,22.46,65.81,5.55,Wednesday,0,0,2,Winter,604.56
2025-02-06,Z02,41456,10941,22.54,65.2,0.0,Thursday,0,0,2,Winter,541.95
2025-02-07,Z02,41454,10991,21.69,77.98,0.0,Friday,0,0,2,Winter,613.26
2025-02-08,Z02,42076,10982,23.15,74.82,0.0,Saturday,1,0,2,Winter,610.23
2025-02-09,Z02,41681,11030,25.25,64.82,4.35,Sunday,1,0,2,Winter,583.08
2025-02-10,Z02,41858,10971,25.78,60.24,0.0,Monday,0,0,2,Winter,594.0
2025-02-11,Z02,42121,11024,21.89,64.48,0.0,Tuesday,0,0,2,Winter,625.33
2025-02-12,Z02,41408,11000,19.56,65.44,0.0,Wednesday,0,0,2,Winter,577.91
2025-02-13,Z02,41729,10975,22.81,65.08,0.0,Thursday,0,0,2,Winter,564.94
2025-02-14,Z02,41986,11018,21.17,63.65,0.0,Friday,0,0,2,Winter,617.01
2025-02-15,Z02,41686,10994,22.92,66.55,14.62,Saturday,1,0,2,Winter,588.91
2025-02-16,Z02,42123,11038,27.89,,0.0,Sunday,1,0,2,Winter,637.8
2025-02-17,Z02,42208,10958,24.45,64.74,0.0,Monday,0,0,2,Winter,577.74
2025-02-18,Z02,41377,11020,23.85,69.18,7.35,Tuesday,0,0,2,Winter,574.57
2025-02-19,Z02,42286,10995,22.41,78.42,0.0,Wednesday,0,0,2,Winter,544.46
2025-02-20,Z02,41419,10930,22.92,68.48,0.0,Thursday,0,0,2,Winter,587.93
2025-02-21,Z02,41509,11024,26.54,69.18,0.0,Friday,0,0,2,Winter,566.71
2025-02-22,Z02,42178,11004,22.68,68.14,7.5,Saturday,1,0,2,Winter,593.07
2025-02-23,Z02,41827,10963,22.97,66.0,34.23,Sunday,1,0,2,Winter,562.25
2025-02-24,Z02,41394,11001,22.5,77.18,0.0,Monday,0,0,2,Winter,585.31
2025-02-25,Z02,41733,11017,26.24,67.04,5.61,Tuesday,0,0,2,Winter,603.69
2025-02-26,Z02,41604,10984,26.33,61.84,0.0,Wednesday,0,0,2,Winter,602.53
2025-02-27,Z02,41374,11042,22.21,68.16,0.0,Thursday,0,0,2,Winter,572.61
2025-02-28,Z02,41917,10998,26.49,64.18,0.0,Friday,0,0,2,Winter,552.0
2025-03-01,Z02,42178,11011,25.32,69.91,0.0,Saturday,1,0,3,Summer,622.71
2025-03-02,Z02,41891,10961,26.39,70.58,0.0,Sunday,1,0,3,Summer,655.48
2025-03-03,Z02,41434,11057,22.83,70.57,0.0,Monday,0,0,3,Summer,580.09
2025-03-04,Z02,41803,11013,23.35,67.77,0.0,Tuesday,0,0,3,Summer,584.39
2025-03-05,Z02,42204,10987,20.85,76.74,0.0,Wednesday,0,0,3,Summer,575.5
2025-03-06,Z02,41507,11064,25.32,59.07,0.0,Thursday,0,0,3,Summer,623.48
2025-03-07,Z02,41520,10962,23.5,76.19,1.6,Friday,0,0,3,Summer,586.77
2025-03-08,Z02,41491,10959,27.62,67.96,0.0,Saturday,1,0,3,Summer,627.1
2025-03-09,Z02,41630,10990,27.9,73.67,0.0,Sunday,1,0,3,Summer,619.95
2025-03-10,Z02,42218,11059,24.09,74.68,0.0,Monday,0,0,3,Summer,615.3
2025-03-11,Z02,41433,11017,27.81,66.53,0.0,Tuesday,0,0,3,Summer,571.31
2025-03-12,Z02,41802,10965,25.27,68.55,0.0,Wednesday,0,0,3,Summer,592.78
2025-03-13,Z02,42088,10998,23.84,56.12,0.0,Thursday,0,0,3,Summer,600.94
2025-03-14,Z02,41968,11028,26.55,65.93,0.0,Friday,0,0,3,Summer,609.54
2025-03-15,Z02,41727,11050,27.03,68.89,0.0,Saturday,1,0,3,Summer,660.85
2025-03-16,Z02,41554,11075,26.23,66.21,0.0,Sunday,1,0,3,Summer,630.32
2025-03-17,Z02,41857,10958,30.11,68.36,0.0,Monday,0,0,3,Summer,587.7
2025-03-18,Z02,41305,11006,25.38,65.49,4.3,Tuesday,0,0,3,Summer,579.8
2025-03-19,Z02,42047,11010,29.09,58.67,0.0,Wednesday,0,0,3,Summer,623.9
2025-03-20,Z02,41542,11032,25.82,63.65,0.0,Thursday,0,0,3,Summer,598.43
2025-03-21,Z02,41619,10962,26.21,72.86,0.0,Friday,0,0,3,Summer,615.89
2025-03-22,Z02,41606,10942,25.27,64.42,0.0,Saturday,1,0,3,Summer,633.19
2025-03-23,Z02,42313,10973,30.44,73.41,0.0,Sunday,1,0,3,Summer,643.42
2025-03-24,Z02,41746,10996,26.11,55.6,0.0,Monday,0,0,3,Summer,582.51
2025-03-25,Z02,41868,10950,29.09,68.48,,Tuesday,0,0,3,Summer,604.11
2025-03-26,Z02,41950,11008,28.13,69.0,0.0,Wednesday,0,0,3,Summer,573.01
2025-03-27,Z02,41936,10982,28.54,72.6,0.0,Thursday,0,0,3,Summer,593.33
2025-03-28,Z02,41435,10991,30.77,61.66,0.0,Friday,0,0,3,Summer,600.4
2025-03-29,Z02,41763,10957,30.13,64.87,0.0,Saturday,1,0,3,Summer,604.94
2025-03-30,Z02,42114,10988,27.29,62.26,0.0,Sunday,1,0,3,Summer,622.14
2025-03-31,Z02,41367,11082,27.68,67.02,0.0,Monday,0,0,3,Summer,602.03
2025-04-01,Z02,41768,11002,29.93,66.82,0.0,Tuesday,0,0,4,Summer,613.87
2025-04-02,Z02,41709,11038,29.08,65.27,0.0,Wednesday,0,0,4,Summer,610.7
2025-04-03,Z02,41756,10983,30.08,69.75,0.0,Thursday,0,0,4,Summer,600.64
2025-04-04,Z02,41294,11032,25.76,62.64,0.0,Friday,0,0,4,Summer,587.74
2025-04-05,Z02,41651,11029,26.92,66.77,0.0,Saturday,1,0,4,Summer,643.94
2025-04-06,Z02,41314,11040,27.68,67.88,0.0,Sunday,1,0,4,Summer,637.62
2025-04-07,Z02,41806,10988,28.55,58.96,13.15,Monday,0,0,4,Summer,567.45
2025-04-08,Z02,42008,10964,31.36,64.58,0.0,Tuesday,0,0,4,Summer,606.97
2025-04-09,Z02,41429,10979,31.15,,0.0,Wednesday,0,0,4,Summer,638.01
2025-04-10,Z02,41860,10983,28.44,67.77,0.0,Thursday,0,0,4,Summer,635.99
2025-04-11,Z02,41719,11017,31.85,74.6,0.0,Friday,0,0,4,Summer,584.05
2025-04-12,Z02,41904,10988,33.15,72.38,0.0,Saturday,1,0,4,Summer,643.02
2025-04-13,Z02,41731,10998,31.61,60.48,0.0,Sunday,1,0,4,Summer,605.51
2025-04-14,Z02,41617,11012,27.65,60.65,0.0,Monday,0,0,4,Summer,582.81
2025-04-15,Z02,41632,11030,27.94,64.79,18.76,Tuesday,0,0,4,Summer,601.3
2025-04-16,Z02,41770,10986,27.58,66.4,0.0,Wednesday,0,0,4,Summer,586.74
2025-04-17,Z02,41455,10955,28.56,64.05,0.0,Thursday,0,0,4,Summer,601.81
2025-04-18,Z02,41628,11024,27.53,64.99,0.0,Friday,0,0,4,Summer,590.11
2025-04-19,Z02,41405,11038,31.08,65.44,0.0,Saturday,1,0,4,Summer,634.55
2025-04-20,Z02,42129,11072,,65.5,0.0,Sunday,1,0,4,Summer,634.65
2025-04-21,Z02,41982,10988,31.4,64.99,3.95,Monday,0,0,4,Summer,632.33
2025-04-22,Z02,41976,11023,31.49,66.37,0.0,Tuesday,0,0,4,Summer,631.18
2025-04-23,Z02,41592,10972,32.98,72.58,30.07,Wednesday,0,0,4,Summer,596.88
2025-04-24,Z02,42150,11015,28.14,65.96,0.0,Thursday,0,0,4,Summer,603.83
2025-04-25,Z02,41775,10988,28.79,64.23,0.0,Friday,0,0,4,Summer,567.44
2025-04-26,Z02,41293,10987,33.46,58.16,0.0,Saturday,1,0,4,Summer,712.36
2025-04-27,Z02,41826,11039,28.42,58.49,14.03,Sunday,1,0,4,Summer,597.8
2025-04-28,Z02,41834,11004,31.11,60.88,12.01,Monday,0,0,4,Summer,613.88
2025-04-29,Z02,41964,10973,31.55,14.2,0.0,Tuesday,0,0,4,Summer,598.62
2025-04-30,Z02,41991,11050,33.55,62.7,,Wednesday,0,0,4,Summer,668.17
2025-05-01,Z02,41458,11045,31.83,72.36,0.0,Thursday,0,0,5,Summer,620.05
2025-05-02,Z02,41413,10990,29.85,54.74,0.0,Friday,0,0,5,Summer,598.45
2025-05-03,Z02,41896,11032,30.81,61.47,0.0,Saturday,1,0,5,Summer,658.17
2025-05-04,Z02,41624,10969,32.22,61.88,0.0,Sunday,1,0,5,Summer,633.85
2025-05-05,Z02,41874,11030,35.82,66.82,4.77,Monday,0,0,5,Summer,626.05
2025-05-06,Z02,41977,11053,26.91,,0.0,Tuesday,0,0,5,Summer,570.75
2025-05-07,Z02,41845,11025,34.06,65.97,0.0,Wednesday,0,0,5,Summer,624.18
2025-05-08,Z02,41965,11060,29.66,62.44,0.0,Thursday,0,0,5,Summer,603.86
2025-05-09,Z02,41693,11035,34.36,69.2,29.86,Friday,0,0,5,Summer,566.69
2025-05-10,Z02,41530,11012,34.0,70.38,0.0,Saturday,1,0,5,Summer,647.46
2025-05-11,Z02,41647,11038,,64.96,0.0,Sunday,1,0,5,Summer,660.47
2025-05-12,Z02,41597,11044,32.97,62.14,0.0,Monday,0,0,5,Summer,632.05
2025-05-13,Z02,41546,11059,32.58,61.96,0.0,Tuesday,0,0,5,Summer,602.11
2025-05-14,Z02,41978,11082,29.37,61.18,0.0,Wednesday,0,0,5,Summer,612.8
2025-05-15,Z02,41784,10993,32.23,52.74,0.0,Thursday,0,0,5,Summer,639.53
2025-05-16,Z02,42162,11029,28.24,63.27,0.0,Friday,0,0,5,Summer,641.23
2025-05-17,Z02,41753,10968,32.73,64.49,0.0,Saturday,1,0,5,Summer,646.18
2025-05-18,Z02,41831,11028,34.13,60.17,0.0,Sunday,1,0,5,Summer,680.92
2025-05-19,Z02,42223,10947,31.78,69.71,0.0,Monday,0,0,5,Summer,586.5
2025-05-20,Z02,41831,11007,31.76,64.68,0.0,Tuesday,0,0,5,Summer,670.79
2025-05-21,Z02,41722,10996,36.62,54.47,0.0,Wednesday,0,0,5,Summer,629.49
2025-05-22,Z02,41611,11026,31.4,66.32,11.78,Thursday,0,0,5,Summer,581.93
2025-05-23,Z02,41729,11021,33.81,72.59,0.0,Friday,0,0,5,Summer,600.94
2025-05-24,Z02,42134,11024,,67.53,0.0,Saturday,1,0,5,Summer,598.01
2025-05-25,Z02,42042,11066,31.83,65.96,0.0,Sunday,1,0,5,Summer,645.39
2025-05-26,Z02,41829,11023,34.83,69.58,0.0,Monday,0,0,5,Summer,626.19
2025-05-27,Z02,41680,10960,33.45,66.5,10.19,Tuesday,0,0,5,Summer,635.52
2025-05-28,Z02,41529,11013,37.21,56.6,23.54,Wednesday,0,0,5,Summer,608.99
2025-05-29,Z02,41756,10994,32.31,62.97,0.0,Thursday,0,0,5,Summer,608.71
2025-05-30,Z02,42121,10974,30.04,71.67,0.0,Friday,0,0,5,Summer,601.87
2025-05-31,Z02,41877,10999,34.59,58.77,0.61,Saturday,1,0,5,Summer,644.72
2025-06-01,Z02,41945,11037,33.6,65.97,0.0,Sunday,1,0,6,Monsoon,613.98
2025-06-02,Z02,41657,11068,34.41,60.08,0.0,Monday,0,0,6,Monsoon,626.06
2025-06-03,Z02,41895,11020,30.91,54.49,0.0,Tuesday,0,0,6,Monsoon,620.11
2025-06-04,Z02,42138,11017,36.44,68.51,0.0,Wednesday,0,0,6,Monsoon,767.07
2025-06-05,Z02,41897,11038,30.98,74.8,0.94,Thursday,0,0,6,Monsoon,555.88
2025-06-06,Z02,42470,11005,30.93,65.36,0.0,Friday,0,0,6,Monsoon,625.81
2025-06-07,Z02,41899,10979,39.02,64.11,0.0,Saturday,1,0,6,Monsoon,649.81
2025-06-08,Z02,41642,10992,37.2,59.65,3.22,Sunday,1,0,6,Monsoon,639.77
2025-06-09,Z02,42126,10992,35.13,60.0,0.0,Monday,0,0,6,Monsoon,612.96
2025-06-10,Z02,41615,11048,35.39,62.4,30.67,Tuesday,0,0,6,Monsoon,569.67
2025-06-11,Z02,42091,11024,33.58,64.61,9.79,Wednesday,0,0,6,Monsoon,629.24
2025-06-12,Z02,42180,11020,35.31,68.28,0.0,Thursday,0,0,6,Monsoon,643.68
2025-06-13,Z02,42326,,33.63,62.94,0.0,Friday,0,0,6,Monsoon,573.79
2025-06-14,Z02,41581,,31.12,68.25,0.0,Saturday,1,0,6,Monsoon,605.5
2025-06-15,Z02,41664,11001,34.31,67.71,3.95,Sunday,1,0,6,Monsoon,646.39
2025-06-16,Z02,41572,11010,36.33,72.67,0.0,Monday,0,0,6,Monsoon,610.49
2025-06-17,Z02,41696,10995,34.48,71.38,28.93,Tuesday,0,0,6,Monsoon,581.48
2025-06-18,Z02,41923,11011,35.43,62.34,8.63,Wednesday,0,0,6,Monsoon,580.37
2025-06-19,Z02,41490,11020,30.94,61.77,0.0,Thursday,0,0,6,Monsoon,639.76
2025-06-20,Z02,41522,11031,37.37,61.75,0.0,Friday,0,0,6,Monsoon,660.09
2025-06-21,Z02,41951,11002,34.91,56.64,0.0,Saturday,1,0,6,Monsoon,675.2
2025-06-22,Z02,41955,10955,31.58,61.54,2.9,Sunday,1,0,6,Monsoon,662.19
2025-06-23,Z02,41901,10987,30.71,59.19,10.92,Monday,0,0,6,Monsoon,569.23
2025-06-24,Z02,42214,11092,35.53,62.29,0.0,Tuesday,0,0,6,Monsoon,658.22
2025-06-25,Z02,42219,11004,32.91,62.57,0.0,Wednesday,0,0,6,Monsoon,590.43
2025-06-26,Z02,41980,11031,34.73,61.9,0.0,Thursday,0,0,6,Monsoon,645.26
2025-06-27,Z02,41957,11057,35.7,76.47,9.53,Friday,0,0,6,Monsoon,606.57
2025-06-28,Z02,41979,11000,36.32,55.86,0.0,Saturday,1,0,6,Monsoon,644.92
2025-06-29,Z02,41537,11002,32.4,64.62,0.0,Sunday,1,0,6,Monsoon,621.88
2025-06-30,Z02,42106,11076,34.2,64.89,0.0,Monday,0,0,6,Monsoon,633.39
2025-07-01,Z02,42185,10959,33.41,65.81,4.19,Tuesday,0,0,7,Monsoon,613.53
2025-07-02,Z02,41416,,34.78,62.92,9.33,Wednesday,0,0,7,Monsoon,564.89
2025-07-03,Z02,41699,11024,32.84,67.59,0.0,Thursday,0,0,7,Monsoon,610.53
2025-07-04,Z02,41925,11026,31.22,59.96,9.06,Friday,0,0,7,Monsoon,555.82
2025-07-05,Z02,41639,10988,32.53,58.91,8.91,Saturday,1,0,7,Monsoon,599.31
2025-07-06,Z02,42327,10969,36.32,71.08,0.0,Sunday,1,0,7,Monsoon,627.71
2025-07-07,Z02,41779,11002,32.94,61.48,0.0,Monday,0,0,7,Monsoon,627.16
2025-07-08,Z02,41853,10976,33.74,58.19,0.0,Tuesday,0,0,7,Monsoon,602.76
2025-07-09,Z02,41971,11045,33.38,62.45,0.0,Wednesday,0,0,7,Monsoon,595.64
2025-07-10,Z02,42171,10998,32.21,61.93,0.0,Thursday,0,0,7,Monsoon,591.12
2025-07-11,Z02,41602,11074,32.69,75.01,9.09,Friday,0,0,7,Monsoon,578.75
2025-07-12,Z02,41983,11064,30.89,68.52,0.0,Saturday,1,0,7,Monsoon,591.92
2025-07-13,Z02,41922,11030,34.91,67.81,0.0,Sunday,1,0,7,Monsoon,607.11
2025-07-14,Z02,42336,11015,30.09,58.69,0.0,Monday,0,0,7,Monsoon,636.52
2025-07-15,Z02,41713,,30.73,69.69,40.34,Tuesday,0,0,7,Monsoon,551.68
2025-07-16,Z02,41595,10998,30.59,69.94,20.64,Wednesday,0,0,7,Monsoon,558.88
2025-07-17,Z02,41944,11021,35.08,59.79,0.0,Thursday,0,0,7,Monsoon,647.36
2025-07-18,Z02,42066,11049,37.02,64.35,9.96,Friday,0,0,7,Monsoon,579.44
2025-07-19,Z02,41618,11055,34.0,68.44,4.92,Saturday,1,0,7,Monsoon,617.56
2025-07-20,Z02,42356,11002,31.12,63.94,0.68,Sunday,1,0,7,Monsoon,597.61
2025-07-21,Z02,41703,11100,33.3,60.63,11.05,Monday,0,0,7,Monsoon,602.59
2025-07-22,Z02,41529,11018,34.2,60.41,10.54,Tuesday,0,0,7,Monsoon,617.72
2025-07-23,Z02,41705,11073,36.58,74.12,14.66,Wednesday,0,0,7,Monsoon,624.27
2025-07-24,Z02,42107,11047,33.9,59.3,6.44,Thursday,0,0,7,Monsoon,565.04
2025-07-25,Z02,41810,11034,,64.83,4.3,Friday,0,0,7,Monsoon,600.17
2025-07-26,Z02,41830,11005,31.66,62.09,16.89,Saturday,1,0,7,Monsoon,626.46
2025-07-27,Z02,42367,11051,33.74,61.53,5.65,Sunday,1,0,7,Monsoon,654.82
2025-07-28,Z02,41989,11001,34.83,69.79,24.87,Monday,0,0,7,Monsoon,617.02
2025-07-29,Z02,41655,11034,32.2,63.41,0.0,Tuesday,0,0,7,Monsoon,611.11
2025-07-30,Z02,41249,11020,30.92,60.93,0.0,Wednesday,0,0,7,Monsoon,579.93
2025-07-31,Z02,41723,11046,35.14,65.92,22.83,Thursday,0,0,7,Monsoon,587.64
2025-08-01,Z02,41774,11005,33.34,56.74,5.59,Friday,0,0,8,Monsoon,590.86
2025-08-02,Z02,41653,10999,33.24,60.2,1.2,Saturday,1,0,8,Monsoon,646.04
2025-08-03,Z02,42140,11031,28.58,61.81,7.81,Sunday,1,0,8,Monsoon,626.55
2025-08-04,Z02,41764,11002,29.5,66.35,1.29,Monday,0,0,8,Monsoon,684.55
2025-08-05,Z02,42002,11040,30.89,65.58,14.73,Tuesday,0,0,8,Monsoon,570.87
2025-08-06,Z02,41704,11059,33.55,64.52,15.2,Wednesday,0,0,8,Monsoon,550.98
2025-08-07,Z02,42081,11097,36.11,56.47,16.9,Thursday,0,0,8,Monsoon,558.38
2025-08-08,Z02,41935,11062,32.23,67.97,23.89,Friday,0,0,8,Monsoon,535.29
2025-08-09,Z02,42197,11051,32.16,72.97,24.79,Saturday,1,0,8,Monsoon,597.91
2025-08-10,Z02,41580,11017,33.55,63.0,0.0,Sunday,1,0,8,Monsoon,603.36
2025-08-11,Z02,42330,10960,37.01,63.51,0.0,Monday,0,0,8,Monsoon,595.46
2025-08-12,Z02,41941,10999,29.7,71.71,0.0,Tuesday,0,0,8,Monsoon,590.98
2025-08-13,Z02,41654,11104,29.31,60.31,5.03,Wednesday,0,0,8,Monsoon,582.03
2025-08-14,Z02,41864,11011,32.41,64.01,0.0,Thursday,0,0,8,Monsoon,622.53
2025-08-15,Z02,42169,11079,33.6,67.49,0.0,Friday,0,1,8,Monsoon,625.16
2025-08-16,Z02,41355,11061,31.42,69.14,0.0,Saturday,1,0,8,Monsoon,626.1
2025-08-17,Z02,41605,10950,30.56,61.54,13.37,Sunday,1,0,8,Monsoon,553.32
2025-08-18,Z02,41889,10999,29.39,65.06,25.73,Monday,0,0,8,Monsoon,578.85
2025-08-19,Z02,42006,11073,33.01,70.85,0.0,Tuesday,0,0,8,Monsoon,597.12
2025-08-20,Z02,41851,11075,32.31,64.18,7.34,Wednesday,0,0,8,Monsoon,574.49
2025-08-21,Z02,42057,11048,31.63,62.84,0.0,Thursday,0,0,8,Monsoon,546.1
2025-08-22,Z02,41927,10999,30.1,64.32,3.64,Friday,0,0,8,Monsoon,555.99
2025-08-23,Z02,41973,11031,30.19,67.23,19.73,Saturday,1,0,8,Monsoon,573.98
2025-08-24,Z02,41961,11061,30.73,67.67,1.62,Sunday,1,0,8,Monsoon,559.93
2025-08-25,Z02,41700,11080,25.58,66.46,17.58,Monday,0,0,8,Monsoon,509.86
2025-08-26,Z02,42253,11026,29.73,67.19,14.12,Tuesday,0,0,8,Monsoon,568.76
2025-08-27,Z02,41514,11024,31.05,67.15,0.0,Wednesday,0,0,8,Monsoon,606.4
2025-08-28,Z02,41922,11022,31.57,66.4,2.11,Thursday,0,0,8,Monsoon,571.22
2025-08-29,Z02,42497,11067,32.77,61.71,0.0,Friday,0,0,8,Monsoon,596.67
2025-08-30,Z02,42415,,29.47,61.37,0.0,Saturday,1,0,8,Monsoon,591.42
2025-08-31,Z02,41498,11059,28.03,70.19,6.36,Sunday,1,0,8,Monsoon,572.66
2025-09-01,Z02,41650,11031,29.9,73.76,8.34,Monday,0,0,9,Monsoon,523.72
2025-09-02,Z02,41819,11015,25.89,71.79,0.0,Tuesday,0,0,9,Monsoon,565.24
2025-09-03,Z02,41933,11059,28.44,68.57,11.12,Wednesday,0,0,9,Monsoon,581.41
2025-09-04,Z02,41986,11042,27.96,57.53,0.0,Thursday,0,0,9,Monsoon,567.46
2025-09-05,Z02,42269,11087,27.37,70.93,0.0,Friday,0,0,9,Monsoon,584.8
2025-09-06,Z02,42227,11024,30.65,55.99,0.0,Saturday,1,0,9,Monsoon,598.68
2025-09-07,Z02,41408,11028,31.22,62.97,10.56,Sunday,1,0,9,Monsoon,589.42
2025-09-08,Z02,41932,11098,29.39,65.34,0.0,Monday,0,0,9,Monsoon,602.0
2025-09-09,Z02,41999,11068,29.8,54.83,8.96,Tuesday,0,0,9,Monsoon,561.51
2025-09-10,Z02,41469,11086,29.08,54.0,19.69,Wednesday,0,0,9,Monsoon,572.37
2025-09-11,Z02,41582,11038,27.14,59.99,4.84,Thursday,0,0,9,Monsoon,566.51
2025-09-12,Z02,42050,11069,27.38,69.84,0.0,Friday,0,0,9,Monsoon,561.45
2025-09-13,Z02,41340,10978,28.56,64.97,3.67,Saturday,1,0,9,Monsoon,602.25
2025-09-14,Z02,42334,10988,24.94,60.75,14.23,Sunday,1,0,9,Monsoon,561.37
2025-09-15,Z02,41645,11062,27.18,60.92,7.06,Monday,0,0,9,Monsoon,556.71
2025-09-16,Z02,41981,11013,28.08,68.29,0.0,Tuesday,0,0,9,Monsoon,590.37
2025-09-17,Z02,42094,10984,27.08,65.59,0.0,Wednesday,0,0,9,Monsoon,561.75
2025-09-18,Z02,41487,11032,25.5,80.05,0.0,Thursday,0,0,9,Monsoon,563.48
2025-09-19,Z02,41531,11026,27.88,67.03,6.17,Friday,0,0,9,Monsoon,572.5
2025-09-20,Z02,41683,11090,26.87,75.02,6.95,Saturday,1,0,9,Monsoon,549.81
2025-09-21,Z02,41800,11100,25.97,62.82,0.0,Sunday,1,0,9,Monsoon,585.44
2025-09-22,Z02,41611,11029,27.57,60.25,0.0,Monday,0,0,9,Monsoon,560.48
2025-09-23,Z02,42302,11035,25.21,81.54,8.73,Tuesday,0,0,9,Monsoon,543.64
2025-09-24,Z02,42163,11060,28.63,71.49,13.8,Wednesday,0,0,9,Monsoon,532.64
2025-09-25,Z02,41806,11034,23.93,62.47,13.5,Thursday,0,0,9,Monsoon,556.87
2025-09-26,Z02,42315,11038,27.29,70.01,3.5,Friday,0,0,9,Monsoon,586.02
2025-09-27,Z02,41884,11056,28.51,57.8,38.63,Saturday,1,0,9,Monsoon,514.93
2025-09-28,Z02,42192,10958,26.35,65.43,0.0,Sunday,1,0,9,Monsoon,582.37
2025-09-29,Z02,41932,11035,23.83,61.15,14.32,Monday,0,0,9,Monsoon,552.78
2025-09-30,Z02,41922,11011,25.01,71.58,6.73,Tuesday,0,0,9,Monsoon,536.9
2025-10-01,Z02,41713,11033,27.27,66.69,2.05,Wednesday,0,0,10,Post-Monsoon,524.22
2025-10-02,Z02,41679,11093,26.34,,3.82,Thursday,0,1,10,Post-Monsoon,590.43
2025-10-03,Z02,42045,11035,25.03,67.73,24.68,Friday,0,0,10,Post-Monsoon,525.46
2025-10-04,Z02,42066,11034,23.6,73.69,0.0,Saturday,1,0,10,Post-Monsoon,591.4
2025-10-05,Z02,42074,11061,31.57,65.98,0.0,Sunday,1,0,10,Post-Monsoon,595.56
2025-10-06,Z02,41621,11022,27.27,65.52,0.0,Monday,0,0,10,Post-Monsoon,585.94
2025-10-07,Z02,41578,11000,26.1,68.7,3.24,Tuesday,0,0,10,Post-Monsoon,576.87
2025-10-08,Z02,41781,11008,24.09,70.0,0.0,Wednesday,0,0,10,Post-Monsoon,557.58
2025-10-09,Z02,42163,11074,23.55,80.06,12.4,Thursday,0,0,10,Post-Monsoon,544.2
2025-10-10,Z02,41801,11077,24.93,72.85,0.0,Friday,0,0,10,Post-Monsoon,552.8
2025-10-11,Z02,42039,11021,27.17,70.58,6.79,Saturday,1,0,10,Post-Monsoon,587.48
2025-10-12,Z02,42044,11073,19.67,71.28,16.02,Sunday,1,0,10,Post-Monsoon,533.23
2025-10-13,Z02,41501,11089,25.67,73.44,18.7,Monday,0,0,10,Post-Monsoon,520.11
2025-10-14,Z02,42118,11110,23.67,64.17,0.0,Tuesday,0,0,10,Post-Monsoon,543.66
2025-10-15,Z02,42142,11090,23.56,68.54,6.55,Wednesday,0,0,10,Post-Monsoon,533.72
2025-10-16,Z02,41748,11036,24.03,64.23,0.0,Thursday,0,0,10,Post-Monsoon,560.09
2025-10-17,Z02,41748,11055,22.81,69.12,0.0,Friday,0,0,10,Post-Monsoon,527.29
2025-10-18,Z02,41938,11066,22.21,74.87,7.27,Saturday,1,0,10,Post-Monsoon,553.65
2025-10-19,Z02,42000,11051,22.19,65.32,14.68,Sunday,1,0,10,Post-Monsoon,562.78
2025-10-20,Z02,42053,11046,20.02,69.06,3.74,Monday,0,0,10,Post-Monsoon,539.16
2025-10-21,Z02,41781,11107,20.2,69.15,5.12,Tuesday,0,0,10,Post-Monsoon,519.64
2025-10-22,Z02,42297,11082,25.35,60.84,0.0,Wednesday,0,0,10,Post-Monsoon,570.53
2025-10-23,Z02,42399,11090,24.99,81.07,8.01,Thursday,0,1,10,Post-Monsoon,555.67
2025-10-24,Z02,41530,11035,22.87,73.61,4.07,Friday,0,0,10,Post-Monsoon,547.85
2025-10-25,Z02,41558,11032,25.1,68.7,12.32,Saturday,1,0,10,Post-Monsoon,557.8
2025-10-26,Z02,42235,,26.03,61.14,35.55,Sunday,1,0,10,Post-Monsoon,524.56
2025-10-27,Z02,41762,11064,23.2,68.81,12.68,Monday,0,0,10,Post-Monsoon,517.17
2025-10-28,Z02,42508,11122,24.01,67.02,14.1,Tuesday,0,0,10,Post-Monsoon,564.03
2025-10-29,Z02,41892,11083,20.92,68.53,29.27,Wednesday,0,0,10,Post-Monsoon,482.24
2025-10-30,Z02,41583,11003,20.57,76.06,0.0,Thursday,0,0,10,Post-Monsoon,542.01
2025-10-31,Z02,42126,11121,20.65,78.48,0.0,Friday,0,0,10,Post-Monsoon,547.77
2025-11-01,Z02,42066,11120,23.38,71.34,0.0,Saturday,1,0,11,Post-Monsoon,595.9
2025-11-02,Z02,41997,11156,17.24,72.56,8.45,Sunday,1,0,11,Post-Monsoon,558.66
2025-11-03,Z02,42026,11039,26.21,66.1,5.58,Monday,0,0,11,Post-Monsoon,571.16
2025-11-04,Z02,41715,11030,25.45,63.88,4.16,Tuesday,0,0,11,Post-Monsoon,542.52
2025-11-05,Z02,41794,11037,,69.24,0.0,Wednesday,0,0,11,Post-Monsoon,552.64
2025-11-06,Z02,42134,11085,21.86,70.67,0.0,Thursday,0,0,11,Post-Monsoon,549.39
2025-11-07,Z02,42119,11017,21.4,66.52,8.29,Friday,0,0,11,Post-Monsoon,556.91
2025-11-08,Z02,42059,11048,17.03,73.33,1.07,Saturday,1,0,11,Post-Monsoon,567.06
2025-11-09,Z02,42360,11073,21.17,76.56,0.0,Sunday,1,0,11,Post-Monsoon,578.94
2025-11-10,Z02,41840,11007,21.5,64.22,12.64,Monday,0,0,11,Post-Monsoon,506.59
2025-11-11,Z02,41965,11040,20.97,16.01,6.37,Tuesday,0,0,11,Post-Monsoon,532.65
2025-11-12,Z02,42084,11082,20.17,62.19,13.89,Wednesday,0,0,11,Post-Monsoon,532.71
2025-11-13,Z02,42412,11067,23.49,62.53,0.0,Thursday,0,0,11,Post-Monsoon,550.48
2025-11-14,Z02,42384,11067,19.42,64.09,15.27,Friday,0,0,11,Post-Monsoon,518.14
2025-11-15,Z02,41735,11072,18.88,68.86,0.0,Saturday,1,0,11,Post-Monsoon,500.24
2025-11-16,Z02,41758,11052,21.16,78.47,13.37,Sunday,1,0,11,Post-Monsoon,565.38
2025-11-17,Z02,42054,11084,16.24,82.29,12.22,Monday,0,0,11,Post-Monsoon,551.84
2025-11-18,Z02,42118,11014,25.48,60.47,0.74,Tuesday,0,0,11,Post-Monsoon,551.7
2025-11-19,Z02,41879,11099,18.92,69.23,15.07,Wednesday,0,0,11,Post-Monsoon,539.56
2025-11-20,Z02,42152,11028,21.69,77.43,0.0,Thursday,0,0,11,Post-Monsoon,558.42
2025-11-21,Z02,42353,11086,21.05,71.83,0.0,Friday,0,0,11,Post-Monsoon,542.25
2025-11-22,Z02,42360,11076,18.96,71.97,21.19,Saturday,1,0,11,Post-Monsoon,476.21
2025-11-23,Z02,41768,11082,22.64,74.53,24.72,Sunday,1,0,11,Post-Monsoon,564.86
2025-11-24,Z02,41980,11016,25.65,67.92,0.0,Monday,0,0,11,Post-Monsoon,550.88
2025-11-25,Z02,41380,11047,20.44,72.27,3.5,Tuesday,0,0,11,Post-Monsoon,564.17
2025-11-26,Z02,42169,11045,18.04,80.18,10.08,Wednesday,0,0,11,Post-Monsoon,513.18
2025-11-27,Z02,42082,10993,21.8,61.5,12.14,Thursday,0,0,11,Post-Monsoon,549.46
2025-11-28,Z02,42325,11065,20.77,68.38,32.44,Friday,0,0,11,Post-Monsoon,514.74
2025-11-29,Z02,41478,11069,21.19,69.06,13.07,Saturday,1,0,11,Post-Monsoon,532.93
2025-11-30,Z02,41933,11085,21.24,65.19,0.0,Sunday,1,0,11,Post-Monsoon,587.29
2025-12-01,Z02,42013,11109,17.82,76.91,8.5,Monday,0,0,12,Winter,562.43
2025-12-02,Z02,41410,11059,21.27,73.28,0.0,Tuesday,0,0,12,Winter,551.17
2025-12-03,Z02,41984,11010,22.77,67.83,2.4,Wednesday,0,0,12,Winter,565.57
2025-12-04,Z02,41704,10980,23.31,69.9,0.0,Thursday,0,0,12,Winter,577.5
2025-12-05,Z02,41920,11081,23.09,69.17,0.0,Friday,0,0,12,Winter,534.15
2025-12-06,Z02,42249,11035,24.29,74.91,19.74,Saturday,1,0,12,Winter,524.08
2025-12-07,Z02,41628,11120,21.51,69.09,14.74,Sunday,1,0,12,Winter,555.97
2025-12-08,Z02,42351,11070,18.95,77.15,14.51,Monday,0,0,12,Winter,517.11
2025-12-09,Z02,41998,11045,22.05,63.8,0.0,Tuesday,0,0,12,Winter,519.63
2025-12-10,Z02,42016,11046,20.88,69.36,0.0,Wednesday,0,0,12,Winter,565.28
2025-12-11,Z02,42079,11049,19.48,71.63,0.0,Thursday,0,0,12,Winter,572.99
2025-12-12,Z02,42101,11016,21.95,66.37,0.0,Friday,0,0,12,Winter,588.63
2025-12-13,Z02,42252,11081,19.86,68.81,0.0,Saturday,1,0,12,Winter,595.24
2025-12-14,Z02,42527,11059,17.25,62.78,7.14,Sunday,1,0,12,Winter,574.58
2025-12-15,Z02,42221,11068,20.05,67.24,1.99,Monday,0,0,12,Winter,546.43
2025-12-16,Z02,42006,11067,19.48,77.35,37.65,Tuesday,0,0,12,Winter,500.82
2025-12-17,Z02,42153,11046,20.3,70.06,13.53,Wednesday,0,0,12,Winter,535.52
2025-12-18,Z02,42553,11122,20.85,82.8,0.0,Thursday,0,0,12,Winter,576.84
2025-12-19,Z02,42364,11042,20.91,68.42,0.0,Friday,0,0,12,Winter,549.79
2025-12-20,Z02,41947,11121,20.93,63.29,0.0,Saturday,1,0,12,Winter,559.89
2025-12-21,Z02,42154,11089,23.71,64.34,0.0,Sunday,1,0,12,Winter,611.91
2025-12-22,Z02,41830,11058,20.65,62.8,0.0,Monday,0,0,12,Winter,526.91
2025-12-23,Z02,42146,11135,21.35,68.02,0.0,Tuesday,0,0,12,Winter,709.43
2025-12-24,Z02,41786,11139,22.57,67.98,0.0,Wednesday,0,0,12,Winter,549.4
2025-12-25,Z02,41700,11133,16.73,64.42,0.0,Thursday,0,1,12,Winter,607.65
2025-12-26,Z02,42051,11104,19.81,72.35,8.31,Friday,0,0,12,Winter,551.74
2025-12-27,Z02,42049,11104,19.65,70.95,0.0,Saturday,1,0,12,Winter,579.48
2025-12-28,Z02,42115,11059,21.12,74.69,0.0,Sunday,1,0,12,Winter,589.81
2025-12-29,Z02,41400,11114,20.96,69.61,36.81,Monday,0,0,12,Winter,523.83
2025-12-30,Z02,41835,10986,21.37,75.08,0.0,Tuesday,0,0,12,Winter,566.15
2025-12-31,Z02,41884,11041,19.8,,0.0,Wednesday,0,0,12,Winter,526.04
2023-01-01,Z03,67516,16910,20.15,68.3,10.29,Sunday,1,1,1,Winter,1092.32
2023-01-02,Z03,68045,16919,19.25,66.56,0.0,Monday,0,0,1,Winter,1132.39
2023-01-03,Z03,68093,16872,14.7,68.59,0.0,Tuesday,0,0,1,Winter,1059.87
2023-01-04,Z03,67918,16819,18.02,73.02,0.0,Wednesday,0,0,1,Winter,1034.59
2023-01-05,Z03,68241,16884,20.89,70.73,4.46,Thursday,0,0,1,Winter,1100.8
2023-01-06,Z03,68263,16874,17.43,76.79,0.0,Friday,0,0,1,Winter,1043.38
2023-01-07,Z03,67643,16933,22.72,65.53,24.79,Saturday,1,0,1,Winter,1092.66
2023-01-08,Z03,67914,16904,19.61,75.96,0.0,Sunday,1,0,1,Winter,1117.65
2023-01-09,Z03,67898,16903,19.57,77.68,0.0,Monday,0,0,1,Winter,1036.81
2023-01-10,Z03,68399,16908,20.2,77.81,7.79,Tuesday,0,0,1,Winter,974.43
2023-01-11,Z03,67825,16884,19.1,67.62,0.0,Wednesday,0,0,1,Winter,1503.98
2023-01-12,Z03,68029,16987,20.24,73.06,9.74,Thursday,0,0,1,Winter,1022.12
2023-01-13,Z03,67872,16887,20.64,60.0,0.0,Friday,0,0,1,Winter,1122.19
2023-01-14,Z03,68385,16911,21.98,74.66,20.32,Saturday,1,1,1,Winter,1168.19
2023-01-15,Z03,68249,16899,25.1,65.29,16.55,Sunday,1,0,1,Winter,1072.86
2023-01-16,Z03,67377,16943,19.78,76.1,24.17,Monday,0,0,1,Winter,895.12
2023-01-17,Z03,67939,16947,22.0,72.27,4.31,Tuesday,0,0,1,Winter,978.57
2023-01-18,Z03,67660,16856,21.1,72.32,6.59,Wednesday,0,0,1,Winter,1015.75
2023-01-19,Z03,68012,16854,22.33,66.27,0.0,Thursday,0,0,1,Winter,1084.76
2023-01-20,Z03,68229,16835,20.01,75.66,0.0,Friday,0,0,1,Winter,1103.03
2023-01-21,Z03,68106,16899,19.14,68.16,0.0,Saturday,1,0,1,Winter,1053.95
2023-01-22,Z03,68133,16967,22.98,67.19,0.0,Sunday,1,0,1,Winter,1113.97
2023-01-23,Z03,68008,16901,22.49,69.73,0.0,Monday,0,0,1,Winter,1027.35
2023-01-24,Z03,68143,16898,18.99,76.86,0.0,Tuesday,0,0,1,Winter,967.51
2023-01-25,Z03,67985,16916,23.6,76.79,0.0,Wednesday,0,0,1,Winter,1073.1
2023-01-26,Z03,67532,16940,24.08,64.24,0.0,Thursday,0,1,1,Winter,1095.06
2023-01-27,Z03,68309,16918,21.01,82.98,0.0,Friday,0,0,1,Winter,1067.64
2023-01-28,Z03,68003,16916,23.23,67.39,0.0,Saturday,1,0,1,Winter,1088.16
2023-01-29,Z03,68202,16921,22.49,68.68,23.81,Sunday,1,0,1,Winter,1080.1
2023-01-30,Z03,68383,16897,21.29,75.54,0.0,Monday,0,0,1,Winter,1037.42
2023-01-31,Z03,67996,16888,25.22,71.6,0.0,Tuesday,0,0,1,Winter,1033.55
2023-02-01,Z03,67908,16906,24.08,63.48,0.0,Wednesday,0,0,2,Winter,1049.46
2023-02-02,Z03,68472,16959,21.57,71.35,0.0,Thursday,0,0,2,Winter,1077.3
2023-02-03,Z03,67431,16883,25.65,76.88,0.0,Friday,0,0,2,Winter,1057.4
2023-02-04,Z03,68163,16934,17.05,87.27,0.0,Saturday,1,0,2,Winter,1089.82
2023-02-05,Z03,68301,16931,22.38,71.37,0.0,Sunday,1,0,2,Winter,1129.0
2023-02-06,Z03,68142,16924,25.07,59.88,0.0,Monday,0,0,2,Winter,1093.91
2023-02-07,Z03,67958,16959,22.07,60.07,10.77,Tuesday,0,0,2,Winter,1066.92
2023-02-08,Z03,68024,16873,21.58,66.33,0.0,Wednesday,0,0,2,Winter,1092.61
2023-02-09,Z03,68267,16902,25.57,71.01,0.0,Thursday,0,0,2,Winter,1117.86
2023-02-10,Z03,67535,16894,24.14,68.69,0.0,Friday,0,0,2,Winter,1052.72
2023-02-11,Z03,68420,16909,21.88,65.94,19.7,Saturday,1,0,2,Winter,1096.9
2023-02-12,Z03,67913,16906,21.27,62.97,8.51,Sunday,1,0,2,Winter,1091.6
2023-02-13,Z03,67555,16886,24.08,61.94,136.12,Monday,0,0,2,Winter,1031.2
2023-02-14,Z03,68471,16944,19.33,,0.0,Tuesday,0,0,2,Winter,1164.79
2023-02-15,Z03,67729,16933,26.33,66.37,0.0,Wednesday,0,0,2,Winter,1069.33
2023-02-16,Z03,67449,16884,23.22,66.88,0.0,Thursday,0,0,2,Winter,1059.43
2023-02-17,Z03,68051,16920,24.8,66.27,0.0,Friday,0,0,2,Winter,1053.14
2023-02-18,Z03,68353,16906,22.86,69.9,0.0,Saturday,1,0,2,Winter,1084.26
2023-02-19,Z03,68350,16872,24.42,57.58,0.0,Sunday,1,0,2,Winter,1180.45
2023-02-20,Z03,67678,16927,26.43,68.89,1.59,Monday,0,0,2,Winter,1052.31
2023-02-21,Z03,68128,16903,27.39,69.78,0.0,Tuesday,0,0,2,Winter,1142.34
2023-02-22,Z03,68032,16910,25.23,64.55,5.15,Wednesday,0,0,2,Winter,1070.27
2023-02-23,Z03,68625,16905,23.36,65.32,9.43,Thursday,0,0,2,Winter,1039.36
2023-02-24,Z03,68341,16922,24.2,66.46,0.0,Friday,0,0,2,Winter,1052.06
2023-02-25,Z03,67910,16953,23.34,66.92,0.0,Saturday,1,0,2,Winter,1170.2
2023-02-26,Z03,68189,16889,24.86,67.62,0.0,Sunday,1,0,2,Winter,1137.02
2023-02-27,Z03,68287,16921,27.9,66.82,0.0,Monday,0,0,2,Winter,1136.1
2023-02-28,Z03,68098,16913,20.3,60.28,0.0,Tuesday,0,0,2,Winter,1039.21
2023-03-01,Z03,67691,16886,26.0,66.94,0.0,Wednesday,0,0,3,Summer,1109.79
2023-03-02,Z03,67923,16881,27.56,74.59,0.0,Thursday,0,0,3,Summer,1077.06
2023-03-03,Z03,68180,16917,,67.26,47.32,Friday,0,0,3,Summer,1036.27
2023-03-04,Z03,68222,16857,25.04,65.31,0.0,Saturday,1,0,3,Summer,1098.22
2023-03-05,Z03,68344,16965,24.33,62.9,0.0,Sunday,1,0,3,Summer,1213.38
2023-03-06,Z03,68212,16916,24.21,71.55,0.0,Monday,0,0,3,Summer,1115.99
2023-03-07,Z03,68188,16945,23.62,63.95,0.0,Tuesday,0,0,3,Summer,1097.69
2023-03-08,Z03,68163,16957,27.82,73.69,0.0,Wednesday,0,0,3,Summer,1081.27
2023-03-09,Z03,68124,16918,24.46,66.62,0.0,Thursday,0,0,3,Summer,1050.9
2023-03-10,Z03,68111,16963,24.52,70.99,0.0,Friday,0,0,3,Summer,1138.74
2023-03-11,Z03,68495,16874,27.7,67.28,0.0,Saturday,1,0,3,Summer,1239.32
2023-03-12,Z03,67590,16933,27.33,69.06,0.0,Sunday,1,0,3,Summer,1214.73
2023-03-13,Z03,68680,16960,25.34,64.99,0.0,Monday,0,0,3,Summer,1079.98
2023-03-14,Z03,68052,16940,25.77,60.97,0.0,Tuesday,0,0,3,Summer,1096.65
2023-03-15,Z03,68189,16973,27.54,73.33,0.0,Wednesday,0,0,3,Summer,1135.55
2023-03-16,Z03,68736,16919,27.99,66.53,0.0,Thursday,0,0,3,Summer,1127.37
2023-03-17,Z03,68066,16964,24.99,72.51,0.0,Friday,0,0,3,Summer,1101.3
2023-03-18,Z03,68288,16944,28.67,67.26,0.0,Saturday,1,0,3,Summer,1156.02
2023-03-19,Z03,68284,16961,28.64,68.71,0.0,Sunday,1,0,3,Summer,1107.81
2023-03-20,Z03,67767,16918,30.11,71.07,0.0,Monday,0,0,3,Summer,1132.45
2023-03-21,Z03,68169,16969,27.82,58.7,0.0,Tuesday,0,0,3,Summer,1052.4
2023-03-22,Z03,67951,16888,,69.01,0.0,Wednesday,0,0,3,Summer,1215.32
2023-03-23,Z03,67965,16949,26.67,73.48,0.0,Thursday,0,0,3,Summer,1133.83
2023-03-24,Z03,68143,16930,25.31,66.65,0.0,Friday,0,0,3,Summer,1108.48
2023-03-25,Z03,68061,16916,27.87,67.04,0.0,Saturday,1,0,3,Summer,1145.69
2023-03-26,Z03,68371,16942,30.45,71.11,0.0,Sunday,1,0,3,Summer,1240.31
2023-03-27,Z03,67844,16955,30.16,72.57,16.91,Monday,0,0,3,Summer,1165.0
2023-03-28,Z03,67941,16870,28.13,77.81,0.0,Tuesday,0,0,3,Summer,1127.34
2023-03-29,Z03,68106,16946,28.74,61.99,17.93,Wednesday,0,0,3,Summer,1130.96
2023-03-30,Z03,68226,16960,26.89,63.87,0.0,Thursday,0,0,3,Summer,1071.11
2023-03-31,Z03,68400,16909,29.07,62.92,0.0,Friday,0,0,3,Summer,1213.69
2023-04-01,Z03,67820,16942,28.85,69.5,0.0,Saturday,1,0,4,Summer,1145.95
2023-04-02,Z03,68543,,30.03,62.68,0.0,Sunday,1,0,4,Summer,1221.35
2023-04-03,Z03,67997,16939,31.85,59.35,0.0,Monday,0,0,4,Summer,1132.5
2023-04-04,Z03,68140,16969,29.59,66.14,16.52,Tuesday,0,0,4,Summer,1138.81
2023-04-05,Z03,68035,16948,28.64,68.7,0.0,Wednesday,0,0,4,Summer,1125.58
2023-04-06,Z03,68325,16947,30.29,61.99,3.53,Thursday,0,0,4,Summer,1126.52
2023-04-07,Z03,68035,16910,31.39,59.0,0.0,Friday,0,0,4,Summer,1179.09
2023-04-08,Z03,68284,16932,26.93,61.58,0.0,Saturday,1,0,4,Summer,1188.59
2023-04-09,Z03,68054,16931,28.6,57.55,0.0,Sunday,1,0,4,Summer,1196.94
2023-04-10,Z03,68596,16903,28.04,67.2,0.0,Monday,0,0,4,Summer,1054.9
2023-04-11,Z03,68217,16864,29.24,61.95,2.59,Tuesday,0,0,4,Summer,1197.72
2023-04-12,Z03,67617,16949,29.2,60.51,19.68,Wednesday,0,0,4,Summer,1022.37
2023-04-13,Z03,67992,16934,28.67,62.83,0.0,Thursday,0,0,4,Summer,1154.75
2023-04-14,Z03,68364,16917,27.62,64.11,0.0,Friday,0,0,4,Summer,1047.22
2023-04-15,Z03,68438,16968,30.97,65.87,0.0,Saturday,1,0,4,Summer,1150.11
2023-04-16,Z03,68444,16941,28.69,69.0,0.0,Sunday,1,0,4,Summer,1142.28
2023-04-17,Z03,68245,16948,33.17,62.77,0.0,Monday,0,0,4,Summer,1226.18
2023-04-18,Z03,68202,16887,28.62,61.0,0.0,Tuesday,0,0,4,Summer,1112.71
2023-04-19,Z03,67775,16901,30.84,67.88,0.0,Wednesday,0,0,4,Summer,1078.84
2023-04-20,Z03,68508,17008,29.63,64.97,0.0,Thursday,0,0,4,Summer,1173.19
2023-04-21,Z03,68485,16941,28.88,66.19,0.0,Friday,0,0,4,Summer,1122.33
2023-04-22,Z03,68082,16933,27.02,68.15,0.0,Saturday,1,0,4,Summer,1240.5
2023-04-23,Z03,68357,16977,31.8,59.8,0.0,Sunday,1,0,4,Summer,1204.91
2023-04-24,Z03,68036,16989,30.06,56.15,0.0,Monday,0,0,4,Summer,1168.7
2023-04-25,Z03,68261,16996,28.73,64.1,0.0,Tuesday,0,0,4,Summer,1062.43
2023-04-26,Z03,68486,16987,32.38,68.0,0.0,Wednesday,0,0,4,Summer,1220.76
2023-04-27,Z03,67895,16958,30.17,66.6,0.0,Thursday,0,0,4,Summer,1219.51
2023-04-28,Z03,68311,16960,30.02,69.02,0.0,Friday,0,0,4,Summer,1329.72
2023-04-29,Z03,67738,16867,28.35,75.12,0.0,Saturday,1,0,4,Summer,1199.24
2023-04-30,Z03,68125,16944,34.73,66.44,25.65,Sunday,1,0,4,Summer,1183.26
2023-05-01,Z03,68409,16941,30.66,61.0,0.0,Monday,0,0,5,Summer,1108.18
2023-05-02,Z03,68131,16962,32.6,59.18,0.0,Tuesday,0,0,5,Summer,1149.98
2023-05-03,Z03,67969,17006,28.65,76.37,0.0,Wednesday,0,0,5,Summer,1163.78
2023-05-04,Z03,68408,16969,35.13,57.93,0.0,Thursday,0,0,5,Summer,1141.44
2023-05-05,Z03,68027,17013,31.55,74.87,0.0,Friday,0,0,5,Summer,1276.88
2023-05-06,Z03,68784,16960,32.44,66.03,0.0,Saturday,1,0,5,Summer,1204.79
2023-05-07,Z03,68079,16900,32.79,60.93,0.0,Sunday,1,0,5,Summer,1190.78
2023-05-08,Z03,68475,16943,34.47,64.67,0.0,Monday,0,0,5,Summer,1176.84
2023-05-09,Z03,68283,16979,34.21,57.0,6.36,Tuesday,0,0,5,Summer,1161.42
2023-05-10,Z03,67837,16926,30.8,69.97,3.69,Wednesday,0,0,5,Summer,1160.11
2023-05-11,Z03,68181,16962,32.71,55.88,0.0,Thursday,0,0,5,Summer,1185.81
2023-05-12,Z03,68036,16931,32.04,66.19,0.0,Friday,0,0,5,Summer,1177.84
2023-05-13,Z03,68304,16925,32.25,73.18,0.0,Saturday,1,0,5,Summer,1183.09
2023-05-14,Z03,68245,16988,32.95,63.74,13.33,Sunday,1,0,5,Summer,1193.05
2023-05-15,Z03,68189,16914,31.02,72.56,0.0,Monday,0,0,5,Summer,1221.35
2023-05-16,Z03,67939,16979,32.06,66.26,0.0,Tuesday,0,0,5,Summer,1151.05
2023-05-17,Z03,68256,16975,36.04,61.92,0.0,Wednesday,0,0,5,Summer,1161.42
2023-05-18,Z03,68385,16886,29.0,61.95,0.0,Thursday,0,0,5,Summer,1128.88
2023-05-19,Z03,68170,17002,34.49,64.02,0.0,Friday,0,0,5,Summer,1106.8
2023-05-20,Z03,68250,16975,29.58,64.54,0.0,Saturday,1,0,5,Summer,1199.6
2023-05-21,Z03,68408,16952,34.42,62.65,18.59,Sunday,1,0,5,Summer,1169.96
2023-05-22,Z03,68397,16998,37.79,65.66,15.25,Monday,0,0,5,Summer,1175.36
2023-05-23,Z03,67799,17008,36.89,65.39,0.0,Tuesday,0,0,5,Summer,1180.89
2023-05-24,Z03,68396,16977,34.68,66.68,0.0,Wednesday,0,0,5,Summer,1206.49
2023-05-25,Z03,68432,17021,33.24,71.69,0.0,Thursday,0,0,5,Summer,1166.32
2023-05-26,Z03,68570,17013,33.15,70.09,0.0,Friday,0,0,5,Summer,1165.07
2023-05-27,Z03,68410,16927,33.62,74.74,0.0,Saturday,1,0,5,Summer,1240.3
2023-05-28,Z03,68187,16964,36.95,65.29,0.0,Sunday,1,0,5,Summer,1298.86
2023-05-29,Z03,67968,17019,33.76,68.42,13.93,Monday,0,0,5,Summer,1132.66
2023-05-30,Z03,68012,16947,28.95,60.32,13.51,Tuesday,0,0,5,Summer,1116.66
2023-05-31,Z03,68413,16954,32.93,63.88,0.0,Wednesday,0,0,5,Summer,1130.03
2023-06-01,Z03,68430,16925,30.43,62.45,0.0,Thursday,0,0,6,Monsoon,1114.57
2023-06-02,Z03,68464,16930,33.48,,0.0,Friday,0,0,6,Monsoon,1157.68
2023-06-03,Z03,67951,16952,31.13,63.91,7.78,Saturday,1,0,6,Monsoon,1124.02
2023-06-04,Z03,67915,16983,30.83,66.84,0.0,Sunday,1,0,6,Monsoon,1152.49
2023-06-05,Z03,68006,16989,32.36,62.66,17.29,Monday,0,0,6,Monsoon,995.07
2023-06-06,Z03,67806,16948,33.57,62.28,0.0,Tuesday,0,0,6,Monsoon,1179.27
2023-06-07,Z03,68041,16959,30.73,62.94,2.06,Wednesday,0,0,6,Monsoon,1103.18
2023-06-08,Z03,68111,16944,31.78,64.89,4.44,Thursday,0,0,6,Monsoon,1136.3
2023-06-09,Z03,68165,16970,33.44,71.39,10.34,Friday,0,0,6,Monsoon,1100.89
2023-06-10,Z03,68453,16938,34.14,64.71,0.0,Saturday,1,0,6,Monsoon,1122.35
2023-06-11,Z03,67908,16963,32.11,62.22,7.21,Sunday,1,0,6,Monsoon,1191.11
2023-06-12,Z03,68289,16952,29.85,63.43,0.0,Monday,0,0,6,Monsoon,1135.86
2023-06-13,Z03,68334,17007,32.81,61.34,11.74,Tuesday,0,0,6,Monsoon,1187.6
2023-06-14,Z03,68207,16939,36.61,63.71,0.0,Wednesday,0,0,6,Monsoon,1197.3
2023-06-15,Z03,68394,16995,34.87,66.23,0.0,Thursday,0,0,6,Monsoon,1235.62
2023-06-16,Z03,68335,16917,33.78,61.09,0.0,Friday,0,0,6,Monsoon,1163.32
2023-06-17,Z03,68252,17013,31.36,60.77,10.94,Saturday,1,0,6,Monsoon,1188.84
2023-06-18,Z03,68131,16942,33.3,70.86,3.11,Sunday,1,0,6,Monsoon,1236.88
2023-06-19,Z03,68181,16909,33.47,68.42,9.38,Monday,0,0,6,Monsoon,1107.2
2023-06-20,Z03,68016,16989,35.77,60.41,9.36,Tuesday,0,0,6,Monsoon,1221.32
2023-06-21,Z03,68458,17012,32.06,61.85,9.18,Wednesday,0,0,6,Monsoon,1110.57
2023-06-22,Z03,67793,16932,35.34,66.01,15.78,Thursday,0,0,6,Monsoon,1113.06
2023-06-23,Z03,68487,17027,32.22,64.85,0.0,Friday,0,0,6,Monsoon,1151.34
2023-06-24,Z03,68381,16933,31.44,56.36,4.69,Saturday,1,0,6,Monsoon,1184.77
2023-06-25,Z03,68346,16981,34.25,59.94,0.0,Sunday,1,0,6,Monsoon,1193.07
2023-06-26,Z03,68381,17006,34.65,59.5,0.0,Monday,0,0,6,Monsoon,1130.1
2023-06-27,Z03,68092,16977,34.12,73.09,0.0,Tuesday,0,0,6,Monsoon,1233.07
2023-06-28,Z03,68548,16956,31.79,62.6,0.0,Wednesday,0,0,6,Monsoon,1114.07
2023-06-29,Z03,68382,16934,30.85,59.65,0.0,Thursday,0,0,6,Monsoon,1092.24
2023-06-30,Z03,68430,16990,32.58,57.97,16.89,Friday,0,0,6,Monsoon,1111.72
2023-07-01,Z03,68713,16953,36.86,61.26,0.0,Saturday,1,0,7,Monsoon,1221.88
2023-07-02,Z03,68041,16927,30.29,69.91,0.0,Sunday,1,0,7,Monsoon,1136.43
2023-07-03,Z03,68655,16978,33.78,62.72,0.0,Monday,0,0,7,Monsoon,1168.55
2023-07-04,Z03,68393,16969,30.62,69.86,16.46,Tuesday,0,0,7,Monsoon,1024.44
2023-07-05,Z03,68818,16969,31.34,69.05,0.0,Wednesday,0,0,7,Monsoon,1042.31
2023-07-06,Z03,68060,16983,32.12,68.23,0.0,Thursday,0,0,7,Monsoon,1021.63
2023-07-07,Z03,68218,17022,34.5,67.4,0.0,Friday,0,0,7,Monsoon,1109.87
2023-07-08,Z03,68202,17019,33.37,58.01,20.81,Saturday,1,0,7,Monsoon,1103.97
2023-07-09,Z03,68065,16895,31.94,65.99,1.91,Sunday,1,0,7,Monsoon,1156.55
2023-07-10,Z03,68400,16928,34.21,68.29,17.68,Monday,0,0,7,Monsoon,1017.29
2023-07-11,Z03,68057,17019,35.82,58.28,0.0,Tuesday,0,0,7,Monsoon,1159.76
2023-07-12,Z03,67879,16897,33.59,51.38,16.15,Wednesday,0,0,7,Monsoon,1058.13
2023-07-13,Z03,68463,16933,35.3,64.63,0.0,Thursday,0,0,7,Monsoon,1146.31
2023-07-14,Z03,68496,16962,33.88,60.8,11.79,Friday,0,0,7,Monsoon,1130.84
2023-07-15,Z03,68111,16983,31.84,56.8,0.0,Saturday,1,0,7,Monsoon,1158.8
2023-07-16,Z03,68342,17007,31.37,63.15,1.06,Sunday,1,0,7,Monsoon,1112.94
2023-07-17,Z03,68197,16997,33.79,57.42,10.27,Monday,0,0,7,Monsoon,1200.19
2023-07-18,Z03,68054,16973,33.58,61.44,6.73,Tuesday,0,0,7,Monsoon,1170.27
2023-07-19,Z03,68377,17005,33.51,56.0,0.0,Wednesday,0,0,7,Monsoon,1125.44
2023-07-20,Z03,68233,16964,30.73,66.15,0.0,Thursday,0,0,7,Monsoon,1139.3
2023-07-21,Z03,68718,16970,31.44,57.65,,Friday,0,0,7,Monsoon,1144.1
2023-07-22,Z03,68737,17025,30.28,61.76,3.6,Saturday,1,0,7,Monsoon,1171.42
2023-07-23,Z03,68388,17019,33.72,63.6,0.0,Sunday,1,0,7,Monsoon,1210.17
2023-07-24,Z03,68377,16980,35.11,60.44,2.93,Monday,0,0,7,Monsoon,1117.33
2023-07-25,Z03,68127,16998,30.58,60.32,8.92,Tuesday,0,0,7,Monsoon,1297.45
2023-07-26,Z03,68667,17025,35.03,60.24,18.16,Wednesday,0,0,7,Monsoon,1137.56
2023-07-27,Z03,68503,17006,32.95,65.28,4.93,Thursday,0,0,7,Monsoon,1088.98
2023-07-28,Z03,68359,16979,34.1,70.11,27.6,Friday,0,0,7,Monsoon,1004.59
2023-07-29,Z03,68670,17035,33.48,54.1,15.73,Saturday,1,0,7,Monsoon,1185.69
2023-07-30,Z03,68179,16945,33.5,60.11,1.54,Sunday,1,0,7,Monsoon,1177.89
2023-07-31,Z03,68096,16909,31.29,62.5,4.96,Monday,0,0,7,Monsoon,1049.69
2023-08-01,Z03,67770,17055,31.99,50.78,4.49,Tuesday,0,0,8,Monsoon,1081.24
2023-08-02,Z03,68127,16942,33.84,69.93,10.12,Wednesday,0,0,8,Monsoon,1086.54
2023-08-03,Z03,68277,16996,32.73,59.15,0.0,Thursday,0,0,8,Monsoon,1100.47
2023-08-04,Z03,68439,17052,34.38,64.81,0.0,Friday,0,0,8,Monsoon,1095.11
2023-08-05,Z03,68371,16963,33.61,64.22,0.0,Saturday,1,0,8,Monsoon,1111.55
2023-08-06,Z03,68462,17026,33.82,63.51,0.0,Sunday,1,0,8,Monsoon,1228.61
2023-08-07,Z03,68526,16971,28.05,60.39,17.43,Monday,0,0,8,Monsoon,1071.52
2023-08-08,Z03,68146,17005,32.02,61.86,0.0,Tuesday,0,0,8,Monsoon,1107.68
2023-08-09,Z03,68297,17034,34.36,64.63,0.0,Wednesday,0,0,8,Monsoon,1065.11
2023-08-10,Z03,68602,17012,26.95,67.23,0.0,Thursday,0,0,8,Monsoon,1098.4
2023-08-11,Z03,68287,17007,29.86,62.84,26.31,Friday,0,0,8,Monsoon,1057.61
2023-08-12,Z03,68720,,35.36,74.0,19.06,Saturday,1,0,8,Monsoon,1096.37
2023-08-13,Z03,68336,17006,32.06,74.66,0.0,Sunday,1,0,8,Monsoon,1083.96
2023-08-14,Z03,68044,16967,31.67,66.99,0.0,Monday,0,0,8,Monsoon,1071.14
2023-08-15,Z03,68506,17029,28.58,71.27,5.63,Tuesday,0,1,8,Monsoon,1075.16
2023-08-16,Z03,68738,16983,28.91,66.88,0.0,Wednesday,0,0,8,Monsoon,1102.94
2023-08-17,Z03,68146,17001,34.33,74.69,0.0,Thursday,0,0,8,Monsoon,1095.61
2023-08-18,Z03,68648,16913,30.9,62.81,0.0,Friday,0,0,8,Monsoon,1040.4
2023-08-19,Z03,68372,17024,31.33,69.79,5.38,Saturday,1,0,8,Monsoon,1152.02
2023-08-20,Z03,68322,16957,31.19,67.5,5.52,Sunday,1,0,8,Monsoon,1148.48
2023-08-21,Z03,68248,17033,27.67,76.98,19.51,Monday,0,0,8,Monsoon,1035.86
2023-08-22,Z03,68576,16978,29.16,75.09,0.0,Tuesday,0,0,8,Monsoon,1059.0
2023-08-23,Z03,68830,16971,34.33,65.7,11.77,Wednesday,0,0,8,Monsoon,1000.93
2023-08-24,Z03,68299,16983,30.39,64.14,10.07,Thursday,0,0,8,Monsoon,1079.53
2023-08-25,Z03,68231,17056,32.66,68.67,10.52,Friday,0,0,8,Monsoon,1142.24
2023-08-26,Z03,68225,16990,31.02,69.38,6.17,Saturday,1,0,8,Monsoon,1076.18
2023-08-27,Z03,68038,16959,32.26,71.04,15.08,Sunday,1,0,8,Monsoon,1052.84
2023-08-28,Z03,68715,17005,27.94,65.45,0.0,Monday,0,0,8,Monsoon,1082.3
2023-08-29,Z03,68287,16942,33.81,65.12,7.09,Tuesday,0,0,8,Monsoon,1088.9
2023-08-30,Z03,68552,17025,30.96,70.16,13.94,Wednesday,0,0,8,Monsoon,1079.14
2023-08-31,Z03,68337,16963,29.78,61.79,21.03,Thursday,0,0,8,Monsoon,1088.85
2023-09-01,Z03,68078,17096,31.22,66.22,0.0,Friday,0,0,9,Monsoon,1088.81
2023-09-02,Z03,68186,16990,27.66,63.78,8.28,Saturday,1,0,9,Monsoon,1085.42
2023-09-03,Z03,68261,17038,29.86,59.28,8.88,Sunday,1,0,9,Monsoon,1111.16
2023-09-04,Z03,68511,17007,29.03,55.33,14.99,Monday,0,0,9,Monsoon,1041.48
2023-09-05,Z03,68676,17013,29.39,70.66,0.0,Tuesday,0,0,9,Monsoon,1089.63
2023-09-06,Z03,68663,16939,30.26,65.62,0.0,Wednesday,0,0,9,Monsoon,1045.58
2023-09-07,Z03,68722,16999,28.63,68.44,16.66,Thursday,0,0,9,Monsoon,1000.08
2023-09-08,Z03,68595,17010,29.3,73.33,16.35,Friday,0,0,9,Monsoon,1026.46
2023-09-09,Z03,68910,16982,29.94,67.27,0.0,Saturday,1,0,9,Monsoon,1122.91
2023-09-10,Z03,67495,17051,26.76,65.9,4.95,Sunday,1,0,9,Monsoon,1081.86
2023-09-11,Z03,68430,16996,29.89,59.0,0.0,Monday,0,0,9,Monsoon,1103.57
2023-09-12,Z03,68168,16977,27.71,66.19,0.0,Tuesday,0,0,9,Monsoon,1023.19
2023-09-13,Z03,68727,16932,24.69,73.05,0.73,Wednesday,0,0,9,Monsoon,1097.23
2023-09-14,Z03,68792,16993,28.31,62.82,19.09,Thursday,0,0,9,Monsoon,1066.37
2023-09-15,Z03,69176,17046,28.64,61.28,0.0,Friday,0,0,9,Monsoon,1017.34
2023-09-16,Z03,68745,17017,26.21,66.68,0.0,Saturday,1,0,9,Monsoon,1121.87
2023-09-17,Z03,68490,17010,,75.56,3.94,Sunday,1,0,9,Monsoon,1078.42
2023-09-18,Z03,68107,17029,31.54,58.64,4.94,Monday,0,0,9,Monsoon,1121.86
2023-09-19,Z03,68098,16966,28.57,59.48,10.34,Tuesday,0,0,9,Monsoon,1052.3
2023-09-20,Z03,68637,16971,28.21,67.53,23.9,Wednesday,0,0,9,Monsoon,977.37
2023-09-21,Z03,67904,16995,26.62,61.74,29.35,Thursday,0,0,9,Monsoon,935.0
2023-09-22,Z03,68511,16980,25.1,66.17,0.0,Friday,0,0,9,Monsoon,1088.38
2023-09-23,Z03,68527,17002,24.58,66.6,23.62,Saturday,1,0,9,Monsoon,1001.42
2023-09-24,Z03,68677,17045,24.24,67.5,0.0,Sunday,1,0,9,Monsoon,1051.21
2023-09-25,Z03,68240,16984,26.15,59.94,13.05,Monday,0,0,9,Monsoon,1093.75
2023-09-26,Z03,68289,17085,28.11,63.27,17.28,Tuesday,0,0,9,Monsoon,1039.87
2023-09-27,Z03,68132,16989,27.53,64.99,2.02,Wednesday,0,0,9,Monsoon,1014.51
2023-09-28,Z03,68236,16994,30.32,63.97,16.07,Thursday,0,0,9,Monsoon,1080.78
2023-09-29,Z03,68552,16886,25.36,61.37,0.0,Friday,0,0,9,Monsoon,1079.38
2023-09-30,Z03,68122,17057,25.23,76.82,15.19,Saturday,1,0,9,Monsoon,1097.78
2023-10-01,Z03,68785,17012,25.54,70.63,21.52,Sunday,1,0,10,Post-Monsoon,956.71
2023-10-02,Z03,68066,17007,25.29,60.68,0.0,Monday,0,1,10,Post-Monsoon,1172.08
2023-10-03,Z03,68618,17089,27.13,7.23,0.0,Tuesday,0,0,10,Post-Monsoon,1077.35
2023-10-04,Z03,68732,16910,23.57,68.19,5.26,Wednesday,0,0,10,Post-Monsoon,994.22
2023-10-05,Z03,68440,17019,24.23,75.1,0.0,Thursday,0,0,10,Post-Monsoon,1035.01
2023-10-06,Z03,68150,17000,27.28,62.76,11.09,Friday,0,0,10,Post-Monsoon,1039.73
2023-10-07,Z03,68617,17035,24.14,62.46,10.81,Saturday,1,0,10,Post-Monsoon,1054.09
2023-10-08,Z03,68056,16996,27.39,72.86,12.72,Sunday,1,0,10,Post-Monsoon,1061.24
2023-10-09,Z03,68210,16987,27.51,72.15,,Monday,0,0,10,Post-Monsoon,1021.74
2023-10-10,Z03,68789,17008,25.03,69.01,0.0,Tuesday,0,0,10,Post-Monsoon,1045.37
2023-10-11,Z03,68808,16969,21.45,69.81,13.63,Wednesday,0,0,10,Post-Monsoon,1009.97
2023-10-12,Z03,68101,16990,19.98,69.45,26.21,Thursday,0,0,10,Post-Monsoon,947.41
2023-10-13,Z03,68536,17075,25.21,73.73,0.0,Friday,0,0,10,Post-Monsoon,1014.74
2023-10-14,Z03,67962,17090,24.43,72.49,1.95,Saturday,1,0,10,Post-Monsoon,1031.61
2023-10-15,Z03,68556,17013,22.47,68.29,0.0,Sunday,1,0,10,Post-Monsoon,1091.72
2023-10-16,Z03,68442,,28.15,59.97,9.59,Monday,0,0,10,Post-Monsoon,1074.17
2023-10-17,Z03,68456,17029,24.79,78.51,0.0,Tuesday,0,0,10,Post-Monsoon,1016.37
2023-10-18,Z03,67796,17011,25.9,70.5,0.0,Wednesday,0,0,10,Post-Monsoon,1070.83
2023-10-19,Z03,68808,17028,22.98,57.24,15.28,Thursday,0,0,10,Post-Monsoon,966.61
2023-10-20,Z03,68389,17011,23.39,70.87,15.81,Friday,0,0,10,Post-Monsoon,966.85
2023-10-21,Z03,68206,17044,23.61,60.29,13.13,Saturday,1,0,10,Post-Monsoon,1072.28
2023-10-22,Z03,68507,17035,24.04,,0.0,Sunday,1,0,10,Post-Monsoon,1081.25
2023-10-23,Z03,68604,16976,25.39,66.18,21.54,Monday,0,1,10,Post-Monsoon,1094.2
2023-10-24,Z03,68403,17030,27.95,71.57,59.4,Tuesday,0,0,10,Post-Monsoon,921.85
2023-10-25,Z03,68042,17005,23.08,70.41,0.0,Wednesday,0,0,10,Post-Monsoon,1052.78
2023-10-26,Z03,68615,17048,22.11,64.38,0.0,Thursday,0,0,10,Post-Monsoon,1056.88
2023-10-27,Z03,68979,17021,25.74,67.98,3.9,Friday,0,0,10,Post-Monsoon,1064.41
2023-10-28,Z03,68472,17058,22.28,65.22,0.0,Saturday,1,0,10,Post-Monsoon,1044.36
2023-10-29,Z03,68970,17032,22.42,77.67,0.0,Sunday,1,0,10,Post-Monsoon,1057.36
2023-10-30,Z03,68433,17102,24.09,74.84,0.0,Monday,0,0,10,Post-Monsoon,1041.34
2023-10-31,Z03,68442,16982,22.3,69.09,0.0,Tuesday,0,0,10,Post-Monsoon,1044.02
2023-11-01,Z03,67932,16975,21.63,76.88,2.17,Wednesday,0,0,11,Post-Monsoon,974.89
2023-11-02,Z03,68973,17005,22.59,68.52,0.0,Thursday,0,0,11,Post-Monsoon,1000.69
2023-11-03,Z03,68559,17068,24.06,62.23,14.85,Friday,0,0,11,Post-Monsoon,1011.66
2023-11-04,Z03,68488,17035,20.35,79.96,0.0,Saturday,1,0,11,Post-Monsoon,1075.69
2023-11-05,Z03,68639,16994,24.33,67.66,0.0,Sunday,1,0,11,Post-Monsoon,1036.36
2023-11-06,Z03,68081,17082,24.0,77.48,7.56,Monday,0,0,11,Post-Monsoon,928.77
2023-11-07,Z03,68923,16991,21.4,66.75,25.48,Tuesday,0,0,11,Post-Monsoon,912.34
2023-11-08,Z03,68666,17011,25.16,61.0,0.0,Wednesday,0,0,11,Post-Monsoon,1044.95
2023-11-09,Z03,67888,17011,23.14,68.42,0.0,Thursday,0,0,11,Post-Monsoon,1079.05
2023-11-10,Z03,68692,16986,21.7,72.67,0.0,Friday,0,0,11,Post-Monsoon,1052.43
2023-11-11,Z03,68342,17046,19.84,65.79,11.21,Saturday,1,0,11,Post-Monsoon,1053.88
2023-11-12,Z03,68138,16934,23.25,64.39,16.7,Sunday,1,0,11,Post-Monsoon,994.13
2023-11-13,Z03,69004,17069,23.75,70.03,0.0,Monday,0,0,11,Post-Monsoon,1040.11
2023-11-14,Z03,68178,16995,18.44,72.03,0.0,Tuesday,0,0,11,Post-Monsoon,990.97
2023-11-15,Z03,68233,16999,22.79,73.54,12.36,Wednesday,0,0,11,Post-Monsoon,993.03
2023-11-16,Z03,68635,17034,21.71,63.99,15.68,Thursday,0,0,11,Post-Monsoon,962.06
2023-11-17,Z03,68167,17008,20.54,63.59,0.0,Friday,0,0,11,Post-Monsoon,1026.22
2023-11-18,Z03,68400,16963,25.11,68.91,0.0,Saturday,1,0,11,Post-Monsoon,1089.53
2023-11-19,Z03,68744,16970,23.59,74.76,9.29,Sunday,1,0,11,Post-Monsoon,1000.85
2023-11-20,Z03,68802,17050,20.76,79.44,7.28,Monday,0,0,11,Post-Monsoon,965.07
2023-11-21,Z03,68398,16998,20.12,,0.0,Tuesday,0,0,11,Post-Monsoon,1014.78
2023-11-22,Z03,67926,16972,20.02,65.93,27.36,Wednesday,0,0,11,Post-Monsoon,899.95
2023-11-23,Z03,68934,17079,21.93,61.47,13.88,Thursday,0,0,11,Post-Monsoon,975.69
2023-11-24,Z03,68348,16986,23.42,73.02,0.0,Friday,0,0,11,Post-Monsoon,1047.77
2023-11-25,Z03,69095,17057,22.3,69.3,27.02,Saturday,1,0,11,Post-Monsoon,949.68
2023-11-26,Z03,68624,17056,16.39,67.16,1.07,Sunday,1,0,11,Post-Monsoon,1040.64
2023-11-27,Z03,68647,17083,20.7,67.97,7.34,Monday,0,0,11,Post-Monsoon,1031.47
2023-11-28,Z03,68651,17072,20.64,76.7,0.0,Tuesday,0,0,11,Post-Monsoon,1020.16
2023-11-29,Z03,68714,16993,19.81,60.94,24.88,Wednesday,0,0,11,Post-Monsoon,977.96
2023-11-30,Z03,68692,17050,21.77,66.08,0.0,Thursday,0,0,11,Post-Monsoon,1031.04
2023-12-01,Z03,68127,16986,20.83,74.31,56.07,Friday,0,0,12,Winter,901.35
2023-12-02,Z03,68787,17052,22.47,69.31,0.0,Saturday,1,0,12,Winter,1132.02
2023-12-03,Z03,68602,16975,23.34,69.77,0.0,Sunday,1,0,12,Winter,1080.05
2023-12-04,Z03,69183,17035,18.26,76.66,0.0,Monday,0,0,12,Winter,1022.61
2023-12-05,Z03,68584,16992,18.85,79.58,0.0,Tuesday,0,0,12,Winter,997.19
2023-12-06,Z03,68795,16962,20.71,82.14,0.0,Wednesday,0,0,12,Winter,1050.66
2023-12-07,Z03,68855,17027,22.02,78.18,15.97,Thursday,0,0,12,Winter,1004.31
2023-12-08,Z03,68587,17043,22.38,71.46,4.67,Friday,0,0,12,Winter,1042.84
2023-12-09,Z03,68767,17047,22.41,65.87,23.22,Saturday,1,0,12,Winter,1012.56
2023-12-10,Z03,68698,16988,,66.81,0.0,Sunday,1,0,12,Winter,1031.45
2023-12-11,Z03,68488,16964,21.4,59.9,22.76,Monday,0,0,12,Winter,944.77
2023-12-12,Z03,68473,17019,22.62,63.14,0.0,Tuesday,0,0,12,Winter,1077.32
2023-12-13,Z03,68981,17026,21.8,73.7,6.72,Wednesday,0,0,12,Winter,1048.89
2023-12-14,Z03,68238,17086,18.57,72.57,0.0,Thursday,0,0,12,Winter,1027.3
2023-12-15,Z03,68519,17022,19.49,67.86,6.59,Friday,0,0,12,Winter,1037.39
2023-12-16,Z03,68787,16979,22.77,75.38,0.0,Saturday,1,0,12,Winter,1118.93
2023-12-17,Z03,68866,17013,19.22,70.18,0.0,Sunday,1,0,12,Winter,1032.72
2023-12-18,Z03,68604,17061,18.6,74.13,0.0,Monday,0,0,12,Winter,1074.82
2023-12-19,Z03,68524,17097,20.03,74.84,19.1,Tuesday,0,0,12,Winter,941.8
2023-12-20,Z03,68725,17052,24.41,70.34,0.0,Wednesday,0,0,12,Winter,1017.09
2023-12-21,Z03,68548,16984,20.05,65.15,0.0,Thursday,0,0,12,Winter,1027.36
2023-12-22,Z03,68429,17011,,65.75,0.0,Friday,0,0,12,Winter,996.27
2023-12-23,Z03,68603,17079,23.78,71.83,0.0,Saturday,1,0,12,Winter,1122.1
2023-12-24,Z03,68567,17037,17.97,75.26,28.11,Sunday,1,0,12,Winter,969.46
2023-12-25,Z03,67916,17106,17.35,73.82,23.04,Monday,0,1,12,Winter,942.01
2023-12-26,Z03,68503,16967,20.13,64.71,0.0,Tuesday,0,0,12,Winter,1017.79
2023-12-27,Z03,68495,17054,19.63,62.2,0.0,Wednesday,0,0,12,Winter,1058.27
2023-12-28,Z03,68487,16988,21.36,71.64,0.0,Thursday,0,0,12,Winter,1025.79
2023-12-29,Z03,68695,17039,22.87,69.0,0.0,Friday,0,0,12,Winter,1063.79
2023-12-30,Z03,68402,17037,18.26,69.79,21.88,Saturday,1,0,12,Winter,1062.49
2023-12-31,Z03,69188,17024,24.13,78.29,0.0,Sunday,1,0,12,Winter,1148.66
2024-01-01,Z03,68425,17059,18.14,73.5,0.0,Monday,0,1,1,Winter,1103.81
2024-01-02,Z03,68665,17029,21.27,62.55,7.03,Tuesday,0,0,1,Winter,1052.25
2024-01-03,Z03,68563,17014,23.19,65.23,0.0,Wednesday,0,0,1,Winter,1063.44
2024-01-04,Z03,68420,17079,23.0,73.76,7.0,Thursday,0,0,1,Winter,1015.23
2024-01-05,Z03,68656,17040,20.64,67.31,0.0,Friday,0,0,1,Winter,1064.45
2024-01-06,Z03,68842,17061,21.46,78.69,0.0,Saturday,1,0,1,Winter,1089.41
2024-01-07,Z03,68716,17073,18.35,78.07,0.0,Sunday,1,0,1,Winter,1074.35
2024-01-08,Z03,68976,17013,20.97,73.59,0.0,Monday,0,0,1,Winter,1075.52
2024-01-09,Z03,68440,17103,20.2,68.84,5.8,Tuesday,0,0,1,Winter,1012.23
2024-01-10,Z03,69158,17040,21.5,69.5,0.0,Wednesday,0,0,1,Winter,1062.81
2024-01-11,Z03,68202,17054,20.42,71.52,0.0,Thursday,0,0,1,Winter,1038.93
2024-01-12,Z03,68717,17094,21.54,68.47,0.97,Friday,0,0,1,Winter,1069.57
2024-01-13,Z03,68368,17006,21.34,71.36,0.0,Saturday,1,0,1,Winter,1099.19
2024-01-14,Z03,68216,17056,18.09,64.13,0.0,Sunday,1,1,1,Winter,1152.29
2024-01-15,Z03,68833,17096,22.01,71.08,0.0,Monday,0,0,1,Winter,1015.84
2024-01-16,Z03,68506,17078,18.8,74.51,0.0,Tuesday,0,0,1,Winter,1080.84
2024-01-17,Z03,68976,17045,21.87,65.62,0.0,Wednesday,0,0,1,Winter,1126.61
2024-01-18,Z03,68753,17066,23.22,60.41,0.0,Thursday,0,0,1,Winter,1068.94
2024-01-19,Z03,68532,17084,22.39,68.43,0.0,Friday,0,0,1,Winter,1026.96
2024-01-20,Z03,68277,17044,26.35,69.59,0.0,Saturday,1,0,1,Winter,1086.31
2024-01-21,Z03,68797,17039,23.4,69.34,0.0,Sunday,1,0,1,Winter,1089.72
2024-01-22,Z03,68401,17089,22.2,64.85,28.48,Monday,0,0,1,Winter,944.44
2024-01-23,Z03,69081,17047,21.75,75.0,0.0,Tuesday,0,0,1,Winter,1029.22
2024-01-24,Z03,68929,17089,22.89,68.65,0.0,Wednesday,0,0,1,Winter,1068.43
2024-01-25,Z03,68857,17113,21.41,68.2,28.48,Thursday,0,0,1,Winter,951.92
2024-01-26,Z03,68220,16995,,70.19,0.0,Friday,0,1,1,Winter,1108.55
2024-01-27,Z03,68487,,22.33,74.75,0.0,Saturday,1,0,1,Winter,1049.49
2024-01-28,Z03,69072,17016,21.83,63.15,0.0,Sunday,1,0,1,Winter,1103.41
2024-01-29,Z03,68284,17005,17.84,73.5,0.0,Monday,0,0,1,Winter,1068.15
2024-01-30,Z03,68863,17077,21.71,68.6,0.0,Tuesday,0,0,1,Winter,1069.1
2024-01-31,Z03,68898,17043,22.85,63.36,4.71,Wednesday,0,0,1,Winter,1164.33
2024-02-01,Z03,69345,17070,20.36,66.01,0.0,Thursday,0,0,2,Winter,1089.65
2024-02-02,Z03,68565,17068,21.92,71.02,0.0,Friday,0,0,2,Winter,1038.7
2024-02-03,Z03,68600,17036,24.17,60.97,0.0,Saturday,1,0,2,Winter,1141.37
2024-02-04,Z03,68281,16994,25.97,69.78,0.0,Sunday,1,0,2,Winter,1229.7
2024-02-05,Z03,69063,17013,19.76,73.34,24.92,Monday,0,0,2,Winter,1023.48
2024-02-06,Z03,68857,17040,23.32,64.78,0.0,Tuesday,0,0,2,Winter,1049.12
2024-02-07,Z03,68564,17038,20.85,63.27,0.0,Wednesday,0,0,2,Winter,1053.65
2024-02-08,Z03,68186,17103,22.8,66.67,19.54,Thursday,0,0,2,Winter,1006.29
2024-02-09,Z03,68595,17144,21.88,74.26,17.07,Friday,0,0,2,Winter,992.84
2024-02-10,Z03,69040,17075,25.12,80.81,0.0,Saturday,1,0,2,Winter,1097.61
2024-02-11,Z03,68973,17048,25.75,67.23,0.0,Sunday,1,0,2,Winter,1130.08
2024-02-12,Z03,68685,17001,21.96,63.1,0.0,Monday,0,0,2,Winter,1071.44
2024-02-13,Z03,68435,17093,24.98,70.71,0.0,Tuesday,0,0,2,Winter,1099.45
2024-02-14,Z03,68598,17080,25.02,70.26,0.0,Wednesday,0,0,2,Winter,1112.7
2024-02-15,Z03,68855,17090,22.09,71.11,0.0,Thursday,0,0,2,Winter,1007.68
2024-02-16,Z03,68314,17070,20.17,66.48,0.0,Friday,0,0,2,Winter,1114.92
2024-02-17,Z03,68371,17072,22.9,72.8,0.0,Saturday,1,0,2,Winter,1134.52
2024-02-18,Z03,68581,17066,20.12,65.83,7.72,Sunday,1,0,2,Winter,1101.57
2024-02-19,Z03,68897,17016,22.02,70.39,0.0,Monday,0,0,2,Winter,1040.83
2024-02-20,Z03,68683,17083,26.02,65.42,0.0,Tuesday,0,0,2,Winter,1161.12
2024-02-21,Z03,68771,17066,22.81,61.59,0.0,Wednesday,0,0,2,Winter,1091.4
2024-02-22,Z03,68797,17010,23.5,78.55,0.0,Thursday,0,0,2,Winter,1111.59
2024-02-23,Z03,68558,17000,24.89,55.71,0.0,Friday,0,0,2,Winter,1096.46
2024-02-24,Z03,69193,17126,26.15,62.76,16.46,Saturday,1,0,2,Winter,1105.88
2024-02-25,Z03,68502,17067,24.82,62.47,0.0,Sunday,1,0,2,Winter,1098.15
2024-02-26,Z03,68427,17073,21.52,63.8,0.0,Monday,0,0,2,Winter,1068.11
2024-02-27,Z03,68746,17001,24.08,64.56,0.0,Tuesday,0,0,2,Winter,1081.1
2024-02-28,Z03,68470,17124,21.96,67.27,0.0,Wednesday,0,0,2,Winter,1075.61
2024-02-29,Z03,68205,17039,22.72,77.32,0.0,Thursday,0,0,2,Winter,1082.92
2024-03-01,Z03,68844,17030,23.65,65.36,0.0,Friday,0,0,3,Summer,1090.41
2024-03-02,Z03,68486,17100,24.8,68.62,0.0,Saturday,1,0,3,Summer,1193.77
2024-03-03,Z03,68944,17070,23.86,60.03,0.0,Sunday,1,0,3,Summer,1179.14
2024-03-04,Z03,69119,17073,27.8,64.25,0.0,Monday,0,0,3,Summer,1109.68
2024-03-05,Z03,68690,17021,25.87,65.95,0.0,Tuesday,0,0,3,Summer,1100.46
2024-03-06,Z03,68881,17076,28.23,69.05,0.0,Wednesday,0,0,3,Summer,1135.41
2024-03-07,Z03,68791,17068,24.19,68.31,3.88,Thursday,0,0,3,Summer,1038.7
2024-03-08,Z03,68802,17124,23.33,74.32,0.0,Friday,0,0,3,Summer,1100.99
2024-03-09,Z03,68401,17020,24.18,61.99,0.0,Saturday,1,0,3,Summer,1085.52
2024-03-10,Z03,68783,17080,26.69,71.87,0.0,Sunday,1,0,3,Summer,1170.78
2024-03-11,Z03,69001,17141,23.53,58.4,0.0,Monday,0,0,3,Summer,1152.15
2024-03-12,Z03,68861,17117,29.36,73.26,0.0,Tuesday,0,0,3,Summer,1096.57
2024-03-13,Z03,68753,17065,26.08,75.25,0.0,Wednesday,0,0,3,Summer,1154.07
2024-03-14,Z03,68466,17031,22.88,71.28,4.74,Thursday,0,0,3,Summer,1102.46
2024-03-15,Z03,68503,17036,25.92,69.84,0.0,Friday,0,0,3,Summer,1300.6
2024-03-16,Z03,68693,17072,25.87,63.06,0.0,Saturday,1,0,3,Summer,1093.43
2024-03-17,Z03,68800,17073,27.23,68.59,0.0,Sunday,1,0,3,Summer,1157.13
2024-03-18,Z03,69314,17106,27.09,73.79,0.0,Monday,0,0,3,Summer,1077.46
2024-03-19,Z03,68684,17092,26.43,66.76,0.0,Tuesday,0,0,3,Summer,1168.17
2024-03-20,Z03,68582,17007,24.94,69.51,0.0,Wednesday,0,0,3,Summer,1099.04
2024-03-21,Z03,69029,17069,27.62,64.46,0.0,Thursday,0,0,3,Summer,1085.88
2024-03-22,Z03,68977,17030,25.66,69.71,15.61,Friday,0,0,3,Summer,1131.27
2024-03-23,Z03,69299,17094,24.66,78.48,170.04,Saturday,1,0,3,Summer,1169.4
2024-03-24,Z03,68398,17010,27.4,73.71,0.0,Sunday,1,0,3,Summer,1237.1
2024-03-25,Z03,68702,17115,30.65,64.96,0.0,Monday,0,0,3,Summer,1162.25
2024-03-26,Z03,68769,17099,28.01,68.27,0.0,Tuesday,0,0,3,Summer,1058.29
2024-03-27,Z03,68608,17052,30.56,70.29,0.0,Wednesday,0,0,3,Summer,1546.32
2024-03-28,Z03,68682,17120,26.61,62.19,0.0,Thursday,0,0,3,Summer,1133.81
2024-03-29,Z03,68359,16986,29.92,60.27,0.0,Friday,0,0,3,Summer,1055.67
2024-03-30,Z03,68792,17086,28.81,55.89,0.0,Saturday,1,0,3,Summer,1163.58
2024-03-31,Z03,68639,17084,30.33,58.1,0.0,Sunday,1,0,3,Summer,1222.42
2024-04-01,Z03,68660,17092,28.46,69.72,0.0,Monday,0,0,4,Summer,1133.06
2024-04-02,Z03,68771,17080,26.57,70.11,0.0,Tuesday,0,0,4,Summer,1105.86
2024-04-03,Z03,68520,17018,32.68,62.2,0.0,Wednesday,0,0,4,Summer,1122.79
2024-04-04,Z03,68539,17127,26.29,59.63,0.0,Thursday,0,0,4,Summer,1129.04
2024-04-05,Z03,68854,17082,28.81,59.16,0.0,Friday,0,0,4,Summer,1119.14
2024-04-06,Z03,68783,17015,28.12,65.63,0.0,Saturday,1,0,4,Summer,1194.43
2024-04-07,Z03,68550,17122,28.49,73.42,0.0,Sunday,1,0,4,Summer,1187.28
2024-04-08,Z03,68777,17064,29.44,73.56,0.0,Monday,0,0,4,Summer,1192.78
2024-04-09,Z03,68425,17087,30.9,62.65,0.0,Tuesday,0,0,4,Summer,1218.32
2024-04-10,Z03,68986,17064,28.43,71.1,0.0,Wednesday,0,0,4,Summer,1113.4
2024-04-11,Z03,68495,17062,31.34,57.5,0.0,Thursday,0,0,4,Summer,1134.06
2024-04-12,Z03,68688,17072,29.12,63.82,0.0,Friday,0,0,4,Summer,1201.78
2024-04-13,Z03,68695,17058,28.99,,0.0,Saturday,1,0,4,Summer,1155.7
2024-04-14,Z03,68743,17071,28.75,70.77,30.26,Sunday,1,0,4,Summer,1072.36
2024-04-15,Z03,68856,17100,28.76,58.12,0.0,Monday,0,0,4,Summer,1186.54
2024-04-16,Z03,68775,17103,31.62,54.49,0.0,Tuesday,0,0,4,Summer,1149.03
2024-04-17,Z03,68925,17019,27.54,63.35,0.0,Wednesday,0,0,4,Summer,1167.61
2024-04-18,Z03,68663,17112,31.77,67.56,0.0,Thursday,0,0,4,Summer,1152.84
2024-04-19,Z03,68453,17095,30.35,63.42,0.0,Friday,0,0,4,Summer,1150.34
2024-04-20,Z03,68671,17112,28.51,67.37,0.0,Saturday,1,0,4,Summer,1155.79
2024-04-21,Z03,68346,17087,27.93,71.94,0.0,Sunday,1,0,4,Summer,1158.02
2024-04-22,Z03,68483,17058,27.11,73.5,0.0,Monday,0,0,4,Summer,1067.74
2024-04-23,Z03,68760,17066,30.8,64.7,0.0,Tuesday,0,0,4,Summer,1120.59
2024-04-24,Z03,68465,17070,27.49,64.76,0.0,Wednesday,0,0,4,Summer,1175.17
2024-04-25,Z03,68776,17084,26.8,57.1,0.0,Thursday,0,0,4,Summer,1144.97
2024-04-26,Z03,68531,17077,30.51,69.32,0.0,Friday,0,0,4,Summer,1135.9
2024-04-27,Z03,68817,17101,34.56,63.46,0.0,Saturday,1,0,4,Summer,1178.93
2024-04-28,Z03,68216,17092,32.65,51.68,0.0,Sunday,1,0,4,Summer,1240.51
2024-04-29,Z03,68452,17114,31.46,67.95,0.0,Monday,0,0,4,Summer,1182.85
2024-04-30,Z03,68702,17097,34.04,63.17,0.0,Tuesday,0,0,4,Summer,1211.48
2024-05-01,Z03,69077,17113,26.94,63.85,0.0,Wednesday,0,0,5,Summer,1133.33
2024-05-02,Z03,69130,17050,36.2,60.95,0.0,Thursday,0,0,5,Summer,1224.54
2024-05-03,Z03,68920,17061,32.81,59.22,0.0,Friday,0,0,5,Summer,1163.57
2024-05-04,Z03,69022,17068,31.45,60.6,0.0,Saturday,1,0,5,Summer,1171.43
2024-05-05,Z03,69028,17073,32.04,62.36,0.0,Sunday,1,0,5,Summer,1195.61
2024-05-06,Z03,68774,17034,31.91,68.04,0.0,Monday,0,0,5,Summer,1198.19
2024-05-07,Z03,68649,17051,31.33,74.88,0.0,Tuesday,0,0,5,Summer,1133.13
2024-05-08,Z03,68366,17061,33.74,61.83,0.0,Wednesday,0,0,5,Summer,1138.83
2024-05-09,Z03,68747,17069,31.69,75.92,0.0,Thursday,0,0,5,Summer,1220.08
2024-05-10,Z03,68731,17068,33.47,69.39,0.0,Friday,0,0,5,Summer,1136.55
2024-05-11,Z03,68925,17117,32.74,65.07,0.0,Saturday,1,0,5,Summer,1223.14
2024-05-12,Z03,68929,17093,32.44,64.12,0.0,Sunday,1,0,5,Summer,1174.39
2024-05-13,Z03,68595,17121,32.5,68.62,0.0,Monday,0,0,5,Summer,1203.94
2024-05-14,Z03,68877,17118,29.58,74.35,0.0,Tuesday,0,0,5,Summer,1187.74
2024-05-15,Z03,68923,17082,32.53,69.33,3.64,Wednesday,0,0,5,Summer,1182.86
2024-05-16,Z03,68721,17090,30.79,53.09,0.0,Thursday,0,0,5,Summer,1166.4
2024-05-17,Z03,68903,17115,31.63,60.71,0.0,Friday,0,0,5,Summer,1154.56
2024-05-18,Z03,68876,17139,32.02,70.08,0.0,Saturday,1,0,5,Summer,1210.54
2024-05-19,Z03,68550,17126,35.27,60.81,12.83,Sunday,1,0,5,Summer,1224.31
2024-05-20,Z03,68749,17124,35.29,60.5,0.0,Monday,0,0,5,Summer,1114.84
2024-05-21,Z03,69091,17086,33.4,63.02,12.36,Tuesday,0,0,5,Summer,1127.45
2024-05-22,Z03,68934,17104,32.32,64.79,0.0,Wednesday,0,0,5,Summer,1213.82
2024-05-23,Z03,68947,17071,34.87,68.65,0.0,Thursday,0,0,5,Summer,1242.76
2024-05-24,Z03,69100,17153,31.05,62.16,0.0,Friday,0,0,5,Summer,1205.04
2024-05-25,Z03,68347,17058,29.87,67.07,0.0,Saturday,1,0,5,Summer,1117.46
2024-05-26,Z03,68798,17032,31.97,64.39,7.72,Sunday,1,0,5,Summer,1265.67
2024-05-27,Z03,68464,17089,33.83,63.66,42.75,Monday,0,0,5,Summer,1031.86
2024-05-28,Z03,68666,17126,34.75,69.7,13.36,Tuesday,0,0,5,Summer,1117.23
2024-05-29,Z03,68444,17116,28.51,59.57,10.57,Wednesday,0,0,5,Summer,1080.37
2024-05-30,Z03,68973,17089,30.53,65.56,0.0,Thursday,0,0,5,Summer,1210.79
2024-05-31,Z03,68751,17103,33.69,60.45,0.0,Friday,0,0,5,Summer,1206.49
2024-06-01,Z03,69000,17076,34.93,65.76,0.0,Saturday,1,0,6,Monsoon,1189.14
2024-06-02,Z03,69148,17036,36.97,68.33,0.0,Sunday,1,0,6,Monsoon,1209.68
2024-06-03,Z03,68646,17094,30.78,56.59,0.0,Monday,0,0,6,Monsoon,1144.18
2024-06-04,Z03,68800,17072,33.14,64.69,5.12,Tuesday,0,0,6,Monsoon,1148.56
2024-06-05,Z03,68985,17095,33.45,71.51,0.0,Wednesday,0,0,6,Monsoon,1083.41
2024-06-06,Z03,68653,17064,35.59,62.41,0.0,Thursday,0,0,6,Monsoon,1250.77
2024-06-07,Z03,68790,17036,34.38,60.47,10.12,Friday,0,0,6,Monsoon,1115.16
2024-06-08,Z03,68873,17093,30.23,60.27,29.9,Saturday,1,0,6,Monsoon,1076.51
2024-06-09,Z03,68305,17083,34.69,64.37,9.95,Sunday,1,0,6,Monsoon,1177.25
2024-06-10,Z03,68896,17121,37.34,66.49,0.0,Monday,0,0,6,Monsoon,1159.05
2024-06-11,Z03,68783,17095,36.85,56.92,0.0,Tuesday,0,0,6,Monsoon,1198.72
2024-06-12,Z03,68777,17116,36.1,,0.0,Wednesday,0,0,6,Monsoon,1144.81
2024-06-13,Z03,68552,17167,36.65,70.11,0.75,Thursday,0,0,6,Monsoon,1196.04
2024-06-14,Z03,68744,17126,33.63,57.92,15.28,Friday,0,0,6,Monsoon,1146.16
2024-06-15,Z03,69157,17110,36.63,53.3,0.0,Saturday,1,0,6,Monsoon,1205.85
2024-06-16,Z03,69116,17136,29.98,69.24,5.28,Sunday,1,0,6,Monsoon,1098.73
2024-06-17,Z03,68783,17134,34.53,58.31,0.0,Monday,0,0,6,Monsoon,1158.84
2024-06-18,Z03,68432,17128,34.89,66.23,0.0,Tuesday,0,0,6,Monsoon,1178.24
2024-06-19,Z03,68584,17108,34.52,55.47,7.47,Wednesday,0,0,6,Monsoon,1113.0
2024-06-20,Z03,68893,17098,34.54,56.88,0.0,Thursday,0,0,6,Monsoon,1225.41
2024-06-21,Z03,69044,17146,30.35,60.75,0.0,Friday,0,0,6,Monsoon,1238.83
2024-06-22,Z03,69021,17121,34.7,63.42,0.0,Saturday,1,0,6,Monsoon,1096.0
2024-06-23,Z03,68683,17043,34.86,65.56,0.0,Sunday,1,0,6,Monsoon,1253.07
2024-06-24,Z03,68620,17097,35.62,52.61,20.37,Monday,0,0,6,Monsoon,1141.8
2024-06-25,Z03,68153,17165,34.63,70.24,0.0,Tuesday,0,0,6,Monsoon,1100.08
2024-06-26,Z03,68610,17098,35.01,67.26,0.0,Wednesday,0,0,6,Monsoon,1179.12
2024-06-27,Z03,69020,17135,30.31,72.6,21.77,Thursday,0,0,6,Monsoon,1105.82
2024-06-28,Z03,68835,17126,33.75,67.53,2.58,Friday,0,0,6,Monsoon,1139.18
2024-06-29,Z03,68752,17078,35.65,56.2,0.0,Saturday,1,0,6,Monsoon,1240.98
2024-06-30,Z03,68969,17144,33.99,62.12,16.24,Sunday,1,0,6,Monsoon,1088.72
2024-07-01,Z03,68583,17131,35.31,61.89,0.0,Monday,0,0,7,Monsoon,1178.13
2024-07-02,Z03,69207,17173,35.84,64.19,12.45,Tuesday,0,0,7,Monsoon,1097.64
2024-07-03,Z03,68851,17128,30.98,62.97,0.0,Wednesday,0,0,7,Monsoon,1150.92
2024-07-04,Z03,68915,17069,31.95,64.47,12.36,Thursday,0,0,7,Monsoon,1084.14
2024-07-05,Z03,68991,17107,31.69,61.32,12.79,Friday,0,0,7,Monsoon,1107.61
2024-07-06,Z03,68729,17185,32.6,58.02,7.55,Saturday,1,0,7,Monsoon,1134.19
2024-07-07,Z03,68857,17152,32.16,60.97,0.0,Sunday,1,0,7,Monsoon,1194.46
2024-07-08,Z03,68933,17134,30.8,,6.77,Monday,0,0,7,Monsoon,1086.25
2024-07-09,Z03,68803,17077,34.6,67.61,0.0,Tuesday,0,0,7,Monsoon,1114.68
2024-07-10,Z03,68511,17142,35.66,62.29,38.32,Wednesday,0,0,7,Monsoon,1039.06
2024-07-11,Z03,69074,17110,34.47,65.15,21.69,Thursday,0,0,7,Monsoon,1065.15
2024-07-12,Z03,68242,17103,31.29,67.17,8.46,Friday,0,0,7,Monsoon,1117.47
2024-07-13,Z03,69289,17142,32.6,62.63,0.0,Saturday,1,0,7,Monsoon,1185.16
2024-07-14,Z03,69093,17160,35.74,70.78,0.0,Sunday,1,0,7,Monsoon,1271.97
2024-07-15,Z03,69083,17109,29.67,65.85,10.64,Monday,0,0,7,Monsoon,1075.23
2024-07-16,Z03,68616,17123,34.14,69.38,0.0,Tuesday,0,0,7,Monsoon,1130.67
2024-07-17,Z03,68928,17140,34.3,70.84,14.23,Wednesday,0,0,7,Monsoon,1098.04
2024-07-18,Z03,68860,17093,36.52,64.59,0.0,Thursday,0,0,7,Monsoon,1076.03
2024-07-19,Z03,69051,17110,34.31,61.97,0.0,Friday,0,0,7,Monsoon,1185.97
2024-07-20,Z03,68530,17189,34.91,57.13,12.13,Saturday,1,0,7,Monsoon,1146.67
2024-07-21,Z03,68858,17158,36.66,60.26,0.0,Sunday,1,0,7,Monsoon,1221.8
2024-07-22,Z03,68781,17149,31.25,65.19,10.36,Monday,0,0,7,Monsoon,1122.88
2024-07-23,Z03,68786,17050,32.45,66.04,0.0,Tuesday,0,0,7,Monsoon,1123.77
2024-07-24,Z03,68919,17116,31.23,56.36,12.49,Wednesday,0,0,7,Monsoon,1089.61
2024-07-25,Z03,68730,17093,33.53,62.93,4.56,Thursday,0,0,7,Monsoon,1163.34
2024-07-26,Z03,68829,17132,35.38,65.68,0.0,Friday,0,0,7,Monsoon,1180.31
2024-07-27,Z03,68936,17104,29.48,67.6,8.02,Saturday,1,0,7,Monsoon,1101.58
2024-07-28,Z03,68717,17068,33.18,60.46,20.8,Sunday,1,0,7,Monsoon,1083.03
2024-07-29,Z03,69138,17051,32.99,53.31,22.61,Monday,0,0,7,Monsoon,1060.61
2024-07-30,Z03,68766,17125,31.01,60.57,14.0,Tuesday,0,0,7,Monsoon,1052.67
2024-07-31,Z03,68792,17088,30.86,68.48,1.42,Wednesday,0,0,7,Monsoon,1134.49
2024-08-01,Z03,68806,17095,33.55,62.19,8.74,Thursday,0,0,8,Monsoon,1149.61
2024-08-02,Z03,68712,17130,34.06,64.1,60.19,Friday,0,0,8,Monsoon,937.4
2024-08-03,Z03,68347,17167,31.32,69.43,0.0,Saturday,1,0,8,Monsoon,1106.03
2024-08-04,Z03,69338,17122,30.63,60.14,0.0,Sunday,1,0,8,Monsoon,1202.1
2024-08-05,Z03,68949,17180,34.65,65.23,8.31,Monday,0,0,8,Monsoon,1094.06
2024-08-06,Z03,68843,17141,36.55,67.46,0.0,Tuesday,0,0,8,Monsoon,1111.49
2024-08-07,Z03,68655,17156,33.41,63.22,29.34,Wednesday,0,0,8,Monsoon,1061.5
2024-08-08,Z03,68840,17088,30.64,64.84,0.0,Thursday,0,0,8,Monsoon,1123.35
2024-08-09,Z03,68908,17032,31.0,58.23,177.52,Friday,0,0,8,Monsoon,993.17
2024-08-10,Z03,68736,17099,35.48,65.08,15.06,Saturday,1,0,8,Monsoon,1178.21
2024-08-11,Z03,68492,17126,31.23,62.95,12.6,Sunday,1,0,8,Monsoon,1152.73
2024-08-12,Z03,68615,17099,29.77,72.37,0.0,Monday,0,0,8,Monsoon,1060.32
2024-08-13,Z03,69604,17123,32.18,58.96,1.38,Tuesday,0,0,8,Monsoon,1081.03
2024-08-14,Z03,68719,17181,32.03,61.29,7.28,Wednesday,0,0,8,Monsoon,1130.14
2024-08-15,Z03,69103,17103,29.5,75.67,151.64,Thursday,0,1,8,Monsoon,1099.46
2024-08-16,Z03,68845,17182,32.69,61.94,6.07,Friday,0,0,8,Monsoon,1148.9
2024-08-17,Z03,68518,17156,33.33,65.02,0.0,Saturday,1,0,8,Monsoon,1108.33
2024-08-18,Z03,68669,17167,31.85,73.82,0.0,Sunday,1,0,8,Monsoon,1136.65
2024-08-19,Z03,68863,17112,33.21,70.58,0.0,Monday,0,0,8,Monsoon,1120.66
2024-08-20,Z03,68732,17146,33.34,68.61,5.3,Tuesday,0,0,8,Monsoon,1077.6
2024-08-21,Z03,69011,17164,32.94,67.77,2.54,Wednesday,0,0,8,Monsoon,1357.03
2024-08-22,Z03,69451,17148,30.55,59.56,17.26,Thursday,0,0,8,Monsoon,1031.61
2024-08-23,Z03,68778,17190,31.88,62.18,12.81,Friday,0,0,8,Monsoon,1064.16
2024-08-24,Z03,68680,17138,29.45,78.38,0.0,Saturday,1,0,8,Monsoon,1089.35
2024-08-25,Z03,69034,17118,32.54,65.92,3.82,Sunday,1,0,8,Monsoon,1160.95
2024-08-26,Z03,68974,17086,29.78,67.6,12.49,Monday,0,0,8,Monsoon,1116.75
2024-08-27,Z03,69131,17112,29.84,61.72,0.0,Tuesday,0,0,8,Monsoon,1128.4
2024-08-28,Z03,68802,17146,27.89,59.01,9.38,Wednesday,0,0,8,Monsoon,1081.13
2024-08-29,Z03,68901,17095,28.15,69.41,6.28,Thursday,0,0,8,Monsoon,1091.74
2024-08-30,Z03,69131,17165,28.69,70.99,0.0,Friday,0,0,8,Monsoon,1103.84
2024-08-31,Z03,68701,17103,28.57,66.87,12.88,Saturday,1,0,8,Monsoon,1117.01
2024-09-01,Z03,68857,17112,27.72,67.1,21.57,Sunday,1,0,9,Monsoon,1106.23
2024-09-02,Z03,68699,17120,25.99,59.8,15.55,Monday,0,0,9,Monsoon,1015.3
2024-09-03,Z03,68918,17126,27.88,68.32,0.0,Tuesday,0,0,9,Monsoon,1076.62
2024-09-04,Z03,69076,17159,31.58,66.49,6.94,Wednesday,0,0,9,Monsoon,1129.07
2024-09-05,Z03,68851,17176,28.2,65.03,11.29,Thursday,0,0,9,Monsoon,1080.38
2024-09-06,Z03,69226,17149,30.23,60.41,12.25,Friday,0,0,9,Monsoon,1115.97
2024-09-07,Z03,68856,17116,29.27,61.54,6.26,Saturday,1,0,9,Monsoon,1080.38
2024-09-08,Z03,69024,17151,29.49,65.41,0.0,Sunday,1,0,9,Monsoon,1192.33
2024-09-09,Z03,69361,17174,27.23,55.16,0.0,Monday,0,0,9,Monsoon,1094.52
2024-09-10,Z03,68854,17051,28.01,61.14,19.29,Tuesday,0,0,9,Monsoon,983.15
2024-09-11,Z03,69179,17125,30.85,58.87,1.97,Wednesday,0,0,9,Monsoon,1097.86
2024-09-12,Z03,68610,17153,29.44,71.15,0.0,Thursday,0,0,9,Monsoon,1048.5
2024-09-13,Z03,69088,17123,28.01,60.29,13.75,Friday,0,0,9,Monsoon,1077.22
2024-09-14,Z03,68986,17137,24.66,63.87,0.0,Saturday,1,0,9,Monsoon,1110.83
2024-09-15,Z03,69151,17182,27.58,61.82,5.27,Sunday,1,0,9,Monsoon,1082.5
2024-09-16,Z03,69142,17115,,59.25,9.52,Monday,0,0,9,Monsoon,1003.28
2024-09-17,Z03,69158,17127,27.01,63.69,0.0,Tuesday,0,0,9,Monsoon,1077.53
2024-09-18,Z03,68824,17150,24.74,70.53,0.0,Wednesday,0,0,9,Monsoon,1029.07
2024-09-19,Z03,68934,17179,27.41,64.61,11.17,Thursday,0,0,9,Monsoon,1048.61
2024-09-20,Z03,69002,17081,27.99,61.04,,Friday,0,0,9,Monsoon,978.05
2024-09-21,Z03,68567,17101,27.31,69.95,19.84,Saturday,1,0,9,Monsoon,1034.47
2024-09-22,Z03,68843,17075,26.54,66.63,2.77,Sunday,1,0,9,Monsoon,1135.57
2024-09-23,Z03,69117,17159,27.39,75.93,3.86,Monday,0,0,9,Monsoon,1039.37
2024-09-24,Z03,69074,17115,25.33,70.13,20.93,Tuesday,0,0,9,Monsoon,965.16
2024-09-25,Z03,68600,17143,29.94,65.54,0.0,Wednesday,0,0,9,Monsoon,1110.64
2024-09-26,Z03,68952,17070,25.48,68.85,48.57,Thursday,0,0,9,Monsoon,945.66
2024-09-27,Z03,69121,17142,25.83,65.77,8.89,Friday,0,0,9,Monsoon,999.64
2024-09-28,Z03,69375,17138,,66.67,11.29,Saturday,1,0,9,Monsoon,1013.87
2024-09-29,Z03,69537,17163,26.84,66.16,0.0,Sunday,1,0,9,Monsoon,1103.29
2024-09-30,Z03,68599,17128,26.37,71.82,0.0,Monday,0,0,9,Monsoon,1003.61
2024-10-01,Z03,69138,17120,27.31,58.71,9.98,Tuesday,0,0,10,Post-Monsoon,998.73
2024-10-02,Z03,69036,17165,27.42,65.02,0.0,Wednesday,0,1,10,Post-Monsoon,1133.02
2024-10-03,Z03,68981,17087,25.15,68.27,1.98,Thursday,0,0,10,Post-Monsoon,1073.46
2024-10-04,Z03,68920,17214,23.03,,8.47,Friday,0,0,10,Post-Monsoon,1018.04
2024-10-05,Z03,68850,17133,24.34,66.58,0.0,Saturday,1,0,10,Post-Monsoon,996.51
2024-10-06,Z03,68868,17083,24.24,66.34,0.0,Sunday,1,0,10,Post-Monsoon,1057.15
2024-10-07,Z03,69347,17127,24.73,76.67,13.77,Monday,0,0,10,Post-Monsoon,1035.06
2024-10-08,Z03,68545,17137,22.34,69.66,14.88,Tuesday,0,0,10,Post-Monsoon,950.57
2024-10-09,Z03,69160,17190,22.79,63.41,10.18,Wednesday,0,0,10,Post-Monsoon,985.78
2024-10-10,Z03,69435,17159,26.61,67.32,0.0,Thursday,0,0,10,Post-Monsoon,1035.27
2024-10-11,Z03,69062,17193,24.69,66.5,0.0,Friday,0,0,10,Post-Monsoon,1063.7
2024-10-12,Z03,68726,17182,23.71,67.0,17.73,Saturday,1,0,10,Post-Monsoon,1005.52
2024-10-13,Z03,68962,17162,24.08,67.69,9.96,Sunday,1,0,10,Post-Monsoon,1095.32
2024-10-14,Z03,69045,17079,23.61,63.03,47.53,Monday,0,0,10,Post-Monsoon,952.87
2024-10-15,Z03,69260,17145,27.14,71.17,12.66,Tuesday,0,0,10,Post-Monsoon,1223.97
2024-10-16,Z03,69450,17110,26.11,65.56,0.0,Wednesday,0,0,10,Post-Monsoon,1042.14
2024-10-17,Z03,68977,,27.2,62.2,3.68,Thursday,0,0,10,Post-Monsoon,1042.87
2024-10-18,Z03,68726,17152,20.65,70.49,0.33,Friday,0,0,10,Post-Monsoon,1038.52
2024-10-19,Z03,69148,17169,21.47,69.43,,Saturday,1,0,10,Post-Monsoon,1095.26
2024-10-20,Z03,69136,17116,23.08,71.0,0.0,Sunday,1,0,10,Post-Monsoon,1051.98
2024-10-21,Z03,69080,17136,21.09,72.8,15.62,Monday,0,0,10,Post-Monsoon,969.04
2024-10-22,Z03,68876,17196,25.84,72.77,50.53,Tuesday,0,0,10,Post-Monsoon,932.19
2024-10-23,Z03,68744,17200,21.95,73.87,0.0,Wednesday,0,1,10,Post-Monsoon,1103.08
2024-10-24,Z03,68942,17062,22.77,72.92,0.0,Thursday,0,0,10,Post-Monsoon,1009.23
2024-10-25,Z03,69333,17154,26.62,64.32,7.01,Friday,0,0,10,Post-Monsoon,1048.3
2024-10-26,Z03,68926,17210,23.04,,13.51,Saturday,1,0,10,Post-Monsoon,1050.58
2024-10-27,Z03,69009,17195,23.8,62.27,0.0,Sunday,1,0,10,Post-Monsoon,1100.5
2024-10-28,Z03,68793,17230,22.6,59.19,0.0,Monday,0,0,10,Post-Monsoon,1067.66
2024-10-29,Z03,69406,17115,22.76,68.94,7.35,Tuesday,0,0,10,Post-Monsoon,1020.9
2024-10-30,Z03,69100,17200,20.03,61.08,4.17,Wednesday,0,0,10,Post-Monsoon,989.25
2024-10-31,Z03,68674,17138,23.64,68.49,6.61,Thursday,0,0,10,Post-Monsoon,1004.82
2024-11-01,Z03,68913,17085,22.88,72.69,0.0,Friday,0,0,11,Post-Monsoon,1081.19
2024-11-02,Z03,69209,17220,22.23,68.01,31.18,Saturday,1,0,11,Post-Monsoon,1068.76
2024-11-03,Z03,68880,17139,22.2,58.95,6.89,Sunday,1,0,11,Post-Monsoon,1126.08
2024-11-04,Z03,68564,17128,22.51,69.48,20.75,Monday,0,0,11,Post-Monsoon,976.62
2024-11-05,Z03,68822,17194,21.34,62.31,0.0,Tuesday,0,0,11,Post-Monsoon,1085.1
2024-11-06,Z03,69439,17102,19.43,69.67,5.59,Wednesday,0,0,11,Post-Monsoon,987.66
2024-11-07,Z03,69119,17137,21.53,66.23,18.2,Thursday,0,0,11,Post-Monsoon,1022.06
2024-11-08,Z03,68891,17151,23.78,57.04,0.0,Friday,0,0,11,Post-Monsoon,1074.27
2024-11-09,Z03,69158,17175,18.68,71.18,0.0,Saturday,1,0,11,Post-Monsoon,1076.16
2024-11-10,Z03,69154,17165,22.09,63.33,0.0,Sunday,1,0,11,Post-Monsoon,1043.85
2024-11-11,Z03,69227,17186,24.87,66.31,0.0,Monday,0,0,11,Post-Monsoon,1043.32
2024-11-12,Z03,68676,17184,18.58,65.42,7.15,Tuesday,0,0,11,Post-Monsoon,1009.22
2024-11-13,Z03,69302,17189,18.47,72.1,5.18,Wednesday,0,0,11,Post-Monsoon,1016.8
2024-11-14,Z03,69082,17194,19.82,67.58,0.0,Thursday,0,0,11,Post-Monsoon,971.55
2024-11-15,Z03,68661,17155,17.96,65.79,21.91,Friday,0,0,11,Post-Monsoon,918.54
2024-11-16,Z03,69148,17189,19.49,67.48,31.72,Saturday,1,0,11,Post-Monsoon,978.51
2024-11-17,Z03,69341,17131,23.37,62.24,1.51,Sunday,1,0,11,Post-Monsoon,1137.2
2024-11-18,Z03,69172,17128,19.5,77.1,19.81,Monday,0,0,11,Post-Monsoon,961.87
2024-11-19,Z03,69133,17160,18.08,75.78,0.0,Tuesday,0,0,11,Post-Monsoon,1002.21
2024-11-20,Z03,69131,17175,22.62,72.32,0.0,Wednesday,0,0,11,Post-Monsoon,1034.58
2024-11-21,Z03,68888,17192,20.63,72.14,7.85,Thursday,0,0,11,Post-Monsoon,1019.05
2024-11-22,Z03,69387,17192,19.87,75.73,10.02,Friday,0,0,11,Post-Monsoon,1026.44
2024-11-23,Z03,69264,17188,19.93,79.33,0.0,Saturday,1,0,11,Post-Monsoon,1009.17
2024-11-24,Z03,68539,17220,20.84,62.64,0.0,Sunday,1,0,11,Post-Monsoon,1007.86
2024-11-25,Z03,68746,17185,19.98,67.78,16.51,Monday,0,0,11,Post-Monsoon,961.34
2024-11-26,Z03,68920,17174,18.98,68.49,12.96,Tuesday,0,0,11,Post-Monsoon,1009.16
2024-11-27,Z03,68936,17175,18.66,73.6,0.0,Wednesday,0,0,11,Post-Monsoon,1032.21
2024-11-28,Z03,69482,17182,20.6,66.42,8.14,Thursday,0,0,11,Post-Monsoon,1001.24
2024-11-29,Z03,68879,17165,20.26,69.75,0.0,Friday,0,0,11,Post-Monsoon,978.85
2024-11-30,Z03,69077,17190,20.62,61.24,6.43,Saturday,1,0,11,Post-Monsoon,997.81
2024-12-01,Z03,69128,17187,21.22,64.68,179.26,Sunday,1,0,12,Winter,1104.0
2024-12-02,Z03,69002,17130,19.44,72.37,0.0,Monday,0,0,12,Winter,1086.71
2024-12-03,Z03,69136,17102,18.88,67.92,0.0,Tuesday,0,0,12,Winter,1040.92
2024-12-04,Z03,68673,17199,20.26,71.82,0.0,Wednesday,0,0,12,Winter,1013.6
2024-12-05,Z03,69058,17225,18.41,78.06,0.0,Thursday,0,0,12,Winter,1134.3
2024-12-06,Z03,69359,17159,21.6,69.23,0.0,Friday,0,0,12,Winter,945.17
2024-12-07,Z03,69114,17069,20.75,73.26,0.0,Saturday,1,0,12,Winter,1046.5
2024-12-08,Z03,69398,17176,23.05,74.43,0.0,Sunday,1,0,12,Winter,1034.91
2024-12-09,Z03,68762,17165,21.15,69.93,0.0,Monday,0,0,12,Winter,1076.81
2024-12-10,Z03,69032,17192,24.55,60.65,0.0,Tuesday,0,0,12,Winter,1480.71
2024-12-11,Z03,69353,17214,17.11,75.01,9.76,Wednesday,0,0,12,Winter,1061.98
2024-12-12,Z03,68988,17159,19.37,65.04,0.0,Thursday,0,0,12,Winter,1041.69
2024-12-13,Z03,69406,17183,19.09,65.51,9.3,Friday,0,0,12,Winter,1024.05
2024-12-14,Z03,69174,17169,18.42,67.8,7.08,Saturday,1,0,12,Winter,1098.2
2024-12-15,Z03,69117,17193,20.02,57.75,,Sunday,1,0,12,Winter,930.98
2024-12-16,Z03,68779,17138,21.57,71.71,6.16,Monday,0,0,12,Winter,1028.73
2024-12-17,Z03,69420,17184,22.23,72.01,7.86,Tuesday,0,0,12,Winter,1058.62
2024-12-18,Z03,69314,17073,19.86,69.7,0.0,Wednesday,0,0,12,Winter,1000.58
2024-12-19,Z03,68989,17184,19.93,72.69,0.0,Thursday,0,0,12,Winter,1046.04
2024-12-20,Z03,69152,17160,19.72,68.86,0.0,Friday,0,0,12,Winter,1041.35
2024-12-21,Z03,69062,17124,19.64,70.32,0.0,Saturday,1,0,12,Winter,1122.15
2024-12-22,Z03,69170,17186,19.55,69.52,35.73,Sunday,1,0,12,Winter,991.04
2024-12-23,Z03,69327,17220,17.91,68.53,10.43,Monday,0,0,12,Winter,1003.77
2024-12-24,Z03,68955,17273,22.51,73.18,20.07,Tuesday,0,0,12,Winter,932.61
2024-12-25,Z03,69213,17175,19.01,75.99,0.0,Wednesday,0,1,12,Winter,1067.82
2024-12-26,Z03,69253,17120,19.06,61.96,0.0,Thursday,0,0,12,Winter,1061.24
2024-12-27,Z03,68945,17199,19.7,77.09,6.85,Friday,0,0,12,Winter,1034.06
2024-12-28,Z03,69147,17199,20.81,,3.92,Saturday,1,0,12,Winter,1065.97
2024-12-29,Z03,69049,17224,20.7,70.22,0.0,Sunday,1,0,12,Winter,1110.2
2024-12-30,Z03,68679,17219,20.37,73.41,0.0,Monday,0,0,12,Winter,976.73
2024-12-31,Z03,68897,17200,22.75,70.42,0.0,Tuesday,0,0,12,Winter,1028.54
2025-01-01,Z03,68807,17256,23.91,79.06,0.0,Wednesday,0,1,1,Winter,1122.88
2025-01-02,Z03,69364,17160,17.98,69.64,0.0,Thursday,0,0,1,Winter,1101.81
2025-01-03,Z03,69162,17217,22.77,69.95,0.0,Friday,0,0,1,Winter,1039.29
2025-01-04,Z03,69455,17118,23.77,64.95,0.0,Saturday,1,0,1,Winter,1118.67
2025-01-05,Z03,69089,17149,21.32,68.13,3.75,Sunday,1,0,1,Winter,1070.78
2025-01-06,Z03,68965,17218,20.07,68.67,27.22,Monday,0,0,1,Winter,1045.15
2025-01-07,Z03,69139,17226,19.7,71.71,0.0,Tuesday,0,0,1,Winter,1095.88
2025-01-08,Z03,69133,17209,,64.93,0.0,Wednesday,0,0,1,Winter,1038.24
2025-01-09,Z03,68960,17214,20.4,67.3,0.0,Thursday,0,0,1,Winter,1062.76
2025-01-10,Z03,68746,17182,20.71,63.0,7.47,Friday,0,0,1,Winter,1042.58
2025-01-11,Z03,69001,17172,21.11,75.88,0.0,Saturday,1,0,1,Winter,1125.2
2025-01-12,Z03,69283,17228,19.05,75.3,0.0,Sunday,1,0,1,Winter,1102.15
2025-01-13,Z03,69165,17152,21.48,77.42,0.0,Monday,0,0,1,Winter,1072.2
2025-01-14,Z03,69081,17235,19.79,69.66,0.0,Tuesday,0,1,1,Winter,1113.2
2025-01-15,Z03,69316,17165,19.34,72.76,0.0,Wednesday,0,0,1,Winter,1079.55
2025-01-16,Z03,69297,17206,22.12,76.64,0.0,Thursday,0,0,1,Winter,1031.94
2025-01-17,Z03,69226,17181,17.27,63.68,0.0,Friday,0,0,1,Winter,1003.09
2025-01-18,Z03,69340,17168,21.04,64.33,15.2,Saturday,1,0,1,Winter,1030.79
2025-01-19,Z03,69290,17195,20.83,69.13,0.0,Sunday,1,0,1,Winter,1113.98
2025-01-20,Z03,69005,17187,20.61,80.18,0.0,Monday,0,0,1,Winter,1072.42
2025-01-21,Z03,69516,17161,23.73,67.73,0.0,Tuesday,0,0,1,Winter,1094.15
2025-01-22,Z03,69118,17237,21.28,69.28,7.61,Wednesday,0,0,1,Winter,1014.09
2025-01-23,Z03,68863,17196,22.14,69.12,0.0,Thursday,0,0,1,Winter,1034.77
2025-01-24,Z03,69237,17164,17.11,73.39,16.6,Friday,0,0,1,Winter,1003.51
2025-01-25,Z03,68888,17162,20.8,64.07,0.0,Saturday,1,0,1,Winter,1086.69
2025-01-26,Z03,69034,17195,20.5,71.92,0.0,Sunday,1,1,1,Winter,1244.5
2025-01-27,Z03,68766,17179,20.93,72.61,0.0,Monday,0,0,1,Winter,1043.5
2025-01-28,Z03,69026,17173,20.91,63.81,0.0,Tuesday,0,0,1,Winter,1080.3
2025-01-29,Z03,69185,17138,24.3,76.28,0.0,Wednesday,0,0,1,Winter,1050.37
2025-01-30,Z03,69133,17170,20.79,69.26,0.0,Thursday,0,0,1,Winter,1097.24
2025-01-31,Z03,69224,17153,20.23,70.35,0.0,Friday,0,0,1,Winter,1068.33
2025-02-01,Z03,69319,17212,18.12,77.66,9.03,Saturday,1,0,2,Winter,1103.92
2025-02-02,Z03,68910,17204,22.96,63.28,0.0,Sunday,1,0,2,Winter,1075.13
2025-02-03,Z03,68965,17198,21.85,75.12,0.0,Monday,0,0,2,Winter,1066.27
2025-02-04,Z03,69723,17221,21.99,65.09,0.0,Tuesday,0,0,2,Winter,1117.51
2025-02-05,Z03,69190,17246,22.49,63.63,0.0,Wednesday,0,0,2,Winter,1164.12
2025-02-06,Z03,69510,17187,23.73,66.35,0.0,Thursday,0,0,2,Winter,1097.94
2025-02-07,Z03,68841,17207,22.94,71.41,0.0,Friday,0,0,2,Winter,1093.95
2025-02-08,Z03,69314,17197,22.33,62.5,0.0,Saturday,1,0,2,Winter,1151.66
2025-02-09,Z03,69039,17162,24.27,67.43,0.0,Sunday,1,0,2,Winter,1087.56
2025-02-10,Z03,69422,17195,23.58,72.24,0.0,Monday,0,0,2,Winter,1165.11
2025-02-11,Z03,69023,17159,24.72,69.08,0.0,Tuesday,0,0,2,Winter,1106.8
2025-02-12,Z03,69327,17191,22.8,80.78,20.3,Wednesday,0,0,2,Winter,1053.45
2025-02-13,Z03,69032,17183,18.84,74.62,19.98,Thursday,0,0,2,Winter,1379.0
2025-02-14,Z03,69550,17241,22.98,64.32,0.0,Friday,0,0,2,Winter,1061.93
2025-02-15,Z03,69329,17242,22.33,71.13,0.0,Saturday,1,0,2,Winter,1162.09
2025-02-16,Z03,69141,17164,20.32,74.63,0.0,Sunday,1,0,2,Winter,1129.03
2025-02-17,Z03,69083,17194,25.34,63.71,0.0,Monday,0,0,2,Winter,1103.02
2025-02-18,Z03,69612,17197,22.02,74.56,0.0,Tuesday,0,0,2,Winter,1099.66
2025-02-19,Z03,69534,17250,21.66,70.24,0.0,Wednesday,0,0,2,Winter,1079.96
2025-02-20,Z03,69129,17208,25.57,75.22,0.0,Thursday,0,0,2,Winter,1119.15
2025-02-21,Z03,69611,17219,24.03,68.76,0.0,Friday,0,0,2,Winter,1134.87
2025-02-22,Z03,69618,17211,27.37,72.12,1.63,Saturday,1,0,2,Winter,1224.81
2025-02-23,Z03,69238,17208,25.86,65.58,0.0,Sunday,1,0,2,Winter,1167.19
2025-02-24,Z03,69361,17177,20.41,79.17,0.0,Monday,0,0,2,Winter,1149.31
2025-02-25,Z03,69390,17216,23.82,70.99,0.0,Tuesday,0,0,2,Winter,1062.14
2025-02-26,Z03,69545,17161,21.87,72.27,0.0,Wednesday,0,0,2,Winter,1105.38
2025-02-27,Z03,69339,17182,26.98,70.72,,Thursday,0,0,2,Winter,1119.94
2025-02-28,Z03,68817,17231,25.91,55.99,0.0,Friday,0,0,2,Winter,1187.05
2025-03-01,Z03,69208,17198,27.96,72.17,0.0,Saturday,1,0,3,Summer,1198.33
2025-03-02,Z03,69072,17205,25.78,64.5,0.0,Sunday,1,0,3,Summer,1150.02
2025-03-03,Z03,69098,17228,23.27,70.19,0.0,Monday,0,0,3,Summer,1067.26
2025-03-04,Z03,69318,17231,23.9,69.15,0.0,Tuesday,0,0,3,Summer,1147.34
2025-03-05,Z03,69139,17223,24.27,70.51,0.0,Wednesday,0,0,3,Summer,1213.85
2025-03-06,Z03,69199,17184,23.15,66.45,0.0,Thursday,0,0,3,Summer,1139.39
2025-03-07,Z03,69162,17190,23.5,65.79,0.0,Friday,0,0,3,Summer,1166.36
2025-03-08,Z03,68753,17218,25.99,68.5,0.0,Saturday,1,0,3,Summer,1213.66
2025-03-09,Z03,69497,17182,22.8,71.07,0.0,Sunday,1,0,3,Summer,1189.37
2025-03-10,Z03,69123,17187,25.02,69.2,0.0,Monday,0,0,3,Summer,1148.66
2025-03-11,Z03,69199,17282,28.58,64.73,0.0,Tuesday,0,0,3,Summer,1140.42
2025-03-12,Z03,69001,17181,21.59,67.44,9.03,Wednesday,0,0,3,Summer,1085.66
2025-03-13,Z03,69251,17241,26.65,72.05,0.0,Thursday,0,0,3,Summer,1164.46
2025-03-14,Z03,69161,17277,26.79,68.0,0.0,Friday,0,0,3,Summer,1137.76
2025-03-15,Z03,69252,17192,25.7,73.54,0.0,Saturday,1,0,3,Summer,1189.8
2025-03-16,Z03,68954,17220,28.53,65.0,0.0,Sunday,1,0,3,Summer,1212.36
2025-03-17,Z03,69264,17242,23.59,68.7,0.0,Monday,0,0,3,Summer,1129.04
2025-03-18,Z03,69214,17192,23.36,67.27,0.0,Tuesday,0,0,3,Summer,1142.32
2025-03-19,Z03,69548,17178,26.52,64.37,0.0,Wednesday,0,0,3,Summer,1136.73
2025-03-20,Z03,69717,17226,49.78,69.88,0.0,Thursday,0,0,3,Summer,1156.83
2025-03-21,Z03,68859,17226,26.46,63.84,11.22,Friday,0,0,3,Summer,1111.27
2025-03-22,Z03,69435,17221,27.87,71.5,0.0,Saturday,1,0,3,Summer,1184.83
2025-03-23,Z03,69389,17181,27.07,68.82,0.0,Sunday,1,0,3,Summer,1252.63
2025-03-24,Z03,68933,17225,27.85,60.61,0.0,Monday,0,0,3,Summer,1169.06
2025-03-25,Z03,69015,17192,27.06,70.44,0.0,Tuesday,0,0,3,Summer,1139.76
2025-03-26,Z03,69026,17192,28.96,71.06,0.0,Wednesday,0,0,3,Summer,1223.21
2025-03-27,Z03,68717,17146,27.92,63.73,0.0,Thursday,0,0,3,Summer,1178.79
2025-03-28,Z03,69606,17248,27.19,66.52,0.0,Friday,0,0,3,Summer,1063.4
2025-03-29,Z03,69543,17213,29.26,66.5,0.0,Saturday,1,0,3,Summer,1160.36
2025-03-30,Z03,69113,17163,28.32,63.84,0.0,Sunday,1,0,3,Summer,1187.2
2025-03-31,Z03,69278,17179,29.16,71.2,0.0,Monday,0,0,3,Summer,1208.99
2025-04-01,Z03,69489,17226,26.01,68.86,0.0,Tuesday,0,0,4,Summer,1185.55
2025-04-02,Z03,69280,17234,24.97,59.43,0.0,Wednesday,0,0,4,Summer,1138.09
2025-04-03,Z03,69375,17256,28.12,66.8,0.0,Thursday,0,0,4,Summer,1171.93
2025-04-04,Z03,69053,17204,26.95,74.36,0.0,Friday,0,0,4,Summer,1098.44
2025-04-05,Z03,69563,17196,30.49,72.35,0.0,Saturday,1,0,4,Summer,1214.71
2025-04-06,Z03,69152,17306,29.38,71.66,0.0,Sunday,1,0,4,Summer,1228.1
2025-04-07,Z03,69052,17186,28.61,71.8,0.0,Monday,0,0,4,Summer,1138.2
2025-04-08,Z03,68977,17263,26.88,62.47,0.0,Tuesday,0,0,4,Summer,1221.45
2025-04-09,Z03,68854,17171,31.11,58.38,10.87,Wednesday,0,0,4,Summer,1148.85
2025-04-10,Z03,69323,17178,32.06,59.59,0.0,Thursday,0,0,4,Summer,1133.14
2025-04-11,Z03,69197,17325,29.45,61.79,0.0,Friday,0,0,4,Summer,1106.4
2025-04-12,Z03,69464,17215,33.29,65.85,0.0,Saturday,1,0,4,Summer,1189.0
2025-04-13,Z03,69344,17196,30.5,68.5,0.0,Sunday,1,0,4,Summer,1200.78
2025-04-14,Z03,69230,17210,32.69,58.9,0.0,Monday,0,0,4,Summer,1146.23
2025-04-15,Z03,69617,17199,33.55,64.19,0.0,Tuesday,0,0,4,Summer,1151.9
2025-04-16,Z03,69260,17176,34.94,65.39,0.0,Wednesday,0,0,4,Summer,1265.39
2025-04-17,Z03,69543,17225,31.6,64.76,0.0,Thursday,0,0,4,Summer,1180.73
2025-04-18,Z03,69427,17241,31.88,68.0,0.0,Friday,0,0,4,Summer,1222.21
2025-04-19,Z03,69416,17273,28.45,76.42,19.95,Saturday,1,0,4,Summer,1136.38
2025-04-20,Z03,69531,17179,27.57,72.54,5.59,Sunday,1,0,4,Summer,1201.49
2025-04-21,Z03,69640,17219,31.59,58.66,0.0,Monday,0,0,4,Summer,1223.41
2025-04-22,Z03,69272,17292,34.46,65.84,0.0,Tuesday,0,0,4,Summer,1195.11
2025-04-23,Z03,69331,17192,28.37,55.07,0.0,Wednesday,0,0,4,Summer,1059.04
2025-04-24,Z03,69484,17200,28.7,65.9,0.0,Thursday,0,0,4,Summer,1161.92
2025-04-25,Z03,69286,17214,30.94,73.4,0.0,Friday,0,0,4,Summer,1191.23
2025-04-26,Z03,69369,17217,31.12,68.39,0.0,Saturday,1,0,4,Summer,1196.11
2025-04-27,Z03,69189,17233,30.43,72.95,0.0,Sunday,1,0,4,Summer,1185.26
2025-04-28,Z03,69576,17218,29.27,74.67,13.21,Monday,0,0,4,Summer,1151.41
2025-04-29,Z03,69074,17210,33.76,67.37,0.0,Tuesday,0,0,4,Summer,1262.98
2025-04-30,Z03,69567,17236,35.31,67.03,0.0,Wednesday,0,0,4,Summer,1194.2
2025-05-01,Z03,69140,17181,32.16,62.01,0.0,Thursday,0,0,5,Summer,1167.54
2025-05-02,Z03,69325,17290,32.95,74.86,0.0,Friday,0,0,5,Summer,1216.51
2025-05-03,Z03,69184,17304,30.18,54.41,4.57,Saturday,1,0,5,Summer,1483.16
2025-05-04,Z03,68857,17225,31.16,69.26,23.97,Sunday,1,0,5,Summer,1117.45
2025-05-05,Z03,69585,17259,32.54,65.67,0.0,Monday,0,0,5,Summer,1196.02
2025-05-06,Z03,69268,17218,31.1,67.1,0.0,Tuesday,0,0,5,Summer,1161.04
2025-05-07,Z03,69199,17237,36.28,64.48,2.35,Wednesday,0,0,5,Summer,1162.22
2025-05-08,Z03,69258,17272,29.96,64.63,0.0,Thursday,0,0,5,Summer,1176.43
2025-05-09,Z03,68731,17234,31.92,69.1,0.0,Friday,0,0,5,Summer,1183.18
2025-05-10,Z03,69673,17272,32.86,75.09,0.0,Saturday,1,0,5,Summer,1172.78
2025-05-11,Z03,69243,17146,31.08,66.88,0.0,Sunday,1,0,5,Summer,1429.3
2025-05-12,Z03,69517,17210,34.21,58.3,0.0,Monday,0,0,5,Summer,1257.64
2025-05-13,Z03,69175,17189,30.88,65.95,0.0,Tuesday,0,0,5,Summer,1162.41
2025-05-14,Z03,69031,17208,29.51,6.89,0.0,Wednesday,0,0,5,Summer,1153.59
2025-05-15,Z03,69562,17237,35.47,58.07,0.0,Thursday,0,0,5,Summer,1177.82
2025-05-16,Z03,68986,17285,33.87,72.66,0.0,Friday,0,0,5,Summer,1167.0
2025-05-17,Z03,69604,17210,28.82,57.05,29.64,Saturday,1,0,5,Summer,1092.16
2025-05-18,Z03,69828,17314,33.73,68.46,0.0,Sunday,1,0,5,Summer,1177.42
2025-05-19,Z03,69094,17229,35.23,63.7,0.0,Monday,0,0,5,Summer,1249.6
2025-05-20,Z03,68806,17276,35.41,,0.0,Tuesday,0,0,5,Summer,1237.29
2025-05-21,Z03,69276,17270,32.38,65.8,4.57,Wednesday,0,0,5,Summer,1256.4
2025-05-22,Z03,69446,17257,33.02,67.65,4.52,Thursday,0,0,5,Summer,1146.6
2025-05-23,Z03,69463,17212,33.87,59.28,0.0,Friday,0,0,5,Summer,1175.57
2025-05-24,Z03,69147,17322,33.42,61.95,0.0,Saturday,1,0,5,Summer,1251.41
2025-05-25,Z03,69085,17236,33.22,62.12,0.0,Sunday,1,0,5,Summer,1206.79
2025-05-26,Z03,69208,17248,37.8,68.8,0.0,Monday,0,0,5,Summer,1189.81
2025-05-27,Z03,69418,17273,34.31,61.99,14.95,Tuesday,0,0,5,Summer,1142.55
2025-05-28,Z03,69432,17255,31.94,66.06,0.0,Wednesday,0,0,5,Summer,1271.23
2025-05-29,Z03,69195,17271,34.18,64.99,0.0,Thursday,0,0,5,Summer,1210.84
2025-05-30,Z03,69434,17227,31.42,66.22,12.75,Friday,0,0,5,Summer,1123.46
2025-05-31,Z03,69055,17288,32.9,59.48,0.0,Saturday,1,0,5,Summer,1229.78
2025-06-01,Z03,69253,17240,36.31,65.16,19.32,Sunday,1,0,6,Monsoon,1187.0
2025-06-02,Z03,69518,17225,31.38,69.56,3.51,Monday,0,0,6,Monsoon,1126.31
2025-06-03,Z03,69434,17358,33.09,71.95,0.0,Tuesday,0,0,6,Monsoon,1196.75
2025-06-04,Z03,69398,17242,35.99,,8.06,Wednesday,0,0,6,Monsoon,1197.43
2025-06-05,Z03,69217,17278,30.59,65.5,0.0,Thursday,0,0,6,Monsoon,1156.25
2025-06-06,Z03,69358,17229,33.57,70.86,43.71,Friday,0,0,6,Monsoon,1050.28
2025-06-07,Z03,69306,17291,34.91,62.42,3.84,Saturday,1,0,6,Monsoon,1235.99
2025-06-08,Z03,69461,17239,,69.8,0.0,Sunday,1,0,6,Monsoon,1172.42
2025-06-09,Z03,69760,17218,34.41,70.42,5.09,Monday,0,0,6,Monsoon,1235.14
2025-06-10,Z03,69245,17257,33.45,66.97,0.0,Tuesday,0,0,6,Monsoon,1161.8
2025-06-11,Z03,69555,17224,31.87,65.88,0.0,Wednesday,0,0,6,Monsoon,1209.67
2025-06-12,Z03,69212,17208,32.66,56.64,0.0,Thursday,0,0,6,Monsoon,1129.18
2025-06-13,Z03,69522,17279,34.45,69.27,0.0,Friday,0,0,6,Monsoon,1189.23
2025-06-14,Z03,69250,17211,36.52,65.74,6.03,Saturday,1,0,6,Monsoon,1201.12
2025-06-15,Z03,69248,17301,31.75,61.11,0.0,Sunday,1,0,6,Monsoon,1242.26
2025-06-16,Z03,69122,17188,34.17,67.41,0.0,Monday,0,0,6,Monsoon,1092.94
2025-06-17,Z03,69364,17344,35.76,64.92,0.0,Tuesday,0,0,6,Monsoon,1103.41
2025-06-18,Z03,69371,17238,33.23,60.45,0.0,Wednesday,0,0,6,Monsoon,1224.44
2025-06-19,Z03,69328,17246,35.41,58.96,0.0,Thursday,0,0,6,Monsoon,1158.77
2025-06-20,Z03,69810,17214,35.44,68.22,0.0,Friday,0,0,6,Monsoon,1175.91
2025-06-21,Z03,69397,17255,33.33,64.91,0.0,Saturday,1,0,6,Monsoon,1198.74
2025-06-22,Z03,69530,17211,35.48,63.18,0.0,Sunday,1,0,6,Monsoon,1181.58
2025-06-23,Z03,69318,17197,36.22,54.73,0.0,Monday,0,0,6,Monsoon,1202.36
2025-06-24,Z03,69491,17260,33.19,65.71,4.16,Tuesday,0,0,6,Monsoon,1050.39
2025-06-25,Z03,69548,17235,32.27,64.36,0.0,Wednesday,0,0,6,Monsoon,1120.88
2025-06-26,Z03,68916,17276,33.12,69.09,0.0,Thursday,0,0,6,Monsoon,1184.03
2025-06-27,Z03,69421,17254,33.06,58.12,30.57,Friday,0,0,6,Monsoon,1057.49
2025-06-28,Z03,69273,17245,33.83,58.94,0.0,Saturday,1,0,6,Monsoon,1215.29
2025-06-29,Z03,69325,17248,32.03,68.64,22.29,Sunday,1,0,6,Monsoon,1088.95
2025-06-30,Z03,69486,17194,36.69,60.99,1.36,Monday,0,0,6,Monsoon,1104.73
2025-07-01,Z03,69376,17272,34.01,66.19,8.64,Tuesday,0,0,7,Monsoon,1146.06
2025-07-02,Z03,70120,17311,30.3,64.8,25.39,Wednesday,0,0,7,Monsoon,1078.46
2025-07-03,Z03,69041,17326,33.93,58.89,3.68,Thursday,0,0,7,Monsoon,1089.09
2025-07-04,Z03,69316,17292,34.73,66.71,18.94,Friday,0,0,7,Monsoon,1077.75
2025-07-05,Z03,69352,17253,33.45,70.36,0.0,Saturday,1,0,7,Monsoon,1164.18
2025-07-06,Z03,69246,17222,35.41,67.82,5.11,Sunday,1,0,7,Monsoon,1191.7
2025-07-07,Z03,69622,17272,34.93,55.72,0.0,Monday,0,0,7,Monsoon,1199.58
2025-07-08,Z03,69020,17283,32.52,69.83,8.09,Tuesday,0,0,7,Monsoon,1071.55
2025-07-09,Z03,69268,17261,33.99,61.72,0.0,Wednesday,0,0,7,Monsoon,1139.11
2025-07-10,Z03,69920,17239,35.92,68.12,9.16,Thursday,0,0,7,Monsoon,1161.39
2025-07-11,Z03,69040,17192,36.58,49.52,8.4,Friday,0,0,7,Monsoon,1096.38
2025-07-12,Z03,69484,17353,33.78,70.69,21.57,Saturday,1,0,7,Monsoon,1145.44
2025-07-13,Z03,69861,17265,31.91,,0.0,Sunday,1,0,7,Monsoon,1199.12
2025-07-14,Z03,69565,17219,34.3,59.69,0.0,Monday,0,0,7,Monsoon,1131.36
2025-07-15,Z03,69538,17301,39.17,61.76,5.41,Tuesday,0,0,7,Monsoon,1141.61
2025-07-16,Z03,69573,17282,30.78,60.96,7.45,Wednesday,0,0,7,Monsoon,1110.5
2025-07-17,Z03,69485,17277,34.21,59.92,20.31,Thursday,0,0,7,Monsoon,1082.66
2025-07-18,Z03,69435,17271,29.27,60.63,0.0,Friday,0,0,7,Monsoon,1154.72
2025-07-19,Z03,69424,17284,33.54,61.86,21.81,Saturday,1,0,7,Monsoon,1039.6
2025-07-20,Z03,69545,17258,29.15,64.54,3.02,Sunday,1,0,7,Monsoon,1130.96
2025-07-21,Z03,69632,17269,32.06,61.61,0.0,Monday,0,0,7,Monsoon,1132.01
2025-07-22,Z03,69188,17311,34.16,50.09,0.0,Tuesday,0,0,7,Monsoon,1200.74
2025-07-23,Z03,69347,17258,33.28,68.02,0.0,Wednesday,0,0,7,Monsoon,1124.91
2025-07-24,Z03,69460,17314,38.83,59.22,8.18,Thursday,0,0,7,Monsoon,1215.76
2025-07-25,Z03,69444,17278,31.37,52.5,3.26,Friday,0,0,7,Monsoon,1054.4
2025-07-26,Z03,69522,17275,32.63,73.8,5.49,Saturday,1,0,7,Monsoon,1242.04
2025-07-27,Z03,69468,17260,31.36,62.31,14.44,Sunday,1,0,7,Monsoon,1097.34
2025-07-28,Z03,69417,17294,30.86,69.77,0.0,Monday,0,0,7,Monsoon,1141.4
2025-07-29,Z03,69670,17214,30.34,64.35,26.72,Tuesday,0,0,7,Monsoon,1114.42
2025-07-30,Z03,69327,17252,30.8,71.09,6.56,Wednesday,0,0,7,Monsoon,1101.8
2025-07-31,Z03,70012,17266,34.69,75.63,0.0,Thursday,0,0,7,Monsoon,1157.12
2025-08-01,Z03,69760,17262,31.31,73.65,24.08,Friday,0,0,8,Monsoon,1116.59
2025-08-02,Z03,69253,17294,29.94,66.26,24.35,Saturday,1,0,8,Monsoon,1043.78
2025-08-03,Z03,69257,17267,31.56,62.38,0.0,Sunday,1,0,8,Monsoon,1221.76
2025-08-04,Z03,69805,17320,30.86,66.64,2.13,Monday,0,0,8,Monsoon,1070.63
2025-08-05,Z03,69081,17271,28.81,69.56,0.0,Tuesday,0,0,8,Monsoon,1082.23
2025-08-06,Z03,69391,17270,31.46,67.53,19.1,Wednesday,0,0,8,Monsoon,1109.81
2025-08-07,Z03,69288,17262,33.87,58.06,9.81,Thursday,0,0,8,Monsoon,1147.84
2025-08-08,Z03,70046,17260,31.98,72.47,24.0,Friday,0,0,8,Monsoon,1037.34
2025-08-09,Z03,69747,17294,32.95,69.63,0.0,Saturday,1,0,8,Monsoon,1081.17
2025-08-10,Z03,69269,17278,31.87,65.05,1.04,Sunday,1,0,8,Monsoon,1191.01
2025-08-11,Z03,69259,17282,29.36,63.22,0.0,Monday,0,0,8,Monsoon,1116.29
2025-08-12,Z03,69516,17282,28.77,67.28,11.35,Tuesday,0,0,8,Monsoon,1063.68
2025-08-13,Z03,69680,17300,32.03,70.24,1.63,Wednesday,0,0,8,Monsoon,1110.94
2025-08-14,Z03,69574,17241,35.14,62.82,5.57,Thursday,0,0,8,Monsoon,1119.16
2025-08-15,Z03,69464,17327,30.77,64.87,0.0,Friday,0,1,8,Monsoon,1160.71
2025-08-16,Z03,69168,17225,31.17,63.96,11.33,Saturday,1,0,8,Monsoon,1091.89
2025-08-17,Z03,69543,17234,29.62,68.49,6.73,Sunday,1,0,8,Monsoon,1083.56
2025-08-18,Z03,69997,17290,28.06,70.06,10.23,Monday,0,0,8,Monsoon,1145.14
2025-08-19,Z03,69570,17247,32.1,66.17,17.64,Tuesday,0,0,8,Monsoon,1180.72
2025-08-20,Z03,69356,17278,31.78,67.81,0.0,Wednesday,0,0,8,Monsoon,1158.69
2025-08-21,Z03,69283,17345,34.35,67.7,,Thursday,0,0,8,Monsoon,1103.56
2025-08-22,Z03,69879,17313,26.96,71.47,0.0,Friday,0,0,8,Monsoon,1084.18
2025-08-23,Z03,69062,17272,,65.89,0.0,Saturday,1,0,8,Monsoon,1168.07
2025-08-24,Z03,69602,17265,35.47,58.56,12.47,Sunday,1,0,8,Monsoon,1162.38
2025-08-25,Z03,69628,17236,28.25,65.06,12.37,Monday,0,0,8,Monsoon,1112.36
2025-08-26,Z03,69179,17186,32.29,64.13,9.37,Tuesday,0,0,8,Monsoon,1087.06
2025-08-27,Z03,69570,17286,33.14,56.12,12.04,Wednesday,0,0,8,Monsoon,1080.74
2025-08-28,Z03,69888,17272,34.53,66.25,15.7,Thursday,0,0,8,Monsoon,1144.8
2025-08-29,Z03,69057,17287,31.22,66.53,0.0,Friday,0,0,8,Monsoon,1138.25
2025-08-30,Z03,69579,17321,29.78,59.2,15.75,Saturday,1,0,8,Monsoon,1028.57
2025-08-31,Z03,69278,17293,30.49,64.26,0.0,Sunday,1,0,8,Monsoon,1198.36
2025-09-01,Z03,69178,17326,30.86,68.08,21.09,Monday,0,0,9,Monsoon,1040.7
2025-09-02,Z03,69247,17251,26.94,67.68,3.77,Tuesday,0,0,9,Monsoon,1030.28
2025-09-03,Z03,69277,17283,25.71,68.34,11.88,Wednesday,0,0,9,Monsoon,1059.77
2025-09-04,Z03,69571,17212,26.37,65.33,0.0,Thursday,0,0,9,Monsoon,1087.23
2025-09-05,Z03,69287,17239,29.3,69.47,0.0,Friday,0,0,9,Monsoon,1152.89
2025-09-06,Z03,69565,17218,29.05,73.43,0.0,Saturday,1,0,9,Monsoon,1156.03
2025-09-07,Z03,69349,17294,31.67,66.05,1.38,Sunday,1,0,9,Monsoon,1161.92
2025-09-08,Z03,69282,17300,27.79,72.21,10.75,Monday,0,0,9,Monsoon,1063.71
2025-09-09,Z03,69658,17264,30.75,68.6,11.06,Tuesday,0,0,9,Monsoon,999.81
2025-09-10,Z03,69936,17287,28.32,63.43,0.0,Wednesday,0,0,9,Monsoon,1077.23
2025-09-11,Z03,69312,17264,26.83,76.25,6.29,Thursday,0,0,9,Monsoon,1023.12
2025-09-12,Z03,69660,17257,26.72,76.42,0.0,Friday,0,0,9,Monsoon,1115.76
2025-09-13,Z03,69974,17358,27.19,62.52,4.07,Saturday,1,0,9,Monsoon,1069.32
2025-09-14,Z03,69036,17231,26.43,61.28,0.0,Sunday,1,0,9,Monsoon,1106.76
2025-09-15,Z03,69651,17274,29.53,68.12,0.0,Monday,0,0,9,Monsoon,1027.21
2025-09-16,Z03,69220,17295,27.59,59.93,11.98,Tuesday,0,0,9,Monsoon,1053.54
2025-09-17,Z03,69685,17258,25.17,71.2,,Wednesday,0,0,9,Monsoon,1085.27
2025-09-18,Z03,69054,17334,23.29,71.6,0.0,Thursday,0,0,9,Monsoon,1060.9
2025-09-19,Z03,69635,17290,31.78,60.63,0.0,Friday,0,0,9,Monsoon,1094.17
2025-09-20,Z03,69397,17298,29.1,69.95,27.59,Saturday,1,0,9,Monsoon,1033.81
2025-09-21,Z03,69458,17372,25.77,69.97,11.43,Sunday,1,0,9,Monsoon,1104.93
2025-09-22,Z03,69899,17331,26.58,62.47,0.0,Monday,0,0,9,Monsoon,1087.66
2025-09-23,Z03,69611,17266,29.47,58.53,0.0,Tuesday,0,0,9,Monsoon,1049.49
2025-09-24,Z03,69859,17275,26.68,70.47,13.86,Wednesday,0,0,9,Monsoon,995.16
2025-09-25,Z03,69638,17330,28.92,76.62,7.15,Thursday,0,0,9,Monsoon,1067.38
2025-09-26,Z03,69647,17300,23.89,73.84,0.0,Friday,0,0,9,Monsoon,1048.93
2025-09-27,Z03,69704,17273,30.05,63.43,14.6,Saturday,1,0,9,Monsoon,1060.0
2025-09-28,Z03,69439,17307,23.68,72.79,25.99,Sunday,1,0,9,Monsoon,1076.91
2025-09-29,Z03,70037,17253,22.29,69.34,18.54,Monday,0,0,9,Monsoon,1023.95
2025-09-30,Z03,69749,17290,24.34,69.09,27.56,Tuesday,0,0,9,Monsoon,967.04
2025-10-01,Z03,70033,17265,28.23,61.29,0.0,Wednesday,0,0,10,Post-Monsoon,1087.35
2025-10-02,Z03,69832,17291,24.45,76.27,0.0,Thursday,0,1,10,Post-Monsoon,1014.98
2025-10-03,Z03,69158,17309,29.83,55.53,0.0,Friday,0,0,10,Post-Monsoon,1093.77
2025-10-04,Z03,69366,17309,24.79,81.03,13.59,Saturday,1,0,10,Post-Monsoon,1042.78
2025-10-05,Z03,69275,17219,,72.04,0.0,Sunday,1,0,10,Post-Monsoon,1097.29
2025-10-06,Z03,69832,17312,25.09,68.7,0.0,Monday,0,0,10,Post-Monsoon,1010.37
2025-10-07,Z03,69696,17309,24.21,71.98,0.0,Tuesday,0,0,10,Post-Monsoon,1051.4
2025-10-08,Z03,69518,17286,25.16,76.34,18.97,Wednesday,0,0,10,Post-Monsoon,977.3
2025-10-09,Z03,69882,17351,19.8,82.47,20.06,Thursday,0,0,10,Post-Monsoon,970.55
2025-10-10,Z03,69279,17190,25.27,67.53,0.0,Friday,0,0,10,Post-Monsoon,1048.14
2025-10-11,Z03,69749,17327,23.07,73.49,10.41,Saturday,1,0,10,Post-Monsoon,1088.2
2025-10-12,Z03,69306,17226,24.0,73.21,12.46,Sunday,1,0,10,Post-Monsoon,1062.49
2025-10-13,Z03,69772,17322,23.55,70.74,11.87,Monday,0,0,10,Post-Monsoon,1064.96
2025-10-14,Z03,69796,17279,19.58,69.21,11.6,Tuesday,0,0,10,Post-Monsoon,978.65
2025-10-15,Z03,69299,17223,23.83,64.7,0.65,Wednesday,0,0,10,Post-Monsoon,1122.86
2025-10-16,Z03,69581,17308,24.94,65.88,16.85,Thursday,0,0,10,Post-Monsoon,1044.14
2025-10-17,Z03,69584,,26.69,68.39,0.0,Friday,0,0,10,Post-Monsoon,1055.19
2025-10-18,Z03,70184,17248,25.88,70.34,16.58,Saturday,1,0,10,Post-Monsoon,1090.72
2025-10-19,Z03,69775,17344,23.8,66.32,14.58,Sunday,1,0,10,Post-Monsoon,1038.4
2025-10-20,Z03,69715,17268,20.93,64.18,6.71,Monday,0,0,10,Post-Monsoon,1008.33
2025-10-21,Z03,69702,17321,19.59,64.7,0.0,Tuesday,0,0,10,Post-Monsoon,1036.19
2025-10-22,Z03,69205,17279,22.71,69.76,,Wednesday,0,0,10,Post-Monsoon,1052.97
2025-10-23,Z03,69313,17297,24.79,70.92,0.0,Thursday,0,1,10,Post-Monsoon,1115.09
2025-10-24,Z03,69590,17245,24.11,62.72,13.22,Friday,0,0,10,Post-Monsoon,992.97
2025-10-25,Z03,69891,17282,23.04,66.0,0.0,Saturday,1,0,10,Post-Monsoon,1085.09
2025-10-26,Z03,69599,17289,25.69,67.37,0.0,Sunday,1,0,10,Post-Monsoon,1119.15
2025-10-27,Z03,69898,17259,22.27,68.98,0.0,Monday,0,0,10,Post-Monsoon,1053.1
2025-10-28,Z03,69372,17331,20.46,65.93,16.38,Tuesday,0,0,10,Post-Monsoon,1020.45
2025-10-29,Z03,69289,17283,22.25,70.18,14.88,Wednesday,0,0,10,Post-Monsoon,979.15
2025-10-30,Z03,69058,17310,,64.64,0.0,Thursday,0,0,10,Post-Monsoon,1092.77
2025-10-31,Z03,69871,17365,21.05,61.78,18.71,Friday,0,0,10,Post-Monsoon,957.22
2025-11-01,Z03,69696,17307,20.79,70.69,0.0,Saturday,1,0,11,Post-Monsoon,1058.07
2025-11-02,Z03,69571,17272,23.63,68.39,33.73,Sunday,1,0,11,Post-Monsoon,985.8
2025-11-03,Z03,69315,17298,22.78,59.33,,Monday,0,0,11,Post-Monsoon,1030.94
2025-11-04,Z03,69622,17307,21.83,72.08,9.88,Tuesday,0,0,11,Post-Monsoon,1028.76
2025-11-05,Z03,69313,17295,21.91,70.69,0.0,Wednesday,0,0,11,Post-Monsoon,1017.91
2025-11-06,Z03,69745,17276,19.62,67.08,0.0,Thursday,0,0,11,Post-Monsoon,1038.39
2025-11-07,Z03,69972,17264,23.4,69.04,7.7,Friday,0,0,11,Post-Monsoon,1075.27
2025-11-08,Z03,69758,17298,18.85,67.91,8.87,Saturday,1,0,11,Post-Monsoon,1075.78
2025-11-09,Z03,69298,17262,24.57,68.85,0.0,Sunday,1,0,11,Post-Monsoon,1104.16
2025-11-10,Z03,69174,17274,21.75,81.96,0.0,Monday,0,0,11,Post-Monsoon,1024.33
2025-11-11,Z03,69852,17353,21.02,68.6,17.0,Tuesday,0,0,11,Post-Monsoon,930.01
2025-11-12,Z03,69321,17309,18.96,64.02,0.0,Wednesday,0,0,11,Post-Monsoon,1026.86
2025-11-13,Z03,69733,17338,20.53,67.93,0.0,Thursday,0,0,11,Post-Monsoon,1077.26
2025-11-14,Z03,69554,17318,,68.29,0.0,Friday,0,0,11,Post-Monsoon,1137.52
2025-11-15,Z03,69925,17287,20.03,60.97,0.0,Saturday,1,0,11,Post-Monsoon,1070.72
2025-11-16,Z03,69931,17293,20.73,,0.0,Sunday,1,0,11,Post-Monsoon,1091.71
2025-11-17,Z03,69527,17397,18.69,67.13,0.0,Monday,0,0,11,Post-Monsoon,1001.27
2025-11-18,Z03,69916,17327,22.0,70.16,8.27,Tuesday,0,0,11,Post-Monsoon,1055.43
2025-11-19,Z03,69403,17334,17.61,69.62,0.0,Wednesday,0,0,11,Post-Monsoon,1003.31
2025-11-20,Z03,69269,17278,21.93,66.93,27.78,Thursday,0,0,11,Post-Monsoon,954.92
2025-11-21,Z03,69771,17329,20.89,71.55,9.5,Friday,0,0,11,Post-Monsoon,1041.44
2025-11-22,Z03,69119,17279,19.83,69.22,13.07,Saturday,1,0,11,Post-Monsoon,1025.74
2025-11-23,Z03,69678,17295,20.8,72.57,0.0,Sunday,1,0,11,Post-Monsoon,1080.5
2025-11-24,Z03,70347,17321,22.21,66.62,11.88,Monday,0,0,11,Post-Monsoon,991.06
2025-11-25,Z03,69494,17271,20.72,76.81,3.16,Tuesday,0,0,11,Post-Monsoon,1013.48
2025-11-26,Z03,69722,17356,19.43,70.79,0.0,Wednesday,0,0,11,Post-Monsoon,1012.86
2025-11-27,Z03,69481,17281,17.3,71.69,0.0,Thursday,0,0,11,Post-Monsoon,1056.72
2025-11-28,Z03,69480,17340,18.29,74.47,0.0,Friday,0,0,11,Post-Monsoon,1052.73
2025-11-29,Z03,69501,17305,18.62,70.95,10.49,Saturday,1,0,11,Post-Monsoon,1022.88
2025-11-30,Z03,69612,17270,16.61,68.7,4.69,Sunday,1,0,11,Post-Monsoon,1048.72
2025-12-01,Z03,70201,17267,22.79,68.08,0.0,Monday,0,0,12,Winter,1083.78
2025-12-02,Z03,69453,17374,15.94,70.75,0.0,Tuesday,0,0,12,Winter,1102.19
2025-12-03,Z03,70322,17338,15.56,64.88,0.0,Wednesday,0,0,12,Winter,1006.3
2025-12-04,Z03,69545,17270,18.33,75.16,0.0,Thursday,0,0,12,Winter,1082.36
2025-12-05,Z03,69577,17263,21.34,67.11,36.45,Friday,0,0,12,Winter,907.23
2025-12-06,Z03,69644,17365,19.44,68.55,0.0,Saturday,1,0,12,Winter,1094.21
2025-12-07,Z03,69731,17319,19.34,74.61,18.71,Sunday,1,0,12,Winter,1008.57
2025-12-08,Z03,69486,17289,21.23,71.81,18.88,Monday,0,0,12,Winter,1076.06
2025-12-09,Z03,69452,17295,21.07,72.1,4.62,Tuesday,0,0,12,Winter,1110.91
2025-12-10,Z03,70120,17345,24.54,70.47,19.19,Wednesday,0,0,12,Winter,1041.0
2025-12-11,Z03,69874,17314,20.48,73.72,18.03,Thursday,0,0,12,Winter,973.66
2025-12-12,Z03,69786,17344,21.47,66.11,3.18,Friday,0,0,12,Winter,1052.74
2025-12-13,Z03,69697,17382,19.72,70.43,7.6,Saturday,1,0,12,Winter,1009.35
2025-12-14,Z03,69695,17290,19.04,72.63,0.0,Sunday,1,0,12,Winter,1085.02
2025-12-15,Z03,69909,17334,19.92,67.07,0.0,Monday,0,0,12,Winter,1108.69
2025-12-16,Z03,69650,17336,20.12,71.23,7.14,Tuesday,0,0,12,Winter,959.87
2025-12-17,Z03,69559,17250,18.06,70.84,0.0,Wednesday,0,0,12,Winter,1069.97
2025-12-18,Z03,69293,17331,21.46,70.59,26.75,Thursday,0,0,12,Winter,1063.35
2025-12-19,Z03,70072,17296,21.73,67.9,16.19,Friday,0,0,12,Winter,1042.57
2025-12-20,Z03,69727,17226,19.33,76.77,19.77,Saturday,1,0,12,Winter,1084.77
2025-12-21,Z03,69519,17349,21.85,72.47,12.84,Sunday,1,0,12,Winter,1080.51
2025-12-22,Z03,69529,17295,18.5,60.27,0.0,Monday,0,0,12,Winter,1013.61
2025-12-23,Z03,69202,17350,19.83,68.47,162.87,Tuesday,0,0,12,Winter,1070.54
2025-12-24,Z03,69192,17275,17.33,72.73,28.38,Wednesday,0,0,12,Winter,991.38
2025-12-25,Z03,70422,17369,23.43,72.62,7.22,Thursday,0,1,12,Winter,1069.61
2025-12-26,Z03,70082,17308,18.59,63.37,0.0,Friday,0,0,12,Winter,1091.47
2025-12-27,Z03,70038,17335,20.23,76.46,6.96,Saturday,1,0,12,Winter,1027.28
2025-12-28,Z03,69853,17324,22.37,76.71,27.13,Sunday,1,0,12,Winter,1019.68
2025-12-29,Z03,69816,17390,17.53,71.2,0.0,Monday,0,0,12,Winter,1066.71
2025-12-30,Z03,70158,17323,22.35,72.33,0.0,Tuesday,0,0,12,Winter,999.43
2025-12-31,Z03,69851,17336,18.16,80.77,0.0,Wednesday,0,0,12,Winter,1006.27
2023-01-01,Z04,35169,9225,19.23,72.81,0.0,Sunday,1,1,1,Winter,511.94
2023-01-02,Z04,35241,9230,21.32,65.39,0.0,Monday,0,0,1,Winter,476.38
2023-01-03,Z04,35262,9221,19.31,66.44,10.2,Tuesday,0,0,1,Winter,451.11
2023-01-04,Z04,35516,9255,18.48,78.18,7.01,Wednesday,0,0,1,Winter,463.02
2023-01-05,Z04,35030,9222,19.47,72.26,0.0,Thursday,0,0,1,Winter,448.02
2023-01-06,Z04,35028,9176,19.46,68.39,0.0,Friday,0,0,1,Winter,497.38
2023-01-07,Z04,34323,9218,22.25,68.06,0.0,Saturday,1,0,1,Winter,522.56
2023-01-08,Z04,35039,9270,17.91,70.52,22.01,Sunday,1,0,1,Winter,465.57
2023-01-09,Z04,34577,9251,19.72,69.57,0.0,Monday,0,0,1,Winter,475.66
2023-01-10,Z04,35158,9209,21.09,64.05,0.0,Tuesday,0,0,1,Winter,491.34
2023-01-11,Z04,34829,9171,20.82,76.8,0.0,Wednesday,0,0,1,Winter,434.8
2023-01-12,Z04,34898,9220,20.26,65.73,6.96,Thursday,0,0,1,Winter,448.96
2023-01-13,Z04,35193,9241,21.76,66.11,0.0,Friday,0,0,1,Winter,465.62
2023-01-14,Z04,34804,9234,21.93,75.47,15.59,Saturday,1,1,1,Winter,506.5
2023-01-15,Z04,34918,9251,20.4,67.32,0.0,Sunday,1,0,1,Winter,483.14
2023-01-16,Z04,34730,9174,19.29,73.57,0.0,Monday,0,0,1,Winter,437.99
2023-01-17,Z04,34854,9203,23.38,68.99,0.0,Tuesday,0,0,1,Winter,478.58
2023-01-18,Z04,34877,9207,19.01,66.53,2.62,Wednesday,0,0,1,Winter,462.11
2023-01-19,Z04,34686,9228,24.33,75.64,0.0,Thursday,0,0,1,Winter,484.53
2023-01-20,Z04,35137,9196,17.51,75.37,0.0,Friday,0,0,1,Winter,445.42
2023-01-21,Z04,34963,9205,21.1,76.5,0.0,Saturday,1,0,1,Winter,487.15
2023-01-22,Z04,35331,9185,20.43,75.2,0.0,Sunday,1,0,1,Winter,511.77
2023-01-23,Z04,35138,9214,21.08,70.0,0.0,Monday,0,0,1,Winter,490.84
2023-01-24,Z04,35070,9284,20.45,61.87,10.76,Tuesday,0,0,1,Winter,454.32
2023-01-25,Z04,34650,9243,21.46,68.09,0.0,Wednesday,0,0,1,Winter,494.04
2023-01-26,Z04,34993,9301,25.35,72.36,0.0,Thursday,0,1,1,Winter,536.62
2023-01-27,Z04,35352,9180,22.44,65.85,0.0,Friday,0,0,1,Winter,486.19
2023-01-28,Z04,35615,9170,19.37,73.56,0.0,Saturday,1,0,1,Winter,479.11
2023-01-29,Z04,34792,9170,22.23,68.8,0.0,Sunday,1,0,1,Winter,497.57
2023-01-30,Z04,34921,9180,22.01,68.97,0.0,Monday,0,0,1,Winter,462.75
2023-01-31,Z04,34729,9191,24.03,62.68,2.36,Tuesday,0,0,1,Winter,453.17
2023-02-01,Z04,35207,9252,24.28,72.54,0.0,Wednesday,0,0,2,Winter,478.88
2023-02-02,Z04,35381,9171,24.53,58.51,9.41,Thursday,0,0,2,Winter,478.79
2023-02-03,Z04,35138,9209,23.89,,0.0,Friday,0,0,2,Winter,475.93
2023-02-04,Z04,35452,9262,23.88,68.7,0.0,Saturday,1,0,2,Winter,533.29
2023-02-05,Z04,35035,9169,21.94,77.0,0.0,Sunday,1,0,2,Winter,501.28
2023-02-06,Z04,34865,9211,21.85,69.48,0.0,Monday,0,0,2,Winter,474.99
2023-02-07,Z04,34992,9183,26.06,65.04,0.0,Tuesday,0,0,2,Winter,525.9
2023-02-08,Z04,35255,9184,23.6,68.29,0.0,Wednesday,0,0,2,Winter,484.14
2023-02-09,Z04,35095,9195,18.7,67.73,1.27,Thursday,0,0,2,Winter,472.14
2023-02-10,Z04,34754,9212,24.02,67.44,0.0,Friday,0,0,2,Winter,490.12
2023-02-11,Z04,34955,9241,23.55,71.31,0.0,Saturday,1,0,2,Winter,524.89
2023-02-12,Z04,34962,9238,20.25,58.77,0.0,Sunday,1,0,2,Winter,491.68
2023-02-13,Z04,34728,9165,21.51,72.68,0.0,Monday,0,0,2,Winter,474.94
2023-02-14,Z04,35327,9240,22.07,72.64,0.0,Tuesday,0,0,2,Winter,480.43
2023-02-15,Z04,35197,9178,24.14,80.78,0.0,Wednesday,0,0,2,Winter,489.67
2023-02-16,Z04,35156,9153,26.64,72.07,0.0,Thursday,0,0,2,Winter,495.63
2023-02-17,Z04,35112,9212,23.8,63.3,0.0,Friday,0,0,2,Winter,509.49
2023-02-18,Z04,34377,9205,28.26,70.68,0.0,Saturday,1,0,2,Winter,519.35
2023-02-19,Z04,34600,9180,24.34,76.17,0.0,Sunday,1,0,2,Winter,534.71
2023-02-20,Z04,34194,9237,24.73,71.7,0.0,Monday,0,0,2,Winter,497.24
2023-02-21,Z04,34986,9195,22.96,59.76,0.0,Tuesday,0,0,2,Winter,483.65
2023-02-22,Z04,34540,9199,23.61,66.96,0.0,Wednesday,0,0,2,Winter,515.15
2023-02-23,Z04,34838,9167,26.57,69.3,0.0,Thursday,0,0,2,Winter,486.19
2023-02-24,Z04,34732,9225,22.98,71.41,0.0,Friday,0,0,2,Winter,477.97
2023-02-25,Z04,34982,9161,24.35,66.91,0.0,Saturday,1,0,2,Winter,482.92
2023-02-26,Z04,34931,9294,24.37,69.94,0.0,Sunday,1,0,2,Winter,519.42
2023-02-27,Z04,35322,9150,26.12,69.88,0.0,Monday,0,0,2,Winter,522.97
2023-02-28,Z04,35272,9193,22.14,72.96,0.0,Tuesday,0,0,2,Winter,449.59
2023-03-01,Z04,34983,9149,25.58,72.19,0.0,Wednesday,0,0,3,Summer,479.5
2023-03-02,Z04,34881,9253,21.73,71.45,19.59,Thursday,0,0,3,Summer,454.57
2023-03-03,Z04,34707,9165,23.71,70.53,0.0,Friday,0,0,3,Summer,525.29
2023-03-04,Z04,35126,9246,26.51,66.37,0.0,Saturday,1,0,3,Summer,521.71
2023-03-05,Z04,34965,9209,24.29,62.54,0.0,Sunday,1,0,3,Summer,524.02
2023-03-06,Z04,35144,9199,23.96,68.6,8.33,Monday,0,0,3,Summer,472.91
2023-03-07,Z04,35237,9162,25.86,68.62,0.0,Tuesday,0,0,3,Summer,489.19
2023-03-08,Z04,35088,9253,27.84,61.0,0.0,Wednesday,0,0,3,Summer,471.23
2023-03-09,Z04,35203,9269,21.99,63.81,0.0,Thursday,0,0,3,Summer,465.68
2023-03-10,Z04,35210,9169,25.95,61.41,0.0,Friday,0,0,3,Summer,503.76
2023-03-11,Z04,34746,9228,28.52,62.46,0.0,Saturday,1,0,3,Summer,515.02
2023-03-12,Z04,34579,9260,25.17,67.47,0.0,Sunday,1,0,3,Summer,524.66
2023-03-13,Z04,35321,9253,24.07,71.65,0.0,Monday,0,0,3,Summer,499.97
2023-03-14,Z04,34889,9248,27.07,66.0,0.0,Tuesday,0,0,3,Summer,512.2
2023-03-15,Z04,34907,9179,25.73,74.3,0.0,Wednesday,0,0,3,Summer,474.91
2023-03-16,Z04,35118,9242,25.1,61.67,0.0,Thursday,0,0,3,Summer,511.5
2023-03-17,Z04,34839,9277,26.32,68.27,0.0,Friday,0,0,3,Summer,526.78
2023-03-18,Z04,35139,9176,28.83,69.96,0.0,Saturday,1,0,3,Summer,527.57
2023-03-19,Z04,35016,9296,25.67,61.67,0.0,Sunday,1,0,3,Summer,514.15
2023-03-20,Z04,34723,9197,,73.22,0.0,Monday,0,0,3,Summer,534.2
2023-03-21,Z04,35012,9247,24.27,59.68,0.0,Tuesday,0,0,3,Summer,502.96
2023-03-22,Z04,34851,9262,28.46,66.19,0.0,Wednesday,0,0,3,Summer,518.97
2023-03-23,Z04,34968,9229,26.39,59.93,0.0,Thursday,0,0,3,Summer,468.99
2023-03-24,Z04,35333,9236,29.0,71.04,0.0,Friday,0,0,3,Summer,474.89
2023-03-25,Z04,34843,9178,25.27,80.2,3.73,Saturday,1,0,3,Summer,511.22
2023-03-26,Z04,35137,9185,28.24,63.39,10.75,Sunday,1,0,3,Summer,523.81
2023-03-27,Z04,34949,9243,28.98,72.12,0.0,Monday,0,0,3,Summer,509.45
2023-03-28,Z04,35115,9230,27.94,51.52,0.0,Tuesday,0,0,3,Summer,493.17
2023-03-29,Z04,35495,9209,28.84,66.34,0.0,Wednesday,0,0,3,Summer,512.83
2023-03-30,Z04,34844,9274,28.96,70.27,0.0,Thursday,0,0,3,Summer,532.52
2023-03-31,Z04,35092,9236,30.78,78.66,0.0,Friday,0,0,3,Summer,506.33
2023-04-01,Z04,34846,9192,22.51,65.64,0.0,Saturday,1,0,4,Summer,511.94
2023-04-02,Z04,34667,9256,29.46,65.83,0.0,Sunday,1,0,4,Summer,526.69
2023-04-03,Z04,35066,9226,29.92,66.46,0.0,Monday,0,0,4,Summer,502.23
2023-04-04,Z04,35194,9243,29.71,66.44,12.16,Tuesday,0,0,4,Summer,509.8
2023-04-05,Z04,34845,9333,26.27,69.26,0.0,Wednesday,0,0,4,Summer,517.84
2023-04-06,Z04,35084,9254,28.06,56.28,0.0,Thursday,0,0,4,Summer,513.97
2023-04-07,Z04,34974,9234,27.39,68.7,0.0,Friday,0,0,4,Summer,547.12
2023-04-08,Z04,35118,9229,28.33,64.07,0.0,Saturday,1,0,4,Summer,525.13
2023-04-09,Z04,34838,9269,28.6,71.72,0.0,Sunday,1,0,4,Summer,519.8
2023-04-10,Z04,34923,9166,27.28,71.16,0.0,Monday,0,0,4,Summer,492.71
2023-04-11,Z04,35248,9267,29.34,68.72,0.0,Tuesday,0,0,4,Summer,557.06
2023-04-12,Z04,34914,9203,31.24,63.83,0.0,Wednesday,0,0,4,Summer,522.42
2023-04-13,Z04,35108,9257,27.76,65.92,12.31,Thursday,0,0,4,Summer,515.53
2023-04-14,Z04,34955,9221,28.92,64.9,0.0,Friday,0,0,4,Summer,485.97
2023-04-15,Z04,35092,9200,30.9,64.96,0.0,Saturday,1,0,4,Summer,539.34
2023-04-16,Z04,34761,9228,26.5,63.86,0.0,Sunday,1,0,4,Summer,546.92
2023-04-17,Z04,34978,9192,31.18,,0.0,Monday,0,0,4,Summer,500.56
2023-04-18,Z04,35298,9255,31.43,62.76,0.0,Tuesday,0,0,4,Summer,540.69
2023-04-19,Z04,35419,9257,28.87,70.79,19.3,Wednesday,0,0,4,Summer,490.98
2023-04-20,Z04,34427,9262,32.49,71.31,20.77,Thursday,0,0,4,Summer,488.53
2023-04-21,Z04,35204,9164,31.73,61.04,0.0,Friday,0,0,4,Summer,526.08
2023-04-22,Z04,35440,9230,32.22,67.2,0.0,Saturday,1,0,4,Summer,526.15
2023-04-23,Z04,35054,9246,31.28,62.01,0.0,Sunday,1,0,4,Summer,572.25
2023-04-24,Z04,35268,9267,32.02,74.59,0.0,Monday,0,0,4,Summer,533.25
2023-04-25,Z04,35192,9248,30.97,61.5,0.0,Tuesday,0,0,4,Summer,525.28
2023-04-26,Z04,34974,9139,32.73,70.19,0.0,Wednesday,0,0,4,Summer,554.41
2023-04-27,Z04,35213,9220,30.46,68.25,0.0,Thursday,0,0,4,Summer,528.77
2023-04-28,Z04,35036,9263,30.8,65.4,0.0,Friday,0,0,4,Summer,517.28
2023-04-29,Z04,34869,9240,30.44,54.38,6.24,Saturday,1,0,4,Summer,548.02
2023-04-30,Z04,35177,9195,32.86,63.41,0.0,Sunday,1,0,4,Summer,558.65
2023-05-01,Z04,35466,9301,33.08,66.83,0.0,Monday,0,0,5,Summer,512.51
2023-05-02,Z04,34977,9270,30.31,67.84,0.0,Tuesday,0,0,5,Summer,523.21
2023-05-03,Z04,35183,9211,35.12,69.03,0.0,Wednesday,0,0,5,Summer,562.65
2023-05-04,Z04,34680,9223,35.08,59.27,2.52,Thursday,0,0,5,Summer,511.74
2023-05-05,Z04,34945,9287,31.82,68.76,0.0,Friday,0,0,5,Summer,503.95
2023-05-06,Z04,35291,9204,33.38,72.52,7.53,Saturday,1,0,5,Summer,522.61
2023-05-07,Z04,34978,9226,32.39,69.34,0.0,Sunday,1,0,5,Summer,562.02
2023-05-08,Z04,34801,9216,33.07,68.57,0.0,Monday,0,0,5,Summer,529.36
2023-05-09,Z04,35444,9200,31.81,78.69,0.0,Tuesday,0,0,5,Summer,528.6
2023-05-10,Z04,34769,9204,30.28,67.62,0.0,Wednesday,0,0,5,Summer,516.75
2023-05-11,Z04,34697,9258,28.86,62.53,4.47,Thursday,0,0,5,Summer,529.97
2023-05-12,Z04,34965,9166,31.25,65.45,0.0,Friday,0,0,5,Summer,477.53
2023-05-13,Z04,34862,9185,32.67,67.58,0.0,Saturday,1,0,5,Summer,518.69
2023-05-14,Z04,34925,9249,34.76,68.57,0.0,Sunday,1,0,5,Summer,571.18
2023-05-15,Z04,35553,9192,28.62,73.1,0.0,Monday,0,0,5,Summer,511.45
2023-05-16,Z04,35699,9292,35.84,63.46,0.0,Tuesday,0,0,5,Summer,535.75
2023-05-17,Z04,35006,9284,31.89,63.06,11.99,Wednesday,0,0,5,Summer,517.31
2023-05-18,Z04,35307,9282,33.04,75.38,0.0,Thursday,0,0,5,Summer,567.18
2023-05-19,Z04,34695,9204,31.74,60.1,0.0,Friday,0,0,5,Summer,538.01
2023-05-20,Z04,35343,9306,31.45,66.93,19.0,Saturday,1,0,5,Summer,514.44
2023-05-21,Z04,35100,9172,35.55,56.67,0.0,Sunday,1,0,5,Summer,558.65
2023-05-22,Z04,35747,9255,32.72,67.44,0.0,Monday,0,0,5,Summer,526.05
2023-05-23,Z04,35005,9237,32.18,55.19,0.0,Tuesday,0,0,5,Summer,512.22
2023-05-24,Z04,34924,9204,31.16,69.87,10.49,Wednesday,0,0,5,Summer,474.23
2023-05-25,Z04,34946,9191,33.35,62.47,0.0,Thursday,0,0,5,Summer,498.17
2023-05-26,Z04,34952,9248,33.64,69.25,0.0,Friday,0,0,5,Summer,531.89
2023-05-27,Z04,34960,9270,30.06,61.46,0.0,Saturday,1,0,5,Summer,522.37
2023-05-28,Z04,35325,9225,32.25,56.89,0.0,Sunday,1,0,5,Summer,546.27
2023-05-29,Z04,35013,9273,31.59,62.98,29.46,Monday,0,0,5,Summer,453.85
2023-05-30,Z04,35581,9223,31.74,69.19,0.0,Tuesday,0,0,5,Summer,535.88
2023-05-31,Z04,35309,9246,31.67,71.34,0.0,Wednesday,0,0,5,Summer,545.51
2023-06-01,Z04,35220,9200,34.11,71.19,2.48,Thursday,0,0,6,Monsoon,516.24
2023-06-02,Z04,34920,9234,35.03,64.44,57.6,Friday,0,0,6,Monsoon,427.78
2023-06-03,Z04,35230,9267,35.55,62.09,0.0,Saturday,1,0,6,Monsoon,555.05
2023-06-04,Z04,35427,9207,35.0,60.12,0.0,Sunday,1,0,6,Monsoon,525.83
2023-06-05,Z04,34969,9259,32.57,63.34,0.0,Monday,0,0,6,Monsoon,521.26
2023-06-06,Z04,35301,9223,34.88,63.37,0.0,Tuesday,0,0,6,Monsoon,515.75
2023-06-07,Z04,35232,9216,36.73,62.96,0.0,Wednesday,0,0,6,Monsoon,517.53
2023-06-08,Z04,35394,9260,33.72,,19.42,Thursday,0,0,6,Monsoon,508.77
2023-06-09,Z04,34969,9257,36.97,68.04,0.0,Friday,0,0,6,Monsoon,534.42
2023-06-10,Z04,34908,9282,30.17,73.1,0.0,Saturday,1,0,6,Monsoon,566.21
2023-06-11,Z04,35309,9317,33.25,62.45,0.0,Sunday,1,0,6,Monsoon,523.07
2023-06-12,Z04,34991,9190,33.51,66.32,0.0,Monday,0,0,6,Monsoon,514.43
2023-06-13,Z04,34775,9302,32.6,65.49,0.0,Tuesday,0,0,6,Monsoon,549.81
2023-06-14,Z04,34957,9207,32.81,73.83,13.26,Wednesday,0,0,6,Monsoon,478.93
2023-06-15,Z04,35051,9226,31.01,64.83,0.0,Thursday,0,0,6,Monsoon,496.69
2023-06-16,Z04,34267,9207,30.16,71.76,0.0,Friday,0,0,6,Monsoon,489.99
2023-06-17,Z04,35434,9283,33.18,53.18,18.23,Saturday,1,0,6,Monsoon,514.26
2023-06-18,Z04,35734,9249,31.54,64.36,0.0,Sunday,1,0,6,Monsoon,531.56
2023-06-19,Z04,34734,9185,32.53,63.1,16.67,Monday,0,0,6,Monsoon,480.04
2023-06-20,Z04,34958,9273,36.27,60.59,0.0,Tuesday,0,0,6,Monsoon,517.12
2023-06-21,Z04,35500,9188,35.15,49.71,3.47,Wednesday,0,0,6,Monsoon,531.26
2023-06-22,Z04,35360,9238,33.24,63.82,0.0,Thursday,0,0,6,Monsoon,515.41
2023-06-23,Z04,34941,9175,31.44,49.25,13.64,Friday,0,0,6,Monsoon,497.11
2023-06-24,Z04,34845,9221,36.09,58.04,0.0,Saturday,1,0,6,Monsoon,551.82
2023-06-25,Z04,35392,9251,33.47,75.9,0.0,Sunday,1,0,6,Monsoon,507.1
2023-06-26,Z04,35757,9203,34.1,69.96,18.61,Monday,0,0,6,Monsoon,496.07
2023-06-27,Z04,35250,9223,32.99,71.72,32.59,Tuesday,0,0,6,Monsoon,472.86
2023-06-28,Z04,35672,9237,29.4,70.86,0.0,Wednesday,0,0,6,Monsoon,491.26
2023-06-29,Z04,34506,9213,33.32,68.42,0.0,Thursday,0,0,6,Monsoon,513.64
2023-06-30,Z04,35831,9238,34.84,57.29,5.33,Friday,0,0,6,Monsoon,521.37
2023-07-01,Z04,35036,9246,37.4,73.73,6.91,Saturday,1,0,7,Monsoon,581.9
2023-07-02,Z04,35424,9263,38.28,60.69,0.0,Sunday,1,0,7,Monsoon,580.31
2023-07-03,Z04,35260,9292,34.86,71.31,0.0,Monday,0,0,7,Monsoon,534.43
2023-07-04,Z04,35066,9231,33.02,65.62,0.0,Tuesday,0,0,7,Monsoon,517.1
2023-07-05,Z04,35199,9247,32.65,63.05,0.0,Wednesday,0,0,7,Monsoon,506.94
2023-07-06,Z04,35174,9214,29.65,77.07,0.0,Thursday,0,0,7,Monsoon,523.8
2023-07-07,Z04,35574,9199,34.07,58.36,8.3,Friday,0,0,7,Monsoon,507.87
2023-07-08,Z04,35280,9287,35.01,64.21,0.0,Saturday,1,0,7,Monsoon,572.34
2023-07-09,Z04,34688,9201,31.6,60.52,0.0,Sunday,1,0,7,Monsoon,520.72
2023-07-10,Z04,35211,9214,35.59,65.81,19.25,Monday,0,0,7,Monsoon,513.48
2023-07-11,Z04,35352,9265,33.31,64.68,4.6,Tuesday,0,0,7,Monsoon,493.87
2023-07-12,Z04,35425,9268,32.96,60.92,4.02,Wednesday,0,0,7,Monsoon,478.67
2023-07-13,Z04,35619,9267,33.36,57.17,0.0,Thursday,0,0,7,Monsoon,523.24
2023-07-14,Z04,35327,9283,37.31,60.33,12.06,Friday,0,0,7,Monsoon,505.71
2023-07-15,Z04,35706,9222,31.34,73.5,22.62,Saturday,1,0,7,Monsoon,468.35
2023-07-16,Z04,34778,9250,34.63,68.94,18.0,Sunday,1,0,7,Monsoon,526.3
2023-07-17,Z04,34957,9260,35.45,63.59,11.85,Monday,0,0,7,Monsoon,488.07
2023-07-18,Z04,35289,9270,37.52,65.59,39.08,Tuesday,0,0,7,Monsoon,440.17
2023-07-19,Z04,35036,9271,28.41,65.77,0.0,Wednesday,0,0,7,Monsoon,448.61
2023-07-20,Z04,35377,9212,30.8,60.98,0.0,Thursday,0,0,7,Monsoon,496.09
2023-07-21,Z04,34856,9276,33.25,65.49,17.94,Friday,0,0,7,Monsoon,482.51
2023-07-22,Z04,35354,9257,36.34,59.16,0.0,Saturday,1,0,7,Monsoon,556.63
2023-07-23,Z04,35343,9233,31.53,73.28,7.72,Sunday,1,0,7,Monsoon,546.09
2023-07-24,Z04,35268,9247,31.26,63.02,6.92,Monday,0,0,7,Monsoon,496.5
2023-07-25,Z04,35569,9264,33.45,66.87,6.63,Tuesday,0,0,7,Monsoon,506.09
2023-07-26,Z04,35200,9285,29.73,,12.67,Wednesday,0,0,7,Monsoon,507.06
2023-07-27,Z04,35272,9191,32.97,66.01,26.45,Thursday,0,0,7,Monsoon,508.29
2023-07-28,Z04,35235,9276,35.64,67.61,5.63,Friday,0,0,7,Monsoon,468.4
2023-07-29,Z04,35070,9232,34.56,63.04,6.13,Saturday,1,0,7,Monsoon,500.65
2023-07-30,Z04,35456,9223,30.3,73.17,21.43,Sunday,1,0,7,Monsoon,497.53
2023-07-31,Z04,35288,9234,35.15,64.78,15.22,Monday,0,0,7,Monsoon,466.45
2023-08-01,Z04,35418,9243,33.86,58.42,0.0,Tuesday,0,0,8,Monsoon,511.53
2023-08-02,Z04,35228,9197,32.99,71.53,0.0,Wednesday,0,0,8,Monsoon,475.81
2023-08-03,Z04,34842,9274,32.23,62.56,0.0,Thursday,0,0,8,Monsoon,516.71
2023-08-04,Z04,34634,9270,29.89,64.59,36.21,Friday,0,0,8,Monsoon,426.48
2023-08-05,Z04,35354,9272,34.92,72.05,,Saturday,1,0,8,Monsoon,517.9
2023-08-06,Z04,34893,9266,32.67,63.67,0.0,Sunday,1,0,8,Monsoon,540.77
2023-08-07,Z04,35454,9172,31.89,61.22,20.52,Monday,0,0,8,Monsoon,468.94
2023-08-08,Z04,34785,9214,33.93,61.35,0.0,Tuesday,0,0,8,Monsoon,516.6
2023-08-09,Z04,35259,9231,31.29,68.27,24.83,Wednesday,0,0,8,Monsoon,463.28
2023-08-10,Z04,35167,9200,31.81,67.81,0.0,Thursday,0,0,8,Monsoon,472.72
2023-08-11,Z04,35355,9257,30.05,69.21,0.0,Friday,0,0,8,Monsoon,490.89
2023-08-12,Z04,35138,9211,32.83,66.54,0.0,Saturday,1,0,8,Monsoon,672.04
2023-08-13,Z04,35170,9226,32.71,67.65,0.0,Sunday,1,0,8,Monsoon,512.93
2023-08-14,Z04,35201,9144,30.26,73.36,1.08,Monday,0,0,8,Monsoon,495.44
2023-08-15,Z04,35119,9218,32.07,65.0,10.19,Tuesday,0,1,8,Monsoon,531.98
2023-08-16,Z04,35151,9251,32.95,63.45,28.57,Wednesday,0,0,8,Monsoon,492.27
2023-08-17,Z04,35244,9232,31.3,63.84,15.47,Thursday,0,0,8,Monsoon,470.72
2023-08-18,Z04,34842,9271,30.27,72.02,7.19,Friday,0,0,8,Monsoon,486.42
2023-08-19,Z04,35369,9251,34.81,65.77,3.6,Saturday,1,0,8,Monsoon,501.09
2023-08-20,Z04,35408,9281,28.78,70.81,0.0,Sunday,1,0,8,Monsoon,497.25
2023-08-21,Z04,35303,9225,31.02,72.42,0.0,Monday,0,0,8,Monsoon,495.76
2023-08-22,Z04,35052,9231,27.23,68.15,9.68,Tuesday,0,0,8,Monsoon,473.21
2023-08-23,Z04,35411,9248,34.3,77.21,8.32,Wednesday,0,0,8,Monsoon,478.68
2023-08-24,Z04,35213,9262,28.94,62.19,,Thursday,0,0,8,Monsoon,465.92
2023-08-25,Z04,34613,9223,29.47,60.48,4.01,Friday,0,0,8,Monsoon,485.75
2023-08-26,Z04,35705,9274,29.53,74.86,0.8,Saturday,1,0,8,Monsoon,523.34
2023-08-27,Z04,34908,9225,27.28,60.66,9.1,Sunday,1,0,8,Monsoon,473.92
2023-08-28,Z04,35248,9281,30.17,70.5,3.52,Monday,0,0,8,Monsoon,488.76
2023-08-29,Z04,35365,9283,28.58,64.54,1.31,Tuesday,0,0,8,Monsoon,502.34
2023-08-30,Z04,35550,9243,29.03,64.64,0.0,Wednesday,0,0,8,Monsoon,473.19
2023-08-31,Z04,35057,9231,29.39,65.36,10.18,Thursday,0,0,8,Monsoon,480.42
2023-09-01,Z04,35119,9241,30.69,63.76,45.58,Friday,0,0,9,Monsoon,455.39
2023-09-02,Z04,35529,9275,30.29,64.76,5.28,Saturday,1,0,9,Monsoon,495.69
2023-09-03,Z04,34843,9252,31.5,69.7,50.91,Sunday,1,0,9,Monsoon,441.88
2023-09-04,Z04,35096,9314,28.13,58.85,13.93,Monday,0,0,9,Monsoon,462.63
2023-09-05,Z04,35151,9271,28.6,68.22,0.0,Tuesday,0,0,9,Monsoon,490.66
2023-09-06,Z04,35022,9257,27.85,69.7,0.0,Wednesday,0,0,9,Monsoon,489.04
2023-09-07,Z04,34958,9230,26.92,64.32,17.4,Thursday,0,0,9,Monsoon,465.27
2023-09-08,Z04,35192,9293,27.07,67.23,0.0,Friday,0,0,9,Monsoon,463.37
2023-09-09,Z04,34954,9256,27.67,65.35,33.82,Saturday,1,0,9,Monsoon,435.0
2023-09-10,Z04,35183,9271,29.39,70.65,7.26,Sunday,1,0,9,Monsoon,445.48
2023-09-11,Z04,35310,9319,24.71,65.93,1.32,Monday,0,0,9,Monsoon,487.08
2023-09-12,Z04,35070,9277,27.52,69.55,8.71,Tuesday,0,0,9,Monsoon,450.26
2023-09-13,Z04,35462,9286,25.43,66.68,14.5,Wednesday,0,0,9,Monsoon,480.9
2023-09-14,Z04,35145,9195,28.92,68.91,10.05,Thursday,0,0,9,Monsoon,485.13
2023-09-15,Z04,35269,9243,27.82,68.01,12.03,Friday,0,0,9,Monsoon,493.91
2023-09-16,Z04,35015,9264,27.58,66.08,0.0,Saturday,1,0,9,Monsoon,494.28
2023-09-17,Z04,35153,9280,25.97,66.36,8.15,Sunday,1,0,9,Monsoon,487.28
2023-09-18,Z04,34998,9222,25.55,70.34,0.0,Monday,0,0,9,Monsoon,466.78
2023-09-19,Z04,35079,9278,23.71,66.63,0.0,Tuesday,0,0,9,Monsoon,474.87
2023-09-20,Z04,35727,9198,29.23,70.39,10.74,Wednesday,0,0,9,Monsoon,508.99
2023-09-21,Z04,35250,9236,24.5,70.44,1.77,Thursday,0,0,9,Monsoon,472.57
2023-09-22,Z04,35044,9270,29.93,67.67,4.7,Friday,0,0,9,Monsoon,491.71
2023-09-23,Z04,35264,9273,26.52,68.81,5.84,Saturday,1,0,9,Monsoon,485.59
2023-09-24,Z04,35469,9244,25.74,65.37,12.9,Sunday,1,0,9,Monsoon,512.3
2023-09-25,Z04,35376,9275,25.69,62.46,40.76,Monday,0,0,9,Monsoon,415.2
2023-09-26,Z04,34929,9257,27.6,63.27,12.8,Tuesday,0,0,9,Monsoon,452.33
2023-09-27,Z04,35315,9242,27.98,71.32,0.0,Wednesday,0,0,9,Monsoon,471.43
2023-09-28,Z04,35179,9195,29.82,69.3,1.08,Thursday,0,0,9,Monsoon,471.74
2023-09-29,Z04,34676,9240,25.05,66.91,10.72,Friday,0,0,9,Monsoon,450.9
2023-09-30,Z04,34786,9239,22.95,73.62,20.47,Saturday,1,0,9,Monsoon,443.61
2023-10-01,Z04,35551,9264,26.68,72.31,14.15,Sunday,1,0,10,Post-Monsoon,473.43
2023-10-02,Z04,35175,9293,24.12,59.88,0.0,Monday,0,1,10,Post-Monsoon,473.19
2023-10-03,Z04,35536,9292,24.72,52.8,16.97,Tuesday,0,0,10,Post-Monsoon,458.64
2023-10-04,Z04,35118,9219,23.89,70.01,0.0,Wednesday,0,0,10,Post-Monsoon,478.06
2023-10-05,Z04,34807,9245,23.13,69.67,23.87,Thursday,0,0,10,Post-Monsoon,460.97
2023-10-06,Z04,34958,9332,25.59,68.47,14.75,Friday,0,0,10,Post-Monsoon,444.28
2023-10-07,Z04,35252,9279,26.14,68.21,5.96,Saturday,1,0,10,Post-Monsoon,493.89
2023-10-08,Z04,35176,9267,24.83,67.95,0.0,Sunday,1,0,10,Post-Monsoon,491.31
2023-10-09,Z04,35203,9300,25.72,64.72,0.0,Monday,0,0,10,Post-Monsoon,501.0
2023-10-10,Z04,35235,9282,25.03,66.02,0.0,Tuesday,0,0,10,Post-Monsoon,471.44
2023-10-11,Z04,35556,9208,28.01,65.1,5.2,Wednesday,0,0,10,Post-Monsoon,448.41
2023-10-12,Z04,35358,9261,23.87,74.0,12.83,Thursday,0,0,10,Post-Monsoon,452.13
2023-10-13,Z04,35348,9286,24.86,68.75,26.61,Friday,0,0,10,Post-Monsoon,430.04
2023-10-14,Z04,35066,9291,25.0,81.25,3.57,Saturday,1,0,10,Post-Monsoon,451.69
2023-10-15,Z04,35258,9219,27.32,72.64,0.0,Sunday,1,0,10,Post-Monsoon,485.78
2023-10-16,Z04,35659,9228,21.81,67.83,0.0,Monday,0,0,10,Post-Monsoon,451.51
2023-10-17,Z04,35719,9211,22.93,61.9,0.0,Tuesday,0,0,10,Post-Monsoon,457.35
2023-10-18,Z04,35362,9266,24.32,66.67,0.0,Wednesday,0,0,10,Post-Monsoon,463.01
2023-10-19,Z04,35337,9194,24.19,63.92,1.9,Thursday,0,0,10,Post-Monsoon,467.03
2023-10-20,Z04,34937,9276,25.79,65.08,0.0,Friday,0,0,10,Post-Monsoon,439.13
2023-10-21,Z04,35302,9295,22.2,82.51,0.0,Saturday,1,0,10,Post-Monsoon,459.08
2023-10-22,Z04,34922,9273,21.44,62.71,8.22,Sunday,1,0,10,Post-Monsoon,450.68
2023-10-23,Z04,35116,9363,24.87,70.73,0.0,Monday,0,1,10,Post-Monsoon,488.2
2023-10-24,Z04,35351,9275,25.07,61.5,,Tuesday,0,0,10,Post-Monsoon,440.56
2023-10-25,Z04,35185,9207,21.98,71.97,27.48,Wednesday,0,0,10,Post-Monsoon,432.86
2023-10-26,Z04,34965,9240,23.62,65.26,4.38,Thursday,0,0,10,Post-Monsoon,468.87
2023-10-27,Z04,35256,9210,19.08,67.59,18.34,Friday,0,0,10,Post-Monsoon,442.2
2023-10-28,Z04,35464,9241,23.65,74.39,24.82,Saturday,1,0,10,Post-Monsoon,478.76
2023-10-29,Z04,35770,9283,21.85,63.42,4.09,Sunday,1,0,10,Post-Monsoon,452.8
2023-10-30,Z04,35269,9266,20.19,66.22,2.58,Monday,0,0,10,Post-Monsoon,460.32
2023-10-31,Z04,35327,9297,22.63,61.25,0.0,Tuesday,0,0,10,Post-Monsoon,472.43
2023-11-01,Z04,34931,9238,23.12,64.02,12.03,Wednesday,0,0,11,Post-Monsoon,450.18
2023-11-02,Z04,35345,9264,22.52,75.76,0.0,Thursday,0,0,11,Post-Monsoon,478.47
2023-11-03,Z04,35046,9306,19.74,69.06,21.65,Friday,0,0,11,Post-Monsoon,427.21
2023-11-04,Z04,35573,9229,19.95,73.74,0.0,Saturday,1,0,11,Post-Monsoon,457.89
2023-11-05,Z04,35238,9217,22.7,71.71,0.0,Sunday,1,0,11,Post-Monsoon,508.12
2023-11-06,Z04,34996,9322,20.86,70.66,16.52,Monday,0,0,11,Post-Monsoon,438.28
2023-11-07,Z04,35122,9303,19.31,70.28,9.25,Tuesday,0,0,11,Post-Monsoon,426.27
2023-11-08,Z04,34937,9248,19.05,68.92,31.36,Wednesday,0,0,11,Post-Monsoon,428.47
2023-11-09,Z04,35434,9323,23.41,62.06,11.21,Thursday,0,0,11,Post-Monsoon,498.73
2023-11-10,Z04,35239,9245,22.05,76.14,8.52,Friday,0,0,11,Post-Monsoon,472.87
2023-11-11,Z04,35204,9184,21.26,67.58,21.15,Saturday,1,0,11,Post-Monsoon,479.04
2023-11-12,Z04,35072,9314,24.66,65.26,0.69,Sunday,1,0,11,Post-Monsoon,473.52
2023-11-13,Z04,35111,9239,20.24,63.54,5.2,Monday,0,0,11,Post-Monsoon,453.84
2023-11-14,Z04,35529,9261,24.3,69.42,0.0,Tuesday,0,0,11,Post-Monsoon,462.65
2023-11-15,Z04,35263,9297,24.44,64.52,0.0,Wednesday,0,0,11,Post-Monsoon,482.63
2023-11-16,Z04,35147,9253,19.99,67.14,9.41,Thursday,0,0,11,Post-Monsoon,564.09
2023-11-17,Z04,35187,9270,20.6,73.78,0.0,Friday,0,0,11,Post-Monsoon,466.72
2023-11-18,Z04,35435,9248,19.21,64.81,6.7,Saturday,1,0,11,Post-Monsoon,455.48
2023-11-19,Z04,35349,9229,22.6,66.88,0.0,Sunday,1,0,11,Post-Monsoon,500.67
2023-11-20,Z04,34947,9229,17.34,84.36,23.72,Monday,0,0,11,Post-Monsoon,413.63
2023-11-21,Z04,35177,9296,22.48,66.08,3.09,Tuesday,0,0,11,Post-Monsoon,459.27
2023-11-22,Z04,34974,9224,20.76,66.65,0.0,Wednesday,0,0,11,Post-Monsoon,452.96
2023-11-23,Z04,35119,9251,16.97,71.26,8.83,Thursday,0,0,11,Post-Monsoon,450.5
2023-11-24,Z04,35386,9343,21.19,58.5,4.47,Friday,0,0,11,Post-Monsoon,488.16
2023-11-25,Z04,35036,9237,20.95,65.29,0.0,Saturday,1,0,11,Post-Monsoon,464.29
2023-11-26,Z04,34912,9298,22.99,68.3,16.58,Sunday,1,0,11,Post-Monsoon,493.36
2023-11-27,Z04,35479,9265,18.3,82.15,0.0,Monday,0,0,11,Post-Monsoon,455.42
2023-11-28,Z04,35147,9259,18.23,64.55,0.0,Tuesday,0,0,11,Post-Monsoon,457.8
2023-11-29,Z04,35063,9276,17.44,67.43,0.0,Wednesday,0,0,11,Post-Monsoon,480.09
2023-11-30,Z04,34971,9198,18.63,68.47,8.5,Thursday,0,0,11,Post-Monsoon,450.44
2023-12-01,Z04,35869,9249,21.2,73.74,0.0,Friday,0,0,12,Winter,470.16
2023-12-02,Z04,35336,9274,20.05,64.35,16.08,Saturday,1,0,12,Winter,455.51
2023-12-03,Z04,35459,9270,20.3,65.8,0.0,Sunday,1,0,12,Winter,495.51
2023-12-04,Z04,35481,9216,19.89,71.47,28.95,Monday,0,0,12,Winter,429.61
2023-12-05,Z04,35232,9260,21.81,69.51,10.71,Tuesday,0,0,12,Winter,464.77
2023-12-06,Z04,35115,9289,19.39,68.67,0.0,Wednesday,0,0,12,Winter,450.14
2023-12-07,Z04,35548,9289,22.07,75.05,0.0,Thursday,0,0,12,Winter,461.36
2023-12-08,Z04,35477,9305,18.57,73.22,11.18,Friday,0,0,12,Winter,478.78
2023-12-09,Z04,35335,9316,18.55,70.93,1.14,Saturday,1,0,12,Winter,489.58
2023-12-10,Z04,35014,9327,17.88,72.39,0.0,Sunday,1,0,12,Winter,486.08
2023-12-11,Z04,35464,9297,21.24,63.23,0.0,Monday,0,0,12,Winter,452.55
2023-12-12,Z04,35188,9285,19.1,69.76,0.0,Tuesday,0,0,12,Winter,444.67
2023-12-13,Z04,34998,9296,18.6,70.97,0.0,Wednesday,0,0,12,Winter,487.45
2023-12-14,Z04,35312,9302,17.53,68.18,0.0,Thursday,0,0,12,Winter,437.87
2023-12-15,Z04,35073,9233,19.34,73.06,0.0,Friday,0,0,12,Winter,492.54
2023-12-16,Z04,35317,9272,20.66,71.85,20.18,Saturday,1,0,12,Winter,564.69
2023-12-17,Z04,35168,9270,17.84,68.05,0.0,Sunday,1,0,12,Winter,487.11
2023-12-18,Z04,34838,9251,23.65,71.65,5.6,Monday,0,0,12,Winter,467.69
2023-12-19,Z04,35158,9257,17.02,64.87,0.0,Tuesday,0,0,12,Winter,450.64
2023-12-20,Z04,35512,9264,16.79,75.6,0.0,Wednesday,0,0,12,Winter,481.44
2023-12-21,Z04,35439,9284,20.17,65.5,0.0,Thursday,0,0,12,Winter,476.53
2023-12-22,Z04,35415,9250,18.74,74.59,0.0,Friday,0,0,12,Winter,460.29
2023-12-23,Z04,35328,9211,18.49,64.5,0.0,Saturday,1,0,12,Winter,496.46
2023-12-24,Z04,35157,9250,18.51,80.82,12.05,Sunday,1,0,12,Winter,537.97
2023-12-25,Z04,35319,9279,21.23,60.25,0.0,Monday,0,1,12,Winter,488.45
2023-12-26,Z04,35209,9279,18.55,71.76,10.83,Tuesday,0,0,12,Winter,418.47
2023-12-27,Z04,35511,9245,18.05,70.4,0.0,Wednesday,0,0,12,Winter,455.13
2023-12-28,Z04,35360,9244,17.19,73.44,0.0,Thursday,0,0,12,Winter,498.7
2023-12-29,Z04,35429,9285,22.33,57.13,0.0,Friday,0,0,12,Winter,489.6
2023-12-30,Z04,34981,9213,20.44,72.38,0.0,Saturday,1,0,12,Winter,478.65
2023-12-31,Z04,35197,9269,19.03,60.99,0.0,Sunday,1,0,12,Winter,495.83
2024-01-01,Z04,35245,9259,19.18,72.98,0.0,Monday,0,1,1,Winter,512.65
2024-01-02,Z04,35250,9376,23.28,65.38,0.0,Tuesday,0,0,1,Winter,454.53
2024-01-03,Z04,35712,9374,19.97,71.84,0.0,Wednesday,0,0,1,Winter,511.83
2024-01-04,Z04,35958,9266,17.9,69.52,0.0,Thursday,0,0,1,Winter,668.52
2024-01-05,Z04,35330,9301,23.24,72.1,0.0,Friday,0,0,1,Winter,474.15
2024-01-06,Z04,34738,9274,21.08,72.05,0.0,Saturday,1,0,1,Winter,486.64
2024-01-07,Z04,35189,9303,19.91,70.69,22.2,Sunday,1,0,1,Winter,459.36
2024-01-08,Z04,35106,9313,18.48,74.7,0.0,Monday,0,0,1,Winter,458.71
2024-01-09,Z04,35765,9250,21.23,71.28,0.0,Tuesday,0,0,1,Winter,447.05
2024-01-10,Z04,35302,9317,20.93,70.05,3.96,Wednesday,0,0,1,Winter,467.51
2024-01-11,Z04,35623,9287,20.04,72.2,9.3,Thursday,0,0,1,Winter,442.7
2024-01-12,Z04,35501,9301,16.07,71.28,0.0,Friday,0,0,1,Winter,496.27
2024-01-13,Z04,35595,9237,21.38,69.57,23.84,Saturday,1,0,1,Winter,495.83
2024-01-14,Z04,35277,9272,21.31,55.71,0.0,Sunday,1,1,1,Winter,520.29
2024-01-15,Z04,35576,9274,17.64,70.46,0.0,Monday,0,0,1,Winter,502.94
2024-01-16,Z04,34788,9273,22.55,69.88,0.0,Tuesday,0,0,1,Winter,469.52
2024-01-17,Z04,35195,9236,20.68,63.18,0.0,Wednesday,0,0,1,Winter,491.33
2024-01-18,Z04,35126,9265,20.81,71.07,0.0,Thursday,0,0,1,Winter,482.78
2024-01-19,Z04,35321,9235,17.71,79.36,0.0,Friday,0,0,1,Winter,474.95
2024-01-20,Z04,35347,9296,20.25,75.32,0.0,Saturday,1,0,1,Winter,476.46
2024-01-21,Z04,35248,9325,20.14,63.19,0.0,Sunday,1,0,1,Winter,482.0
2024-01-22,Z04,35577,9237,20.77,66.03,9.8,Monday,0,0,1,Winter,460.94
2024-01-23,Z04,34758,9258,22.29,62.41,0.0,Tuesday,0,0,1,Winter,469.62
2024-01-24,Z04,35210,9240,22.13,66.2,0.0,Wednesday,0,0,1,Winter,438.29
2024-01-25,Z04,35312,9320,22.56,74.53,,Thursday,0,0,1,Winter,460.23
2024-01-26,Z04,35344,9266,22.88,70.4,0.0,Friday,0,1,1,Winter,485.2
2024-01-27,Z04,35311,9320,23.4,72.05,0.0,Saturday,1,0,1,Winter,515.4
2024-01-28,Z04,35465,9289,22.96,66.19,1.59,Sunday,1,0,1,Winter,490.87
2024-01-29,Z04,35390,9243,25.92,60.73,0.0,Monday,0,0,1,Winter,471.34
2024-01-30,Z04,35568,9301,24.64,63.93,7.9,Tuesday,0,0,1,Winter,497.48
2024-01-31,Z04,35813,9278,18.56,67.33,5.44,Wednesday,0,0,1,Winter,468.88
2024-02-01,Z04,35479,9246,26.38,69.85,16.51,Thursday,0,0,2,Winter,470.38
2024-02-02,Z04,35237,9281,21.0,77.02,0.0,Friday,0,0,2,Winter,463.94
2024-02-03,Z04,34974,9280,20.34,66.49,6.34,Saturday,1,0,2,Winter,459.38
2024-02-04,Z04,35591,9302,22.36,70.47,0.0,Sunday,1,0,2,Winter,476.46
2024-02-05,Z04,35133,9313,20.97,73.25,0.0,Monday,0,0,2,Winter,486.35
2024-02-06,Z04,34897,9280,25.15,70.51,19.42,Tuesday,0,0,2,Winter,483.48
2024-02-07,Z04,35243,9278,21.28,69.24,5.36,Wednesday,0,0,2,Winter,481.93
2024-02-08,Z04,35426,9267,22.86,65.54,0.0,Thursday,0,0,2,Winter,517.88
2024-02-09,Z04,35562,9248,23.6,75.76,0.0,Friday,0,0,2,Winter,476.25
2024-02-10,Z04,34997,9258,20.62,73.61,0.0,Saturday,1,0,2,Winter,494.75
2024-02-11,Z04,35612,9255,19.93,62.95,0.0,Sunday,1,0,2,Winter,511.02
2024-02-12,Z04,35010,9277,27.69,65.18,0.0,Monday,0,0,2,Winter,504.57
2024-02-13,Z04,35454,9264,21.77,67.87,0.0,Tuesday,0,0,2,Winter,465.55
2024-02-14,Z04,35225,9274,22.4,68.67,0.0,Wednesday,0,0,2,Winter,480.99
2024-02-15,Z04,35477,9279,21.8,74.76,0.0,Thursday,0,0,2,Winter,466.28
2024-02-16,Z04,35147,9317,18.21,69.11,10.31,Friday,0,0,2,Winter,456.68
2024-02-17,Z04,35330,9295,27.42,73.34,0.0,Saturday,1,0,2,Winter,537.47
2024-02-18,Z04,35212,9233,20.9,65.31,0.0,Sunday,1,0,2,Winter,477.85
2024-02-19,Z04,35292,9247,26.6,60.56,0.0,Monday,0,0,2,Winter,460.59
2024-02-20,Z04,35032,9264,27.27,,0.0,Tuesday,0,0,2,Winter,511.55
2024-02-21,Z04,35370,9255,22.03,65.3,0.0,Wednesday,0,0,2,Winter,483.02
2024-02-22,Z04,35374,9290,25.01,65.49,0.0,Thursday,0,0,2,Winter,493.68
2024-02-23,Z04,35082,9319,24.01,62.84,0.0,Friday,0,0,2,Winter,494.42
2024-02-24,Z04,35523,9278,24.69,63.8,0.0,Saturday,1,0,2,Winter,537.01
2024-02-25,Z04,35197,9258,24.15,75.33,0.0,Sunday,1,0,2,Winter,509.73
2024-02-26,Z04,35234,9298,21.14,67.41,0.0,Monday,0,0,2,Winter,488.7
2024-02-27,Z04,35094,9299,23.21,72.27,0.0,Tuesday,0,0,2,Winter,487.72
2024-02-28,Z04,35675,9292,24.9,69.82,0.0,Wednesday,0,0,2,Winter,490.75
2024-02-29,Z04,34940,9312,25.09,66.58,0.0,Thursday,0,0,2,Winter,502.19
2024-03-01,Z04,35460,9250,21.22,65.03,0.0,Friday,0,0,3,Summer,466.26
2024-03-02,Z04,34774,9306,26.68,72.08,0.0,Saturday,1,0,3,Summer,552.02
2024-03-03,Z04,35266,9305,,62.45,0.0,Sunday,1,0,3,Summer,518.67
2024-03-04,Z04,34867,9340,26.17,70.33,0.0,Monday,0,0,3,Summer,491.54
2024-03-05,Z04,35298,9230,25.66,71.0,0.0,Tuesday,0,0,3,Summer,499.91
2024-03-06,Z04,35168,9309,25.6,66.96,0.0,Wednesday,0,0,3,Summer,500.62
2024-03-07,Z04,35271,9316,24.38,76.02,,Thursday,0,0,3,Summer,480.72
2024-03-08,Z04,35163,9273,26.0,67.22,0.0,Friday,0,0,3,Summer,497.89
2024-03-09,Z04,34930,9313,26.79,71.98,0.0,Saturday,1,0,3,Summer,543.01
2024-03-10,Z04,35499,9318,22.12,63.7,25.24,Sunday,1,0,3,Summer,471.08
2024-03-11,Z04,35037,9305,21.66,,0.0,Monday,0,0,3,Summer,473.04
2024-03-12,Z04,35360,9331,26.76,67.05,0.0,Tuesday,0,0,3,Summer,528.04
2024-03-13,Z04,35870,9321,25.36,69.18,0.0,Wednesday,0,0,3,Summer,527.24
2024-03-14,Z04,35310,9249,22.57,63.3,0.0,Thursday,0,0,3,Summer,520.37
2024-03-15,Z04,35591,9335,24.98,60.33,0.0,Friday,0,0,3,Summer,470.2
2024-03-16,Z04,35225,9298,26.79,63.65,0.0,Saturday,1,0,3,Summer,515.17
2024-03-17,Z04,35075,9331,26.68,70.54,0.0,Sunday,1,0,3,Summer,532.28
2024-03-18,Z04,34842,9334,24.26,69.29,0.0,Monday,0,0,3,Summer,520.82
2024-03-19,Z04,35309,9336,25.25,65.99,0.0,Tuesday,0,0,3,Summer,517.22
2024-03-20,Z04,35511,9271,26.98,65.89,0.0,Wednesday,0,0,3,Summer,508.43
2024-03-21,Z04,35603,9266,29.85,67.31,0.0,Thursday,0,0,3,Summer,532.51
2024-03-22,Z04,35012,9295,26.03,77.81,0.0,Friday,0,0,3,Summer,507.92
2024-03-23,Z04,35665,9259,24.14,75.26,0.0,Saturday,1,0,3,Summer,531.71
2024-03-24,Z04,35615,9281,26.18,57.39,0.0,Sunday,1,0,3,Summer,525.81
2024-03-25,Z04,35074,9296,30.29,65.24,0.0,Monday,0,0,3,Summer,543.34
2024-03-26,Z04,35729,9285,27.93,74.39,0.0,Tuesday,0,0,3,Summer,493.61
2024-03-27,Z04,35325,9387,26.06,60.9,0.0,Wednesday,0,0,3,Summer,516.54
2024-03-28,Z04,35184,9296,31.85,64.99,0.0,Thursday,0,0,3,Summer,559.58
2024-03-29,Z04,35171,9279,27.02,57.88,0.0,Friday,0,0,3,Summer,513.21
2024-03-30,Z04,35425,9304,25.57,69.09,0.0,Saturday,1,0,3,Summer,494.77
2024-03-31,Z04,35055,9256,28.72,68.9,0.0,Sunday,1,0,3,Summer,541.59
2024-04-01,Z04,35392,9285,28.78,,7.6,Monday,0,0,4,Summer,522.26
2024-04-02,Z04,34789,9324,28.45,61.67,0.0,Tuesday,0,0,4,Summer,506.0
2024-04-03,Z04,35167,9356,29.41,76.09,0.0,Wednesday,0,0,4,Summer,533.82
2024-04-04,Z04,35325,9294,30.03,,0.0,Thursday,0,0,4,Summer,527.37
2024-04-05,Z04,35266,9273,31.07,63.66,0.0,Friday,0,0,4,Summer,520.75
2024-04-06,Z04,34871,9307,26.51,69.17,0.0,Saturday,1,0,4,Summer,502.19
2024-04-07,Z04,35425,9289,28.92,66.94,0.0,Sunday,1,0,4,Summer,530.23
2024-04-08,Z04,35361,9343,28.78,62.87,0.0,Monday,0,0,4,Summer,519.93
2024-04-09,Z04,35722,9267,27.98,69.46,0.0,Tuesday,0,0,4,Summer,527.07
2024-04-10,Z04,35352,9295,33.5,72.53,22.8,Wednesday,0,0,4,Summer,480.74
2024-04-11,Z04,35747,9323,29.46,73.44,0.0,Thursday,0,0,4,Summer,535.33
2024-04-12,Z04,35508,9320,32.3,71.77,0.0,Friday,0,0,4,Summer,536.58
2024-04-13,Z04,35341,9252,27.99,62.36,5.15,Saturday,1,0,4,Summer,519.19
2024-04-14,Z04,35092,9286,30.13,69.65,0.0,Sunday,1,0,4,Summer,529.58
2024-04-15,Z04,34955,9329,27.35,69.08,0.0,Monday,0,0,4,Summer,531.44
2024-04-16,Z04,35265,9324,31.51,66.35,0.0,Tuesday,0,0,4,Summer,549.98
2024-04-17,Z04,35418,9307,31.25,72.39,0.0,Wednesday,0,0,4,Summer,522.57
2024-04-18,Z04,35375,9299,26.82,69.7,8.29,Thursday,0,0,4,Summer,518.25
2024-04-19,Z04,35415,9341,32.19,72.1,0.0,Friday,0,0,4,Summer,518.27
2024-04-20,Z04,35144,9254,31.5,66.98,0.0,Saturday,1,0,4,Summer,548.85
2024-04-21,Z04,35260,9290,30.76,58.01,0.0,Sunday,1,0,4,Summer,533.66
2024-04-22,Z04,35447,9336,30.52,65.42,0.0,Monday,0,0,4,Summer,522.23
2024-04-23,Z04,35010,9279,32.54,70.81,0.0,Tuesday,0,0,4,Summer,496.37
2024-04-24,Z04,35400,9253,24.74,63.2,0.0,Wednesday,0,0,4,Summer,483.08
2024-04-25,Z04,35180,9301,35.81,63.62,0.0,Thursday,0,0,4,Summer,537.87
2024-04-26,Z04,35521,9266,30.34,62.16,0.0,Friday,0,0,4,Summer,554.31
2024-04-27,Z04,35365,9345,31.63,56.72,0.0,Saturday,1,0,4,Summer,544.92
2024-04-28,Z04,34986,9341,28.19,73.21,0.0,Sunday,1,0,4,Summer,547.49
2024-04-29,Z04,35323,9320,32.08,64.52,0.0,Monday,0,0,4,Summer,535.98
2024-04-30,Z04,35620,9309,32.47,51.46,6.55,Tuesday,0,0,4,Summer,504.01
2024-05-01,Z04,35323,9267,31.26,60.33,0.0,Wednesday,0,0,5,Summer,539.89
2024-05-02,Z04,35518,9347,32.69,59.1,0.0,Thursday,0,0,5,Summer,509.42
2024-05-03,Z04,35379,9297,28.22,61.61,5.91,Friday,0,0,5,Summer,529.4
2024-05-04,Z04,35406,9358,31.63,62.88,0.0,Saturday,1,0,5,Summer,540.95
2024-05-05,Z04,35243,9286,33.56,64.55,1.1,Sunday,1,0,5,Summer,563.07
2024-05-06,Z04,35568,9313,31.66,71.69,0.0,Monday,0,0,5,Summer,520.3
2024-05-07,Z04,35413,9330,29.2,70.35,0.0,Tuesday,0,0,5,Summer,528.84
2024-05-08,Z04,35266,9261,32.61,66.23,0.0,Wednesday,0,0,5,Summer,515.31
2024-05-09,Z04,35012,9256,31.47,64.4,0.0,Thursday,0,0,5,Summer,490.6
2024-05-10,Z04,35214,9312,31.28,70.25,0.0,Friday,0,0,5,Summer,521.97
2024-05-11,Z04,35586,9353,32.37,69.34,0.0,Saturday,1,0,5,Summer,531.55
2024-05-12,Z04,35126,9289,28.74,61.99,0.0,Sunday,1,0,5,Summer,520.62
2024-05-13,Z04,35260,9324,30.59,61.43,0.0,Monday,0,0,5,Summer,553.83
2024-05-14,Z04,34987,9346,36.39,54.3,12.3,Tuesday,0,0,5,Summer,526.84
2024-05-15,Z04,35689,9344,29.73,62.53,0.0,Wednesday,0,0,5,Summer,545.88
2024-05-16,Z04,35793,9210,31.59,57.29,0.0,Thursday,0,0,5,Summer,537.17
2024-05-17,Z04,34818,9300,36.95,53.49,0.0,Friday,0,0,5,Summer,570.22
2024-05-18,Z04,35884,9283,35.84,69.07,2.12,Saturday,1,0,5,Summer,506.72
2024-05-19,Z04,35521,9309,32.76,71.19,6.25,Sunday,1,0,5,Summer,576.91
2024-05-20,Z04,35306,9305,34.0,61.75,0.0,Monday,0,0,5,Summer,531.66
2024-05-21,Z04,35602,9292,34.87,63.5,12.57,Tuesday,0,0,5,Summer,461.87
2024-05-22,Z04,35192,9249,31.54,69.58,0.0,Wednesday,0,0,5,Summer,535.4
2024-05-23,Z04,35176,9334,34.41,63.08,0.0,Thursday,0,0,5,Summer,549.65
2024-05-24,Z04,35679,9327,33.3,71.82,0.0,Friday,0,0,5,Summer,522.47
2024-05-25,Z04,35497,9349,31.38,81.56,0.0,Saturday,1,0,5,Summer,551.74
2024-05-26,Z04,35420,9280,35.53,58.89,0.0,Sunday,1,0,5,Summer,532.07
2024-05-27,Z04,35722,9237,35.07,53.46,3.05,Monday,0,0,5,Summer,537.44
2024-05-28,Z04,35336,9301,30.49,60.28,0.0,Tuesday,0,0,5,Summer,527.77
2024-05-29,Z04,35726,9262,34.98,57.52,15.61,Wednesday,0,0,5,Summer,499.08
2024-05-30,Z04,35911,9323,35.93,61.47,0.0,Thursday,0,0,5,Summer,553.81
2024-05-31,Z04,35740,9345,34.09,64.71,0.0,Friday,0,0,5,Summer,539.61
2024-06-01,Z04,35035,9342,34.39,77.45,7.27,Saturday,1,0,6,Monsoon,542.8
2024-06-02,Z04,35577,9275,33.54,68.2,18.53,Sunday,1,0,6,Monsoon,522.72
2024-06-03,Z04,35358,9258,33.19,60.09,9.39,Monday,0,0,6,Monsoon,526.2
2024-06-04,Z04,35438,9349,32.61,67.16,0.0,Tuesday,0,0,6,Monsoon,489.46
2024-06-05,Z04,35707,9297,36.56,65.87,0.0,Wednesday,0,0,6,Monsoon,543.37
2024-06-06,Z04,35492,9262,32.56,69.59,0.0,Thursday,0,0,6,Monsoon,512.92
2024-06-07,Z04,35329,9326,34.71,56.88,46.55,Friday,0,0,6,Monsoon,477.32
2024-06-08,Z04,35186,9261,35.75,58.71,0.0,Saturday,1,0,6,Monsoon,536.32
2024-06-09,Z04,35522,9254,34.3,65.47,4.09,Sunday,1,0,6,Monsoon,548.44
2024-06-10,Z04,35272,9267,33.28,59.11,0.0,Monday,0,0,6,Monsoon,501.32
2024-06-11,Z04,35474,9346,29.08,57.27,0.0,Tuesday,0,0,6,Monsoon,499.92
2024-06-12,Z04,35371,9319,,66.36,0.0,Wednesday,0,0,6,Monsoon,530.15
2024-06-13,Z04,35419,9310,35.56,65.91,0.0,Thursday,0,0,6,Monsoon,528.53
2024-06-14,Z04,35277,9292,31.19,50.7,0.0,Friday,0,0,6,Monsoon,518.49
2024-06-15,Z04,35769,9275,35.81,65.13,15.56,Saturday,1,0,6,Monsoon,545.62
2024-06-16,Z04,34982,9334,35.71,62.02,7.96,Sunday,1,0,6,Monsoon,568.64
2024-06-17,Z04,35323,9291,34.65,63.84,12.67,Monday,0,0,6,Monsoon,463.53
2024-06-18,Z04,35570,9319,,63.89,0.0,Tuesday,0,0,6,Monsoon,511.87
2024-06-19,Z04,35059,9318,34.05,68.84,4.82,Wednesday,0,0,6,Monsoon,509.55
2024-06-20,Z04,34979,9297,35.22,62.79,2.06,Thursday,0,0,6,Monsoon,521.77
2024-06-21,Z04,35388,9318,33.38,61.85,20.94,Friday,0,0,6,Monsoon,499.48
2024-06-22,Z04,35705,9331,34.49,62.99,0.0,Saturday,1,0,6,Monsoon,541.86
2024-06-23,Z04,35528,9341,36.43,61.97,0.0,Sunday,1,0,6,Monsoon,516.54
2024-06-24,Z04,35328,9336,33.15,62.04,0.0,Monday,0,0,6,Monsoon,501.65
2024-06-25,Z04,35722,9333,32.13,66.95,0.0,Tuesday,0,0,6,Monsoon,508.63
2024-06-26,Z04,35685,9264,35.02,65.21,0.0,Wednesday,0,0,6,Monsoon,536.25
2024-06-27,Z04,35360,9385,,67.13,22.43,Thursday,0,0,6,Monsoon,497.51
2024-06-28,Z04,35327,9254,34.12,64.2,0.0,Friday,0,0,6,Monsoon,489.2
2024-06-29,Z04,35519,9328,31.92,66.77,0.0,Saturday,1,0,6,Monsoon,554.9
2024-06-30,Z04,35724,9368,34.11,65.82,0.0,Sunday,1,0,6,Monsoon,528.03
2024-07-01,Z04,35483,9386,31.47,73.18,0.0,Monday,0,0,7,Monsoon,512.62
2024-07-02,Z04,35943,9330,36.16,58.27,2.54,Tuesday,0,0,7,Monsoon,531.0
2024-07-03,Z04,35870,9387,33.53,60.66,0.0,Wednesday,0,0,7,Monsoon,542.43
2024-07-04,Z04,35616,9335,31.8,58.75,0.0,Thursday,0,0,7,Monsoon,507.83
2024-07-05,Z04,35407,9256,29.52,69.55,0.0,Friday,0,0,7,Monsoon,496.4
2024-07-06,Z04,35213,9283,35.75,61.87,0.0,Saturday,1,0,7,Monsoon,552.89
2024-07-07,Z04,35642,9317,36.41,66.88,4.19,Sunday,1,0,7,Monsoon,502.19
2024-07-08,Z04,35287,9299,30.91,65.06,0.0,Monday,0,0,7,Monsoon,539.2
2024-07-09,Z04,35315,9258,29.04,60.95,3.78,Tuesday,0,0,7,Monsoon,500.47
2024-07-10,Z04,35449,9284,33.87,56.81,0.0,Wednesday,0,0,7,Monsoon,529.64
2024-07-11,Z04,35556,9248,29.4,67.55,0.0,Thursday,0,0,7,Monsoon,495.5
2024-07-12,Z04,35085,9293,33.75,66.28,0.0,Friday,0,0,7,Monsoon,495.81
2024-07-13,Z04,35480,9305,34.42,62.98,8.84,Saturday,1,0,7,Monsoon,506.89
2024-07-14,Z04,35456,9252,35.27,63.37,30.97,Sunday,1,0,7,Monsoon,470.62
2024-07-15,Z04,35787,9286,32.68,62.16,13.27,Monday,0,0,7,Monsoon,505.75
2024-07-16,Z04,35685,9278,36.91,58.68,0.0,Tuesday,0,0,7,Monsoon,512.78
2024-07-17,Z04,35402,9310,33.48,59.99,0.0,Wednesday,0,0,7,Monsoon,495.37
2024-07-18,Z04,35631,9318,31.87,66.37,0.0,Thursday,0,0,7,Monsoon,511.34
2024-07-19,Z04,36109,9276,27.77,63.46,0.0,Friday,0,0,7,Monsoon,483.77
2024-07-20,Z04,35226,9282,34.97,63.17,10.61,Saturday,1,0,7,Monsoon,516.21
2024-07-21,Z04,35571,9292,34.22,63.88,11.1,Sunday,1,0,7,Monsoon,480.93
2024-07-22,Z04,35625,9328,30.67,53.51,0.0,Monday,0,0,7,Monsoon,504.4
2024-07-23,Z04,35653,9292,27.85,64.3,0.0,Tuesday,0,0,7,Monsoon,505.34
2024-07-24,Z04,35500,9326,34.76,61.97,12.91,Wednesday,0,0,7,Monsoon,488.47
2024-07-25,Z04,35397,9312,30.41,57.93,0.0,Thursday,0,0,7,Monsoon,504.04
2024-07-26,Z04,34886,9259,,62.49,2.6,Friday,0,0,7,Monsoon,506.26
2024-07-27,Z04,35092,9290,36.52,60.97,8.69,Saturday,1,0,7,Monsoon,517.59
2024-07-28,Z04,35552,9293,31.72,70.26,0.0,Sunday,1,0,7,Monsoon,532.43
2024-07-29,Z04,35272,9326,33.44,57.95,0.0,Monday,0,0,7,Monsoon,521.15
2024-07-30,Z04,35487,9346,36.99,65.56,12.0,Tuesday,0,0,7,Monsoon,485.28
2024-07-31,Z04,35499,9344,27.13,66.93,17.96,Wednesday,0,0,7,Monsoon,445.69
2024-08-01,Z04,35260,9347,32.95,61.22,3.66,Thursday,0,0,8,Monsoon,511.93
2024-08-02,Z04,35807,9357,32.18,63.75,0.0,Friday,0,0,8,Monsoon,505.25
2024-08-03,Z04,35955,9289,28.56,71.26,14.41,Saturday,1,0,8,Monsoon,466.0
2024-08-04,Z04,35835,9346,31.59,76.88,0.0,Sunday,1,0,8,Monsoon,488.12
2024-08-05,Z04,35877,9357,34.5,59.13,11.77,Monday,0,0,8,Monsoon,500.31
2024-08-06,Z04,35933,9336,30.21,60.5,0.0,Tuesday,0,0,8,Monsoon,474.47
2024-08-07,Z04,35406,9308,33.14,60.55,1.58,Wednesday,0,0,8,Monsoon,492.58
2024-08-08,Z04,35957,9352,31.48,66.15,2.88,Thursday,0,0,8,Monsoon,513.71
2024-08-09,Z04,35525,9335,30.86,75.75,7.39,Friday,0,0,8,Monsoon,484.69
2024-08-10,Z04,35239,9341,35.33,71.0,0.0,Saturday,1,0,8,Monsoon,486.28
2024-08-11,Z04,35736,9380,32.42,63.03,18.07,Sunday,1,0,8,Monsoon,468.24
2024-08-12,Z04,35914,9342,33.12,64.43,27.34,Monday,0,0,8,Monsoon,459.39
2024-08-13,Z04,35477,9268,49.32,63.66,0.74,Tuesday,0,0,8,Monsoon,523.6
2024-08-14,Z04,35480,9354,33.57,66.66,0.0,Wednesday,0,0,8,Monsoon,538.17
2024-08-15,Z04,35273,9369,30.68,65.51,20.87,Thursday,0,1,8,Monsoon,496.71
2024-08-16,Z04,35515,9374,31.22,62.64,6.05,Friday,0,0,8,Monsoon,473.52
2024-08-17,Z04,35851,9338,28.76,66.18,3.77,Saturday,1,0,8,Monsoon,515.25
2024-08-18,Z04,35548,9263,33.98,61.9,0.0,Sunday,1,0,8,Monsoon,526.0
2024-08-19,Z04,35193,9299,29.04,66.21,0.0,Monday,0,0,8,Monsoon,500.05
2024-08-20,Z04,35499,9323,29.71,65.7,0.0,Tuesday,0,0,8,Monsoon,483.29
2024-08-21,Z04,35723,9342,32.87,71.54,12.91,Wednesday,0,0,8,Monsoon,469.09
2024-08-22,Z04,35403,9316,28.99,66.04,1.49,Thursday,0,0,8,Monsoon,491.17
2024-08-23,Z04,34975,9353,27.21,71.04,0.0,Friday,0,0,8,Monsoon,468.13
2024-08-24,Z04,35487,9253,27.58,,0.0,Saturday,1,0,8,Monsoon,475.13
2024-08-25,Z04,35687,9361,29.05,68.27,19.32,Sunday,1,0,8,Monsoon,490.43
2024-08-26,Z04,35550,9300,31.99,57.1,9.96,Monday,0,0,8,Monsoon,499.92
2024-08-27,Z04,35502,9302,29.37,64.34,3.62,Tuesday,0,0,8,Monsoon,517.0
2024-08-28,Z04,35220,9315,25.08,67.57,3.14,Wednesday,0,0,8,Monsoon,467.29
2024-08-29,Z04,35910,9343,26.86,66.95,0.0,Thursday,0,0,8,Monsoon,483.28
2024-08-30,Z04,35545,9273,31.31,,0.0,Friday,0,0,8,Monsoon,474.6
2024-08-31,Z04,35673,9301,30.01,64.74,0.0,Saturday,1,0,8,Monsoon,521.76
2024-09-01,Z04,35482,9339,29.52,64.82,35.88,Sunday,1,0,9,Monsoon,483.41
2024-09-02,Z04,35690,9391,28.3,63.08,10.1,Monday,0,0,9,Monsoon,475.81
2024-09-03,Z04,35977,9321,27.62,70.87,27.5,Tuesday,0,0,9,Monsoon,455.51
2024-09-04,Z04,35013,9296,29.16,60.12,0.0,Wednesday,0,0,9,Monsoon,487.46
2024-09-05,Z04,35428,9360,29.86,71.46,0.0,Thursday,0,0,9,Monsoon,536.7
2024-09-06,Z04,35376,9331,31.65,60.44,8.89,Friday,0,0,9,Monsoon,470.62
2024-09-07,Z04,35422,9375,26.99,75.07,3.61,Saturday,1,0,9,Monsoon,508.46
2024-09-08,Z04,35530,9385,28.46,63.99,25.29,Sunday,1,0,9,Monsoon,468.7
2024-09-09,Z04,36007,9338,27.88,66.58,0.0,Monday,0,0,9,Monsoon,478.87
2024-09-10,Z04,35722,9327,30.75,64.73,25.36,Tuesday,0,0,9,Monsoon,459.25
2024-09-11,Z04,35861,9341,30.41,64.29,0.0,Wednesday,0,0,9,Monsoon,496.38
2024-09-12,Z04,35737,9297,27.94,71.36,24.98,Thursday,0,0,9,Monsoon,477.19
2024-09-13,Z04,35123,9321,30.07,60.19,1.5,Friday,0,0,9,Monsoon,463.66
2024-09-14,Z04,35415,9304,25.56,68.68,0.0,Saturday,1,0,9,Monsoon,493.08
2024-09-15,Z04,35651,9364,27.77,61.4,16.89,Sunday,1,0,9,Monsoon,476.8
2024-09-16,Z04,35175,9348,29.41,64.21,0.0,Monday,0,0,9,Monsoon,482.92
2024-09-17,Z04,35724,9324,33.42,61.85,0.0,Tuesday,0,0,9,Monsoon,728.45
2024-09-18,Z04,35868,9275,27.93,63.0,6.69,Wednesday,0,0,9,Monsoon,446.31
2024-09-19,Z04,35485,9321,28.47,68.6,48.07,Thursday,0,0,9,Monsoon,431.08
2024-09-20,Z04,35419,9311,32.83,60.92,0.0,Friday,0,0,9,Monsoon,472.3
2024-09-21,Z04,35278,9364,23.14,68.13,6.64,Saturday,1,0,9,Monsoon,470.98
2024-09-22,Z04,35746,9408,27.27,62.58,7.55,Sunday,1,0,9,Monsoon,499.31
2024-09-23,Z04,35779,9366,29.46,63.31,0.0,Monday,0,0,9,Monsoon,470.55
2024-09-24,Z04,35477,9347,25.08,69.57,6.91,Tuesday,0,0,9,Monsoon,465.24
2024-09-25,Z04,35139,9351,25.28,72.56,14.37,Wednesday,0,0,9,Monsoon,470.89
2024-09-26,Z04,35606,9312,24.22,66.08,15.97,Thursday,0,0,9,Monsoon,439.32
2024-09-27,Z04,35591,9312,26.84,68.35,7.98,Friday,0,0,9,Monsoon,499.46
2024-09-28,Z04,35816,9334,26.35,74.05,18.84,Saturday,1,0,9,Monsoon,462.3
2024-09-29,Z04,35919,9272,26.59,72.3,15.84,Sunday,1,0,9,Monsoon,482.67
2024-09-30,Z04,35365,9335,22.56,71.88,13.66,Monday,0,0,9,Monsoon,440.89
2024-10-01,Z04,35409,9357,26.21,61.8,12.65,Tuesday,0,0,10,Post-Monsoon,447.6
2024-10-02,Z04,35741,9353,26.23,75.56,4.66,Wednesday,0,1,10,Post-Monsoon,497.38
2024-10-03,Z04,35434,9351,27.63,59.0,9.7,Thursday,0,0,10,Post-Monsoon,473.13
2024-10-04,Z04,35861,9378,29.46,65.84,,Friday,0,0,10,Post-Monsoon,496.29
2024-10-05,Z04,35683,9312,23.74,78.25,0.0,Saturday,1,0,10,Post-Monsoon,509.95
2024-10-06,Z04,35331,9294,23.56,70.64,29.89,Sunday,1,0,10,Post-Monsoon,459.2
2024-10-07,Z04,35921,9320,25.04,60.88,23.28,Monday,0,0,10,Post-Monsoon,482.08
2024-10-08,Z04,35381,9352,21.78,65.35,10.4,Tuesday,0,0,10,Post-Monsoon,472.89
2024-10-09,Z04,35266,9390,18.71,70.92,,Wednesday,0,0,10,Post-Monsoon,452.67
2024-10-10,Z04,35367,9285,24.39,63.04,23.6,Thursday,0,0,10,Post-Monsoon,459.9
2024-10-11,Z04,35534,9372,25.08,77.6,17.09,Friday,0,0,10,Post-Monsoon,466.78
2024-10-12,Z04,35216,9292,24.76,69.78,9.51,Saturday,1,0,10,Post-Monsoon,478.9
2024-10-13,Z04,35556,9375,22.04,56.99,1.31,Sunday,1,0,10,Post-Monsoon,473.33
2024-10-14,Z04,36196,9336,23.62,72.26,23.27,Monday,0,0,10,Post-Monsoon,451.29
2024-10-15,Z04,35292,9339,20.31,74.63,0.0,Tuesday,0,0,10,Post-Monsoon,453.33
2024-10-16,Z04,35481,9377,21.63,67.5,0.0,Wednesday,0,0,10,Post-Monsoon,449.32
2024-10-17,Z04,35342,,24.77,75.74,0.0,Thursday,0,0,10,Post-Monsoon,469.47
2024-10-18,Z04,35395,9379,23.8,57.55,20.66,Friday,0,0,10,Post-Monsoon,405.3
2024-10-19,Z04,35748,9351,23.92,72.86,24.22,Saturday,1,0,10,Post-Monsoon,460.19
2024-10-20,Z04,35426,9300,23.41,71.57,20.35,Sunday,1,0,10,Post-Monsoon,456.88
2024-10-21,Z04,35589,9281,23.35,82.89,0.0,Monday,0,0,10,Post-Monsoon,469.33
2024-10-22,Z04,35081,9356,21.26,72.16,23.86,Tuesday,0,0,10,Post-Monsoon,415.09
2024-10-23,Z04,35694,9305,22.01,66.35,18.18,Wednesday,0,1,10,Post-Monsoon,457.64
2024-10-24,Z04,35558,9348,20.3,72.46,17.19,Thursday,0,0,10,Post-Monsoon,421.52
2024-10-25,Z04,35517,9343,21.11,70.66,23.66,Friday,0,0,10,Post-Monsoon,426.97
2024-10-26,Z04,35148,9351,24.39,63.72,8.86,Saturday,1,0,10,Post-Monsoon,493.49
2024-10-27,Z04,35789,9349,21.64,66.89,6.56,Sunday,1,0,10,Post-Monsoon,461.97
2024-10-28,Z04,35869,9342,27.12,68.8,0.0,Monday,0,0,10,Post-Monsoon,462.72
2024-10-29,Z04,36055,9343,21.25,67.27,0.0,Tuesday,0,0,10,Post-Monsoon,471.03
2024-10-30,Z04,35605,9360,21.25,66.13,0.26,Wednesday,0,0,10,Post-Monsoon,491.02
2024-10-31,Z04,35740,9360,19.46,72.99,3.17,Thursday,0,0,10,Post-Monsoon,457.94
2024-11-01,Z04,35400,9339,20.92,69.86,0.0,Friday,0,0,11,Post-Monsoon,466.77
2024-11-02,Z04,35528,9313,20.17,76.09,0.0,Saturday,1,0,11,Post-Monsoon,447.8
2024-11-03,Z04,35752,9299,21.13,66.76,0.0,Sunday,1,0,11,Post-Monsoon,507.61
2024-11-04,Z04,35173,9368,23.08,74.99,17.7,Monday,0,0,11,Post-Monsoon,461.62
2024-11-05,Z04,36014,9357,21.28,70.26,0.0,Tuesday,0,0,11,Post-Monsoon,448.1
2024-11-06,Z04,35939,9336,23.22,78.96,7.88,Wednesday,0,0,11,Post-Monsoon,434.39
2024-11-07,Z04,35851,9386,23.15,70.5,0.0,Thursday,0,0,11,Post-Monsoon,479.06
2024-11-08,Z04,35672,9315,22.7,75.55,13.31,Friday,0,0,11,Post-Monsoon,481.43
2024-11-09,Z04,35672,9395,22.93,58.82,18.04,Saturday,1,0,11,Post-Monsoon,491.68
2024-11-10,Z04,35395,9306,20.79,67.7,0.0,Sunday,1,0,11,Post-Monsoon,461.88
2024-11-11,Z04,35890,9372,22.31,68.3,0.0,Monday,0,0,11,Post-Monsoon,466.61
2024-11-12,Z04,35504,9279,20.83,69.0,5.62,Tuesday,0,0,11,Post-Monsoon,467.01
2024-11-13,Z04,35466,9306,21.8,76.23,5.98,Wednesday,0,0,11,Post-Monsoon,453.15
2024-11-14,Z04,35205,9306,21.89,68.01,0.0,Thursday,0,0,11,Post-Monsoon,452.33
2024-11-15,Z04,35324,9379,24.77,77.33,6.63,Friday,0,0,11,Post-Monsoon,482.6
2024-11-16,Z04,35650,9411,21.53,80.85,0.0,Saturday,1,0,11,Post-Monsoon,494.48
2024-11-17,Z04,35302,9372,24.09,79.32,1.11,Sunday,1,0,11,Post-Monsoon,503.82
2024-11-18,Z04,35603,9327,20.7,,0.0,Monday,0,0,11,Post-Monsoon,443.2
2024-11-19,Z04,35153,9409,22.65,58.95,8.05,Tuesday,0,0,11,Post-Monsoon,480.8
2024-11-20,Z04,35618,9322,19.58,70.56,0.0,Wednesday,0,0,11,Post-Monsoon,461.48
2024-11-21,Z04,35168,9318,20.73,77.65,10.24,Thursday,0,0,11,Post-Monsoon,449.99
2024-11-22,Z04,35661,9390,18.03,67.01,15.04,Friday,0,0,11,Post-Monsoon,419.13
2024-11-23,Z04,35533,9354,24.15,72.66,0.0,Saturday,1,0,11,Post-Monsoon,518.04
2024-11-24,Z04,35620,9289,20.33,72.34,1.38,Sunday,1,0,11,Post-Monsoon,493.61
2024-11-25,Z04,35662,9386,21.5,74.29,14.9,Monday,0,0,11,Post-Monsoon,462.97
2024-11-26,Z04,35736,9331,21.28,64.81,13.71,Tuesday,0,0,11,Post-Monsoon,466.89
2024-11-27,Z04,35181,9312,18.36,78.72,3.92,Wednesday,0,0,11,Post-Monsoon,477.01
2024-11-28,Z04,35299,9288,20.28,70.11,12.63,Thursday,0,0,11,Post-Monsoon,414.59
2024-11-29,Z04,35813,9304,20.38,,0.0,Friday,0,0,11,Post-Monsoon,429.14
2024-11-30,Z04,35794,9368,19.44,66.91,2.76,Saturday,1,0,11,Post-Monsoon,475.39
2024-12-01,Z04,35809,9310,16.92,68.91,0.0,Sunday,1,0,12,Winter,481.58
2024-12-02,Z04,35279,9313,19.32,67.62,12.67,Monday,0,0,12,Winter,469.74
2024-12-03,Z04,35222,9234,17.61,74.2,1.64,Tuesday,0,0,12,Winter,471.36
2024-12-04,Z04,35799,9395,21.21,71.88,0.0,Wednesday,0,0,12,Winter,488.47
2024-12-05,Z04,35528,9367,23.02,66.4,8.68,Thursday,0,0,12,Winter,455.15
2024-12-06,Z04,35540,9307,19.87,76.82,2.12,Friday,0,0,12,Winter,437.14
2024-12-07,Z04,35949,9385,20.12,78.42,6.38,Saturday,1,0,12,Winter,464.56
2024-12-08,Z04,35117,9354,19.53,68.1,6.1,Sunday,1,0,12,Winter,499.75
2024-12-09,Z04,35781,9356,20.85,69.61,0.0,Monday,0,0,12,Winter,475.68
2024-12-10,Z04,35678,9367,18.48,64.14,18.09,Tuesday,0,0,12,Winter,467.57
2024-12-11,Z04,35502,9349,17.58,,8.17,Wednesday,0,0,12,Winter,437.33
2024-12-12,Z04,35762,9320,18.7,71.21,0.0,Thursday,0,0,12,Winter,485.67
2024-12-13,Z04,35569,9323,20.35,67.51,24.49,Friday,0,0,12,Winter,429.32
2024-12-14,Z04,35938,9347,22.49,68.14,14.12,Saturday,1,0,12,Winter,451.5
2024-12-15,Z04,35838,9387,24.86,,0.0,Sunday,1,0,12,Winter,484.06
2024-12-16,Z04,35446,9364,18.68,70.91,23.1,Monday,0,0,12,Winter,449.61
2024-12-17,Z04,35430,9369,17.9,,133.84,Tuesday,0,0,12,Winter,469.35
2024-12-18,Z04,35473,9327,18.41,70.43,0.0,Wednesday,0,0,12,Winter,438.39
2024-12-19,Z04,35611,9325,21.95,66.08,4.95,Thursday,0,0,12,Winter,471.45
2024-12-20,Z04,35691,9286,18.81,72.96,0.0,Friday,0,0,12,Winter,501.82
2024-12-21,Z04,35811,9379,20.29,71.64,0.0,Saturday,1,0,12,Winter,454.19
2024-12-22,Z04,35683,9372,20.14,74.94,28.42,Sunday,1,0,12,Winter,450.71
2024-12-23,Z04,35448,9378,19.33,71.04,0.0,Monday,0,0,12,Winter,460.96
2024-12-24,Z04,35368,9272,18.42,71.52,21.55,Tuesday,0,0,12,Winter,435.18
2024-12-25,Z04,35258,9351,16.91,69.7,13.46,Wednesday,0,1,12,Winter,456.47
2024-12-26,Z04,35515,9361,21.51,73.96,15.25,Thursday,0,0,12,Winter,473.98
2024-12-27,Z04,35528,9396,19.1,63.85,0.0,Friday,0,0,12,Winter,494.32
2024-12-28,Z04,35607,9331,19.75,68.52,0.0,Saturday,1,0,12,Winter,485.38
2024-12-29,Z04,35903,9354,19.39,72.31,0.0,Sunday,1,0,12,Winter,466.08
2024-12-30,Z04,35519,9338,18.74,67.59,0.0,Monday,0,0,12,Winter,462.51
2024-12-31,Z04,35616,9314,20.53,63.97,8.6,Tuesday,0,0,12,Winter,481.71
2025-01-01,Z04,35469,9311,24.47,65.94,0.0,Wednesday,0,1,1,Winter,550.61
2025-01-02,Z04,35179,9313,20.47,70.17,0.0,Thursday,0,0,1,Winter,468.82
2025-01-03,Z04,35917,9366,19.08,69.42,0.0,Friday,0,0,1,Winter,506.34
2025-01-04,Z04,35865,9343,16.99,62.39,0.0,Saturday,1,0,1,Winter,518.89
2025-01-05,Z04,35534,9292,21.8,69.2,0.0,Sunday,1,0,1,Winter,500.08
2025-01-06,Z04,35728,9317,20.98,66.44,0.0,Monday,0,0,1,Winter,495.3
2025-01-07,Z04,35458,9364,21.22,71.95,0.0,Tuesday,0,0,1,Winter,488.79
2025-01-08,Z04,35697,9340,18.25,77.04,1.19,Wednesday,0,0,1,Winter,488.1
2025-01-09,Z04,35402,9448,19.76,75.67,0.0,Thursday,0,0,1,Winter,467.1
2025-01-10,Z04,36106,9372,25.2,64.63,10.41,Friday,0,0,1,Winter,491.82
2025-01-11,Z04,35571,9373,16.89,67.55,0.0,Saturday,1,0,1,Winter,512.51
2025-01-12,Z04,35662,9370,22.47,61.91,0.0,Sunday,1,0,1,Winter,501.44
2025-01-13,Z04,35066,9312,20.57,74.96,0.0,Monday,0,0,1,Winter,466.02
2025-01-14,Z04,35513,9387,20.21,64.48,0.0,Tuesday,0,1,1,Winter,523.25
2025-01-15,Z04,35694,9345,21.94,64.9,24.09,Wednesday,0,0,1,Winter,454.89
2025-01-16,Z04,35346,9333,22.08,68.41,0.0,Thursday,0,0,1,Winter,477.29
2025-01-17,Z04,36113,9335,18.99,68.32,0.0,Friday,0,0,1,Winter,490.68
2025-01-18,Z04,35847,9311,18.97,67.13,5.52,Saturday,1,0,1,Winter,496.15
2025-01-19,Z04,35903,9366,19.58,71.28,0.0,Sunday,1,0,1,Winter,454.93
2025-01-20,Z04,35854,9360,20.21,63.35,0.0,Monday,0,0,1,Winter,486.8
2025-01-21,Z04,35599,9341,18.83,71.94,0.0,Tuesday,0,0,1,Winter,469.9
2025-01-22,Z04,35750,9356,16.21,69.18,0.0,Wednesday,0,0,1,Winter,475.41
2025-01-23,Z04,35710,9348,20.23,70.79,9.17,Thursday,0,0,1,Winter,466.71
2025-01-24,Z04,35657,9398,20.16,71.27,0.0,Friday,0,0,1,Winter,479.64
2025-01-25,Z04,35287,9334,21.11,72.32,0.0,Saturday,1,0,1,Winter,502.32
2025-01-26,Z04,35354,9376,21.42,70.14,4.12,Sunday,1,1,1,Winter,522.76
2025-01-27,Z04,35573,9358,20.03,72.65,0.0,Monday,0,0,1,Winter,471.81
2025-01-28,Z04,35767,9305,21.64,64.62,0.0,Tuesday,0,0,1,Winter,427.01
2025-01-29,Z04,35785,9356,19.29,80.25,6.39,Wednesday,0,0,1,Winter,437.48
2025-01-30,Z04,35265,9383,23.75,68.11,24.91,Thursday,0,0,1,Winter,461.17
2025-01-31,Z04,35656,9353,19.12,77.25,0.0,Friday,0,0,1,Winter,494.58
2025-02-01,Z04,36050,9323,19.74,68.2,0.0,Saturday,1,0,2,Winter,496.21
2025-02-02,Z04,35611,9357,23.62,68.74,0.0,Sunday,1,0,2,Winter,521.36
2025-02-03,Z04,35618,9395,,72.52,0.0,Monday,0,0,2,Winter,486.93
2025-02-04,Z04,35730,9332,19.18,72.87,0.0,Tuesday,0,0,2,Winter,486.74
2025-02-05,Z04,35561,9371,21.49,68.18,25.42,Wednesday,0,0,2,Winter,496.63
2025-02-06,Z04,35750,9388,17.59,72.83,0.0,Thursday,0,0,2,Winter,489.2
2025-02-07,Z04,35379,9346,20.7,74.83,0.0,Friday,0,0,2,Winter,520.72
2025-02-08,Z04,35447,9335,20.43,64.95,0.0,Saturday,1,0,2,Winter,518.71
2025-02-09,Z04,35879,9410,23.12,74.89,0.0,Sunday,1,0,2,Winter,505.68
2025-02-10,Z04,35672,9412,20.65,67.17,6.47,Monday,0,0,2,Winter,474.97
2025-02-11,Z04,35979,9326,24.37,74.54,12.63,Tuesday,0,0,2,Winter,601.7
2025-02-12,Z04,35783,9349,22.9,69.73,36.82,Wednesday,0,0,2,Winter,449.75
2025-02-13,Z04,35989,9364,22.34,69.36,0.0,Thursday,0,0,2,Winter,480.9
2025-02-14,Z04,35780,9390,21.68,65.73,14.43,Friday,0,0,2,Winter,483.48
2025-02-15,Z04,35787,9329,21.81,70.12,0.0,Saturday,1,0,2,Winter,490.16
2025-02-16,Z04,35962,9443,24.14,71.51,0.0,Sunday,1,0,2,Winter,514.4
2025-02-17,Z04,35962,9391,21.66,71.36,7.75,Monday,0,0,2,Winter,463.06
2025-02-18,Z04,35760,9347,23.58,65.12,0.0,Tuesday,0,0,2,Winter,497.65
2025-02-19,Z04,35390,9356,20.92,,0.0,Wednesday,0,0,2,Winter,517.44
2025-02-20,Z04,35773,9364,24.66,73.93,0.0,Thursday,0,0,2,Winter,529.3
2025-02-21,Z04,35775,9389,21.89,69.51,0.0,Friday,0,0,2,Winter,491.26
2025-02-22,Z04,35541,9350,24.89,63.52,0.0,Saturday,1,0,2,Winter,528.28
2025-02-23,Z04,35788,9399,24.71,63.0,0.0,Sunday,1,0,2,Winter,531.81
2025-02-24,Z04,35680,9357,24.09,62.34,4.71,Monday,0,0,2,Winter,499.27
2025-02-25,Z04,35555,9394,22.41,65.82,0.0,Tuesday,0,0,2,Winter,481.07
2025-02-26,Z04,35789,9337,25.52,68.19,0.0,Wednesday,0,0,2,Winter,504.74
2025-02-27,Z04,35157,9436,23.19,60.47,19.05,Thursday,0,0,2,Winter,481.3
2025-02-28,Z04,35682,9470,27.06,67.23,0.0,Friday,0,0,2,Winter,507.74
2025-03-01,Z04,35772,9352,21.88,75.91,2.33,Saturday,1,0,3,Summer,530.53
2025-03-02,Z04,35459,9401,24.78,69.94,0.0,Sunday,1,0,3,Summer,448.48
2025-03-03,Z04,35767,9359,26.17,72.91,0.0,Monday,0,0,3,Summer,503.48
2025-03-04,Z04,35247,9320,26.1,65.8,0.0,Tuesday,0,0,3,Summer,497.23
2025-03-05,Z04,35865,9370,27.08,56.0,0.0,Wednesday,0,0,3,Summer,505.82
2025-03-06,Z04,35973,9353,26.2,8.31,0.0,Thursday,0,0,3,Summer,482.47
2025-03-07,Z04,35732,9406,23.69,65.84,0.0,Friday,0,0,3,Summer,501.64
2025-03-08,Z04,35098,9331,25.35,67.0,19.19,Saturday,1,0,3,Summer,471.96
2025-03-09,Z04,35635,9359,28.01,68.8,0.0,Sunday,1,0,3,Summer,537.88
2025-03-10,Z04,35466,9337,25.22,61.91,11.11,Monday,0,0,3,Summer,486.73
2025-03-11,Z04,35874,9365,25.99,74.34,0.0,Tuesday,0,0,3,Summer,493.64
2025-03-12,Z04,35744,9385,27.58,63.08,6.07,Wednesday,0,0,3,Summer,492.62
2025-03-13,Z04,35677,9349,22.59,69.36,0.0,Thursday,0,0,3,Summer,528.99
2025-03-14,Z04,35788,9368,24.96,65.48,0.0,Friday,0,0,3,Summer,521.27
2025-03-15,Z04,35330,9327,28.4,57.71,14.03,Saturday,1,0,3,Summer,506.97
2025-03-16,Z04,35672,9319,23.98,60.14,0.0,Sunday,1,0,3,Summer,545.79
2025-03-17,Z04,35608,9319,24.41,63.22,0.0,Monday,0,0,3,Summer,528.11
2025-03-18,Z04,35523,9291,24.3,74.16,0.0,Tuesday,0,0,3,Summer,495.57
2025-03-19,Z04,35458,9328,30.9,73.84,0.0,Wednesday,0,0,3,Summer,491.65
2025-03-20,Z04,35610,9392,28.59,60.43,7.55,Thursday,0,0,3,Summer,505.84
2025-03-21,Z04,35057,9396,25.34,68.12,0.0,Friday,0,0,3,Summer,496.27
2025-03-22,Z04,35555,9355,25.02,68.42,0.0,Saturday,1,0,3,Summer,533.71
2025-03-23,Z04,35413,9366,26.75,65.98,0.0,Sunday,1,0,3,Summer,537.43
2025-03-24,Z04,35619,9360,27.29,72.79,0.0,Monday,0,0,3,Summer,471.56
2025-03-25,Z04,35363,9266,30.97,68.01,8.03,Tuesday,0,0,3,Summer,502.54
2025-03-26,Z04,35699,9370,27.68,74.02,0.0,Wednesday,0,0,3,Summer,497.74
2025-03-27,Z04,35774,9366,27.62,61.39,0.0,Thursday,0,0,3,Summer,494.03
2025-03-28,Z04,35486,9406,30.94,59.51,7.85,Friday,0,0,3,Summer,519.7
2025-03-29,Z04,35677,9364,31.14,61.17,0.0,Saturday,1,0,3,Summer,554.74
2025-03-30,Z04,35580,9420,23.9,62.92,0.0,Sunday,1,0,3,Summer,509.11
2025-03-31,Z04,35538,9345,29.47,70.41,0.0,Monday,0,0,3,Summer,539.63
2025-04-01,Z04,35675,9420,30.27,72.71,,Tuesday,0,0,4,Summer,546.43
2025-04-02,Z04,35806,9419,26.85,57.79,0.0,Wednesday,0,0,4,Summer,527.69
2025-04-03,Z04,35617,9300,28.97,63.46,10.53,Thursday,0,0,4,Summer,513.74
2025-04-04,Z04,35739,9367,28.77,67.07,0.0,Friday,0,0,4,Summer,530.54
2025-04-05,Z04,36122,9348,28.04,75.0,0.0,Saturday,1,0,4,Summer,554.22
2025-04-06,Z04,35603,9408,29.94,58.01,0.0,Sunday,1,0,4,Summer,527.21
2025-04-07,Z04,36099,9439,29.73,63.46,0.0,Monday,0,0,4,Summer,511.49
2025-04-08,Z04,35960,9385,31.13,62.68,0.0,Tuesday,0,0,4,Summer,489.03
2025-04-09,Z04,35610,9392,29.27,68.35,2.2,Wednesday,0,0,4,Summer,514.53
2025-04-10,Z04,35919,9410,29.62,66.71,0.0,Thursday,0,0,4,Summer,499.22
2025-04-11,Z04,35594,9328,28.93,64.5,0.0,Friday,0,0,4,Summer,519.16
2025-04-12,Z04,35808,9372,28.92,65.9,0.0,Saturday,1,0,4,Summer,588.61
2025-04-13,Z04,35434,9337,30.24,66.69,0.0,Sunday,1,0,4,Summer,560.11
2025-04-14,Z04,35901,9417,25.55,71.08,0.0,Monday,0,0,4,Summer,519.25
2025-04-15,Z04,35660,9333,31.98,58.31,0.0,Tuesday,0,0,4,Summer,503.24
2025-04-16,Z04,36119,9458,26.79,63.57,0.0,Wednesday,0,0,4,Summer,561.95
2025-04-17,Z04,35938,9386,27.74,57.37,0.0,Thursday,0,0,4,Summer,561.94
2025-04-18,Z04,35933,9326,29.59,69.73,0.0,Friday,0,0,4,Summer,520.96
2025-04-19,Z04,35877,9390,31.72,69.23,0.0,Saturday,1,0,4,Summer,570.18
2025-04-20,Z04,35828,9307,28.96,77.7,0.0,Sunday,1,0,4,Summer,548.81
2025-04-21,Z04,35398,9367,30.42,75.03,0.0,Monday,0,0,4,Summer,528.98
2025-04-22,Z04,35862,9331,26.82,70.8,2.68,Tuesday,0,0,4,Summer,526.44
2025-04-23,Z04,35774,9368,30.7,62.38,0.0,Wednesday,0,0,4,Summer,538.48
2025-04-24,Z04,35591,9399,32.21,58.97,0.0,Thursday,0,0,4,Summer,524.42
2025-04-25,Z04,36034,9390,35.29,64.37,0.0,Friday,0,0,4,Summer,542.81
2025-04-26,Z04,35757,9343,30.6,61.76,0.0,Saturday,1,0,4,Summer,507.84
2025-04-27,Z04,35297,9393,30.36,56.4,0.0,Sunday,1,0,4,Summer,498.56
2025-04-28,Z04,35850,9426,28.04,63.95,0.0,Monday,0,0,4,Summer,543.99
2025-04-29,Z04,36319,9361,32.1,62.98,0.0,Tuesday,0,0,4,Summer,530.02
2025-04-30,Z04,35549,9327,32.32,60.71,0.0,Wednesday,0,0,4,Summer,546.57
2025-05-01,Z04,35572,9345,33.84,65.28,0.0,Thursday,0,0,5,Summer,497.92
2025-05-02,Z04,36176,9429,30.22,63.05,4.4,Friday,0,0,5,Summer,548.26
2025-05-03,Z04,35402,9413,30.57,55.5,6.48,Saturday,1,0,5,Summer,540.4
2025-05-04,Z04,35623,9363,,68.61,0.0,Sunday,1,0,5,Summer,560.57
2025-05-05,Z04,35393,9456,30.81,66.76,0.0,Monday,0,0,5,Summer,544.44
2025-05-06,Z04,36104,9443,33.11,64.82,0.0,Tuesday,0,0,5,Summer,536.16
2025-05-07,Z04,35707,9414,30.23,73.19,0.0,Wednesday,0,0,5,Summer,512.86
2025-05-08,Z04,35792,9319,31.18,54.26,5.78,Thursday,0,0,5,Summer,502.37
2025-05-09,Z04,36012,9453,30.38,70.57,1.46,Friday,0,0,5,Summer,471.43
2025-05-10,Z04,35418,9385,37.45,70.26,0.0,Saturday,1,0,5,Summer,546.19
2025-05-11,Z04,35437,9416,37.85,65.49,0.0,Sunday,1,0,5,Summer,590.58
2025-05-12,Z04,35761,9348,35.04,57.96,0.0,Monday,0,0,5,Summer,558.8
2025-05-13,Z04,35509,9375,30.75,66.09,4.64,Tuesday,0,0,5,Summer,531.15
2025-05-14,Z04,35279,9422,31.71,75.19,0.0,Wednesday,0,0,5,Summer,534.13
2025-05-15,Z04,35752,9503,31.98,71.14,23.78,Thursday,0,0,5,Summer,539.47
2025-05-16,Z04,35625,9414,33.04,58.54,0.0,Friday,0,0,5,Summer,569.37
2025-05-17,Z04,35540,9363,35.74,60.61,7.68,Saturday,1,0,5,Summer,566.05
2025-05-18,Z04,35524,9381,33.08,66.49,0.0,Sunday,1,0,5,Summer,545.85
2025-05-19,Z04,35651,9350,29.5,66.54,10.29,Monday,0,0,5,Summer,491.42
2025-05-20,Z04,35738,9399,33.66,65.97,0.0,Tuesday,0,0,5,Summer,547.0
2025-05-21,Z04,35260,9420,32.47,64.93,0.0,Wednesday,0,0,5,Summer,572.84
2025-05-22,Z04,36069,9398,29.32,76.14,15.5,Thursday,0,0,5,Summer,495.45
2025-05-23,Z04,35655,9434,34.18,52.61,0.0,Friday,0,0,5,Summer,548.35
2025-05-24,Z04,35492,9362,32.59,66.26,0.0,Saturday,1,0,5,Summer,508.17
2025-05-25,Z04,35821,9390,32.49,71.63,0.0,Sunday,1,0,5,Summer,543.69
2025-05-26,Z04,35893,9429,31.72,59.65,0.0,Monday,0,0,5,Summer,511.07
2025-05-27,Z04,35496,9399,36.5,59.18,0.0,Tuesday,0,0,5,Summer,547.9
2025-05-28,Z04,35520,9396,31.05,61.34,13.25,Wednesday,0,0,5,Summer,508.27
2025-05-29,Z04,35531,9412,33.34,72.49,20.85,Thursday,0,0,5,Summer,507.85
2025-05-30,Z04,35677,9366,32.39,65.35,0.0,Friday,0,0,5,Summer,514.29
2025-05-31,Z04,35640,9358,32.17,65.35,10.31,Saturday,1,0,5,Summer,518.32
2025-06-01,Z04,35530,9312,34.3,60.17,0.0,Sunday,1,0,6,Monsoon,543.29
2025-06-02,Z04,35681,9378,35.95,51.88,0.0,Monday,0,0,6,Monsoon,519.82
2025-06-03,Z04,35587,9365,35.64,62.67,7.37,Tuesday,0,0,6,Monsoon,540.15
2025-06-04,Z04,35404,9443,32.38,60.81,15.81,Wednesday,0,0,6,Monsoon,501.14
2025-06-05,Z04,35552,9384,37.15,55.75,0.0,Thursday,0,0,6,Monsoon,558.58
2025-06-06,Z04,35932,9340,34.43,62.23,0.0,Friday,0,0,6,Monsoon,543.54
2025-06-07,Z04,35781,9388,35.22,59.02,0.0,Saturday,1,0,6,Monsoon,569.08
2025-06-08,Z04,35762,9358,33.93,68.82,0.0,Sunday,1,0,6,Monsoon,543.31
2025-06-09,Z04,35641,9336,34.19,61.63,0.0,Monday,0,0,6,Monsoon,550.34
2025-06-10,Z04,36156,9418,36.66,58.04,9.96,Tuesday,0,0,6,Monsoon,531.8
2025-06-11,Z04,35361,9349,37.18,63.81,7.12,Wednesday,0,0,6,Monsoon,496.68
2025-06-12,Z04,35816,9373,32.34,70.23,8.92,Thursday,0,0,6,Monsoon,505.17
2025-06-13,Z04,35360,9391,35.86,62.59,26.34,Friday,0,0,6,Monsoon,566.2
2025-06-14,Z04,35598,9370,32.83,77.09,0.0,Saturday,1,0,6,Monsoon,564.21
2025-06-15,Z04,36141,9375,34.08,54.65,26.22,Sunday,1,0,6,Monsoon,533.14
2025-06-16,Z04,35875,9378,36.65,63.9,0.0,Monday,0,0,6,Monsoon,560.72
2025-06-17,Z04,35710,9350,33.39,73.76,3.71,Tuesday,0,0,6,Monsoon,528.2
2025-06-18,Z04,35841,9404,30.0,71.19,21.51,Wednesday,0,0,6,Monsoon,505.22
2025-06-19,Z04,35980,9390,34.56,65.62,16.24,Thursday,0,0,6,Monsoon,500.1
2025-06-20,Z04,36035,9364,38.48,62.71,2.88,Friday,0,0,6,Monsoon,529.81
2025-06-21,Z04,35641,9438,34.93,58.99,27.45,Saturday,1,0,6,Monsoon,526.45
2025-06-22,Z04,34867,9434,32.29,62.82,28.07,Sunday,1,0,6,Monsoon,520.5
2025-06-23,Z04,36080,9444,34.21,60.07,11.38,Monday,0,0,6,Monsoon,500.24
2025-06-24,Z04,35535,9405,30.85,65.69,11.27,Tuesday,0,0,6,Monsoon,519.49
2025-06-25,Z04,35595,9400,34.41,64.51,3.15,Wednesday,0,0,6,Monsoon,498.61
2025-06-26,Z04,35563,9380,36.23,57.45,0.0,Thursday,0,0,6,Monsoon,525.54
2025-06-27,Z04,35842,9381,32.17,62.82,13.85,Friday,0,0,6,Monsoon,521.66
2025-06-28,Z04,36127,9467,35.81,59.9,35.34,Saturday,1,0,6,Monsoon,476.05
2025-06-29,Z04,35865,9361,32.47,74.37,0.0,Sunday,1,0,6,Monsoon,544.96
2025-06-30,Z04,35954,9372,29.44,52.09,19.7,Monday,0,0,6,Monsoon,503.84
2025-07-01,Z04,36075,9398,34.43,63.47,0.0,Tuesday,0,0,7,Monsoon,493.96
2025-07-02,Z04,35634,9376,32.78,57.7,0.0,Wednesday,0,0,7,Monsoon,525.94
2025-07-03,Z04,35990,9379,30.77,72.17,0.0,Thursday,0,0,7,Monsoon,526.24
2025-07-04,Z04,35495,9374,35.88,72.18,0.0,Friday,0,0,7,Monsoon,514.1
2025-07-05,Z04,35575,9404,32.92,65.68,7.41,Saturday,1,0,7,Monsoon,538.97
2025-07-06,Z04,35953,9364,33.33,67.28,0.0,Sunday,1,0,7,Monsoon,508.55
2025-07-07,Z04,35530,9425,37.43,49.24,0.0,Monday,0,0,7,Monsoon,538.05
2025-07-08,Z04,35969,9396,32.62,59.37,0.0,Tuesday,0,0,7,Monsoon,503.76
2025-07-09,Z04,35831,9388,32.34,59.55,0.0,Wednesday,0,0,7,Monsoon,505.75
2025-07-10,Z04,35904,9441,31.25,70.68,11.87,Thursday,0,0,7,Monsoon,497.35
2025-07-11,Z04,35768,9395,34.48,63.87,5.57,Friday,0,0,7,Monsoon,503.26
2025-07-12,Z04,35991,9378,34.82,64.81,0.0,Saturday,1,0,7,Monsoon,565.82
2025-07-13,Z04,35739,9391,33.66,56.35,0.0,Sunday,1,0,7,Monsoon,546.96
2025-07-14,Z04,35552,9381,39.23,64.86,4.84,Monday,0,0,7,Monsoon,496.86
2025-07-15,Z04,35866,9345,34.16,66.16,0.0,Tuesday,0,0,7,Monsoon,503.8
2025-07-16,Z04,35654,9384,34.35,61.02,30.59,Wednesday,0,0,7,Monsoon,475.95
2025-07-17,Z04,35821,9412,32.87,62.39,10.86,Thursday,0,0,7,Monsoon,506.77
2025-07-18,Z04,35554,9395,32.07,61.05,0.0,Friday,0,0,7,Monsoon,508.46
2025-07-19,Z04,35900,9367,35.48,59.6,0.0,Saturday,1,0,7,Monsoon,546.71
2025-07-20,Z04,35752,9405,32.65,59.83,21.64,Sunday,1,0,7,Monsoon,534.26
2025-07-21,Z04,35636,9380,36.78,67.29,0.0,Monday,0,0,7,Monsoon,551.21
2025-07-22,Z04,35683,9415,33.68,63.12,3.01,Tuesday,0,0,7,Monsoon,546.5
2025-07-23,Z04,35418,9454,36.23,64.85,13.3,Wednesday,0,0,7,Monsoon,489.94
2025-07-24,Z04,35748,9380,31.7,64.35,6.29,Thursday,0,0,7,Monsoon,497.02
2025-07-25,Z04,35730,9406,46.79,77.21,15.57,Friday,0,0,7,Monsoon,513.53
2025-07-26,Z04,35972,9383,33.12,67.27,2.88,Saturday,1,0,7,Monsoon,555.86
2025-07-27,Z04,35642,9422,31.11,64.12,0.0,Sunday,1,0,7,Monsoon,542.19
2025-07-28,Z04,35839,9394,28.27,60.11,0.0,Monday,0,0,7,Monsoon,487.95
2025-07-29,Z04,35444,9372,32.5,69.15,0.0,Tuesday,0,0,7,Monsoon,502.3
2025-07-30,Z04,35396,9400,34.34,63.36,0.0,Wednesday,0,0,7,Monsoon,537.82
2025-07-31,Z04,35690,9379,29.44,59.43,0.0,Thursday,0,0,7,Monsoon,533.72
2025-08-01,Z04,35771,9343,30.32,66.8,1.08,Friday,0,0,8,Monsoon,496.43
2025-08-02,Z04,35786,9395,33.04,62.58,20.52,Saturday,1,0,8,Monsoon,488.0
2025-08-03,Z04,35617,9396,31.17,63.08,0.0,Sunday,1,0,8,Monsoon,498.59
2025-08-04,Z04,36022,9393,33.93,61.43,14.16,Monday,0,0,8,Monsoon,491.74
2025-08-05,Z04,35435,9388,33.88,68.72,0.0,Tuesday,0,0,8,Monsoon,529.68
2025-08-06,Z04,35331,9390,33.13,68.24,4.05,Wednesday,0,0,8,Monsoon,494.59
2025-08-07,Z04,35627,9401,31.58,63.29,6.14,Thursday,0,0,8,Monsoon,601.54
2025-08-08,Z04,35912,9388,32.56,62.95,0.0,Friday,0,0,8,Monsoon,535.31
2025-08-09,Z04,35321,9364,31.32,62.47,0.0,Saturday,1,0,8,Monsoon,522.37
2025-08-10,Z04,35792,9426,33.25,63.47,13.34,Sunday,1,0,8,Monsoon,498.66
2025-08-11,Z04,35761,9455,34.13,65.08,0.0,Monday,0,0,8,Monsoon,512.55
2025-08-12,Z04,35911,9419,28.08,66.1,28.38,Tuesday,0,0,8,Monsoon,436.48
2025-08-13,Z04,35677,9450,30.01,70.94,15.48,Wednesday,0,0,8,Monsoon,480.64
2025-08-14,Z04,36125,9376,28.03,58.4,0.0,Thursday,0,0,8,Monsoon,485.84
2025-08-15,Z04,35706,9442,30.26,70.67,3.36,Friday,0,1,8,Monsoon,529.52
2025-08-16,Z04,35801,9420,27.56,69.6,6.11,Saturday,1,0,8,Monsoon,515.69
2025-08-17,Z04,35466,9362,30.57,64.6,9.41,Sunday,1,0,8,Monsoon,512.42
2025-08-18,Z04,35600,9455,33.18,68.34,0.0,Monday,0,0,8,Monsoon,521.33
2025-08-19,Z04,35780,9461,29.69,66.99,2.29,Tuesday,0,0,8,Monsoon,511.03
2025-08-20,Z04,35788,9355,29.66,58.51,17.18,Wednesday,0,0,8,Monsoon,502.45
2025-08-21,Z04,35150,9471,28.73,67.03,0.0,Thursday,0,0,8,Monsoon,505.0
2025-08-22,Z04,35787,9356,35.48,66.44,35.13,Friday,0,0,8,Monsoon,483.41
2025-08-23,Z04,35872,9418,25.53,60.5,8.27,Saturday,1,0,8,Monsoon,517.96
2025-08-24,Z04,35695,9461,34.3,62.28,0.0,Sunday,1,0,8,Monsoon,553.95
2025-08-25,Z04,35798,9380,27.88,60.08,10.36,Monday,0,0,8,Monsoon,497.56
2025-08-26,Z04,35611,9476,27.22,68.08,0.0,Tuesday,0,0,8,Monsoon,483.54
2025-08-27,Z04,35789,9373,30.95,64.99,4.52,Wednesday,0,0,8,Monsoon,509.17
2025-08-28,Z04,35435,9338,31.93,69.33,0.0,Thursday,0,0,8,Monsoon,500.9
2025-08-29,Z04,36033,9402,28.83,61.3,0.0,Friday,0,0,8,Monsoon,507.14
2025-08-30,Z04,35705,9397,31.01,58.32,0.0,Saturday,1,0,8,Monsoon,501.33
2025-08-31,Z04,35856,9367,31.14,72.45,23.03,Sunday,1,0,8,Monsoon,474.65
2025-09-01,Z04,35769,9373,32.05,66.22,5.55,Monday,0,0,9,Monsoon,489.11
2025-09-02,Z04,35633,9411,30.21,75.53,12.08,Tuesday,0,0,9,Monsoon,456.62
2025-09-03,Z04,35531,9439,32.41,59.95,29.55,Wednesday,0,0,9,Monsoon,459.98
2025-09-04,Z04,36104,9438,25.44,61.41,13.2,Thursday,0,0,9,Monsoon,461.44
2025-09-05,Z04,36163,9405,27.37,65.46,26.07,Friday,0,0,9,Monsoon,446.74
2025-09-06,Z04,36188,9355,28.16,72.26,6.66,Saturday,1,0,9,Monsoon,501.64
2025-09-07,Z04,35806,9419,27.53,62.87,4.04,Sunday,1,0,9,Monsoon,482.83
2025-09-08,Z04,35690,9381,31.13,64.49,5.05,Monday,0,0,9,Monsoon,504.4
2025-09-09,Z04,35743,9398,28.53,67.15,28.32,Tuesday,0,0,9,Monsoon,463.73
2025-09-10,Z04,35886,9371,28.14,77.89,11.66,Wednesday,0,0,9,Monsoon,436.44
2025-09-11,Z04,35767,9396,27.54,69.87,0.0,Thursday,0,0,9,Monsoon,491.55
2025-09-12,Z04,35567,9465,29.41,61.98,0.0,Friday,0,0,9,Monsoon,471.83
2025-09-13,Z04,36120,9419,28.34,71.33,0.0,Saturday,1,0,9,Monsoon,502.88
2025-09-14,Z04,35366,9384,27.48,69.52,0.0,Sunday,1,0,9,Monsoon,471.73
2025-09-15,Z04,35772,9391,25.74,62.18,25.74,Monday,0,0,9,Monsoon,471.23
2025-09-16,Z04,35901,9455,27.12,67.08,16.15,Tuesday,0,0,9,Monsoon,474.8
2025-09-17,Z04,35416,9406,26.93,68.21,30.2,Wednesday,0,0,9,Monsoon,424.28
2025-09-18,Z04,35633,9446,24.6,62.26,19.28,Thursday,0,0,9,Monsoon,429.43
2025-09-19,Z04,35957,9413,25.58,71.34,0.0,Friday,0,0,9,Monsoon,480.34
2025-09-20,Z04,35601,9477,26.28,62.54,11.31,Saturday,1,0,9,Monsoon,500.93
2025-09-21,Z04,36112,9437,25.94,9.41,22.34,Sunday,1,0,9,Monsoon,474.57
2025-09-22,Z04,35652,9389,28.82,68.85,6.15,Monday,0,0,9,Monsoon,487.93
2025-09-23,Z04,36135,9412,24.4,64.61,23.03,Tuesday,0,0,9,Monsoon,432.7
2025-09-24,Z04,35473,9370,,65.11,178.58,Wednesday,0,0,9,Monsoon,512.46
2025-09-25,Z04,35481,9467,26.82,70.48,9.39,Thursday,0,0,9,Monsoon,482.34
2025-09-26,Z04,35847,9447,27.56,61.51,6.92,Friday,0,0,9,Monsoon,488.93
2025-09-27,Z04,36052,9345,46.06,65.35,15.7,Saturday,1,0,9,Monsoon,452.23
2025-09-28,Z04,35832,9359,25.4,69.59,3.53,Sunday,1,0,9,Monsoon,472.76
2025-09-29,Z04,35498,9432,26.14,65.82,10.62,Monday,0,0,9,Monsoon,466.84
2025-09-30,Z04,36224,9460,28.94,63.43,7.14,Tuesday,0,0,9,Monsoon,485.45
2025-10-01,Z04,35893,9385,22.93,69.48,0.0,Wednesday,0,0,10,Post-Monsoon,470.59
2025-10-02,Z04,35580,9410,22.49,61.62,14.59,Thursday,0,1,10,Post-Monsoon,459.22
2025-10-03,Z04,35744,9357,27.77,65.74,13.76,Friday,0,0,10,Post-Monsoon,481.59
2025-10-04,Z04,35840,9428,24.63,72.38,9.99,Saturday,1,0,10,Post-Monsoon,481.57
2025-10-05,Z04,36353,9408,26.11,63.39,0.0,Sunday,1,0,10,Post-Monsoon,488.9
2025-10-06,Z04,35389,9487,27.04,61.37,4.24,Monday,0,0,10,Post-Monsoon,460.74
2025-10-07,Z04,35794,9441,29.82,63.17,0.0,Tuesday,0,0,10,Post-Monsoon,504.65
2025-10-08,Z04,36262,9411,23.31,63.6,8.11,Wednesday,0,0,10,Post-Monsoon,460.2
2025-10-09,Z04,35464,9352,26.37,64.96,3.85,Thursday,0,0,10,Post-Monsoon,548.54
2025-10-10,Z04,36007,9454,24.38,73.2,0.0,Friday,0,0,10,Post-Monsoon,488.11
2025-10-11,Z04,35612,9485,24.95,64.97,4.52,Saturday,1,0,10,Post-Monsoon,485.14
2025-10-12,Z04,35610,9457,22.84,64.21,2.78,Sunday,1,0,10,Post-Monsoon,491.75
2025-10-13,Z04,36066,9402,27.2,63.77,0.0,Monday,0,0,10,Post-Monsoon,490.23
2025-10-14,Z04,35848,9449,24.36,69.75,12.7,Tuesday,0,0,10,Post-Monsoon,440.01
2025-10-15,Z04,35627,9410,20.86,67.07,40.51,Wednesday,0,0,10,Post-Monsoon,425.38
2025-10-16,Z04,35554,9434,22.49,70.07,36.4,Thursday,0,0,10,Post-Monsoon,426.77
2025-10-17,Z04,35815,9504,23.48,55.98,9.3,Friday,0,0,10,Post-Monsoon,455.51
2025-10-18,Z04,36356,9426,23.33,79.29,16.27,Saturday,1,0,10,Post-Monsoon,483.01
2025-10-19,Z04,35934,9483,23.8,57.48,14.9,Sunday,1,0,10,Post-Monsoon,501.12
2025-10-20,Z04,35785,9392,21.27,66.88,2.55,Monday,0,0,10,Post-Monsoon,472.55
2025-10-21,Z04,35911,9387,23.98,64.5,0.0,Tuesday,0,0,10,Post-Monsoon,489.75
2025-10-22,Z04,35757,9391,24.39,69.84,0.0,Wednesday,0,0,10,Post-Monsoon,466.15
2025-10-23,Z04,35924,9470,23.81,63.42,8.93,Thursday,0,1,10,Post-Monsoon,456.44
2025-10-24,Z04,35825,9405,24.87,63.28,4.74,Friday,0,0,10,Post-Monsoon,470.77
2025-10-25,Z04,35286,9326,23.24,63.04,0.0,Saturday,1,0,10,Post-Monsoon,495.77
2025-10-26,Z04,35799,9426,23.45,57.03,24.77,Sunday,1,0,10,Post-Monsoon,453.5
2025-10-27,Z04,36163,9434,24.55,64.87,0.0,Monday,0,0,10,Post-Monsoon,460.31
2025-10-28,Z04,35737,9499,23.8,57.68,0.0,Tuesday,0,0,10,Post-Monsoon,485.22
2025-10-29,Z04,35549,9440,20.69,72.72,0.0,Wednesday,0,0,10,Post-Monsoon,458.39
2025-10-30,Z04,35948,9418,22.46,69.5,2.03,Thursday,0,0,10,Post-Monsoon,493.84
2025-10-31,Z04,35890,9375,,70.67,0.0,Friday,0,0,10,Post-Monsoon,491.03
2025-11-01,Z04,35548,9372,22.63,64.35,0.0,Saturday,1,0,11,Post-Monsoon,508.96
2025-11-02,Z04,35825,9361,22.37,75.0,0.0,Sunday,1,0,11,Post-Monsoon,504.54
2025-11-03,Z04,36107,9433,21.28,71.48,2.62,Monday,0,0,11,Post-Monsoon,465.32
2025-11-04,Z04,35520,9403,24.06,73.19,0.0,Tuesday,0,0,11,Post-Monsoon,480.29
2025-11-05,Z04,35695,9427,20.81,63.35,0.0,Wednesday,0,0,11,Post-Monsoon,464.08
2025-11-06,Z04,35770,9462,19.91,76.01,0.0,Thursday,0,0,11,Post-Monsoon,439.07
2025-11-07,Z04,36087,9476,23.26,66.7,15.86,Friday,0,0,11,Post-Monsoon,453.48
2025-11-08,Z04,36053,9482,23.8,68.49,0.0,Saturday,1,0,11,Post-Monsoon,508.96
2025-11-09,Z04,36084,9426,20.69,71.57,12.36,Sunday,1,0,11,Post-Monsoon,458.81
2025-11-10,Z04,35612,9385,21.92,68.28,0.0,Monday,0,0,11,Post-Monsoon,487.58
2025-11-11,Z04,35646,9389,23.08,70.91,0.0,Tuesday,0,0,11,Post-Monsoon,477.32
2025-11-12,Z04,35650,9374,21.73,70.08,0.0,Wednesday,0,0,11,Post-Monsoon,476.03
2025-11-13,Z04,35579,9408,22.39,69.04,0.0,Thursday,0,0,11,Post-Monsoon,465.45
2025-11-14,Z04,35795,9416,24.43,67.12,11.06,Friday,0,0,11,Post-Monsoon,463.0
2025-11-15,Z04,35762,9441,20.61,62.3,0.0,Saturday,1,0,11,Post-Monsoon,484.52
2025-11-16,Z04,35693,,21.25,65.7,14.76,Sunday,1,0,11,Post-Monsoon,473.05
2025-11-17,Z04,35572,9398,23.82,59.85,10.04,Monday,0,0,11,Post-Monsoon,496.01
2025-11-18,Z04,35975,9418,20.83,71.14,9.87,Tuesday,0,0,11,Post-Monsoon,443.37
2025-11-19,Z04,35409,9424,23.65,67.41,2.3,Wednesday,0,0,11,Post-Monsoon,489.84
2025-11-20,Z04,35726,9354,21.16,66.18,30.97,Thursday,0,0,11,Post-Monsoon,405.21
2025-11-21,Z04,35747,9403,21.39,70.8,0.0,Friday,0,0,11,Post-Monsoon,459.89
2025-11-22,Z04,35886,9439,19.63,72.05,0.0,Saturday,1,0,11,Post-Monsoon,484.49
2025-11-23,Z04,35786,9400,18.86,69.17,0.0,Sunday,1,0,11,Post-Monsoon,466.74
2025-11-24,Z04,35798,9484,22.13,72.72,0.0,Monday,0,0,11,Post-Monsoon,466.71
2025-11-25,Z04,35886,9421,18.2,68.95,8.3,Tuesday,0,0,11,Post-Monsoon,450.41
2025-11-26,Z04,36023,9443,23.96,76.67,21.62,Wednesday,0,0,11,Post-Monsoon,446.37
2025-11-27,Z04,36008,9566,22.87,70.09,14.84,Thursday,0,0,11,Post-Monsoon,476.46
2025-11-28,Z04,35596,9440,21.72,68.65,20.76,Friday,0,0,11,Post-Monsoon,440.86
2025-11-29,Z04,35786,9477,20.05,71.92,7.17,Saturday,1,0,11,Post-Monsoon,478.79
2025-11-30,Z04,36169,9420,20.32,69.11,0.0,Sunday,1,0,11,Post-Monsoon,508.91
2025-12-01,Z04,35920,9369,22.81,68.34,2.8,Monday,0,0,12,Winter,447.17
2025-12-02,Z04,35745,9417,18.98,65.84,15.92,Tuesday,0,0,12,Winter,460.32
2025-12-03,Z04,36005,9439,19.21,65.74,4.8,Wednesday,0,0,12,Winter,468.34
2025-12-04,Z04,35961,9472,21.51,70.12,0.0,Thursday,0,0,12,Winter,451.53
2025-12-05,Z04,35738,9474,22.12,60.62,0.0,Friday,0,0,12,Winter,459.2
2025-12-06,Z04,36080,9459,20.74,67.69,0.0,Saturday,1,0,12,Winter,505.17
2025-12-07,Z04,35560,9481,20.66,73.95,0.0,Sunday,1,0,12,Winter,518.56
2025-12-08,Z04,35694,9441,22.4,69.07,9.32,Monday,0,0,12,Winter,468.72
2025-12-09,Z04,36188,9342,20.31,70.55,0.0,Tuesday,0,0,12,Winter,469.34
2025-12-10,Z04,35889,9429,23.63,62.96,0.0,Wednesday,0,0,12,Winter,496.4
2025-12-11,Z04,35788,9423,21.91,71.72,0.0,Thursday,0,0,12,Winter,482.31
2025-12-12,Z04,35977,9415,17.65,74.57,0.0,Friday,0,0,12,Winter,495.71
2025-12-13,Z04,35843,9418,19.26,62.78,0.0,Saturday,1,0,12,Winter,493.65
2025-12-14,Z04,35655,9476,24.78,67.72,0.0,Sunday,1,0,12,Winter,657.49
2025-12-15,Z04,35525,9441,17.26,69.9,0.0,Monday,0,0,12,Winter,474.57
2025-12-16,Z04,35710,9426,18.38,67.15,0.0,Tuesday,0,0,12,Winter,485.89
2025-12-17,Z04,35781,,21.83,71.53,6.16,Wednesday,0,0,12,Winter,457.31
2025-12-18,Z04,36203,9440,20.8,72.78,2.27,Thursday,0,0,12,Winter,472.9
2025-12-19,Z04,35593,9426,17.29,70.65,0.0,Friday,0,0,12,Winter,470.9
2025-12-20,Z04,36022,,21.74,68.27,0.0,Saturday,1,0,12,Winter,483.36
2025-12-21,Z04,36075,9443,22.4,70.62,0.0,Sunday,1,0,12,Winter,494.3
2025-12-22,Z04,35736,9445,21.36,73.7,6.12,Monday,0,0,12,Winter,465.85
2025-12-23,Z04,35919,9411,17.07,79.13,0.0,Tuesday,0,0,12,Winter,469.94
2025-12-24,Z04,35714,9419,20.48,,0.0,Wednesday,0,0,12,Winter,465.94
2025-12-25,Z04,35904,9395,20.89,58.96,0.0,Thursday,0,1,12,Winter,501.47
2025-12-26,Z04,35830,9406,19.65,76.48,20.99,Friday,0,0,12,Winter,419.94
2025-12-27,Z04,35627,9377,21.64,71.78,0.0,Saturday,1,0,12,Winter,473.1
2025-12-28,Z04,35545,9432,18.74,75.97,0.0,Sunday,1,0,12,Winter,493.71
2025-12-29,Z04,35985,9427,20.3,71.54,14.08,Monday,0,0,12,Winter,463.47
2025-12-30,Z04,35918,9417,19.87,64.27,36.97,Tuesday,0,0,12,Winter,440.56
2025-12-31,Z04,35636,9354,23.16,68.68,10.67,Wednesday,0,0,12,Winter,513.93
2023-01-01,Z05,60082,15145,22.73,74.4,0.0,Sunday,1,1,1,Winter,967.2
2023-01-02,Z05,59983,15101,21.67,78.38,0.0,Monday,0,0,1,Winter,924.0
2023-01-03,Z05,60324,15101,22.49,73.05,1.96,Tuesday,0,0,1,Winter,902.51
2023-01-04,Z05,60082,15118,22.84,66.5,4.99,Wednesday,0,0,1,Winter,894.63
2023-01-05,Z05,60029,15081,19.52,72.14,0.0,Thursday,0,0,1,Winter,821.2
2023-01-06,Z05,59931,15087,18.05,70.8,0.0,Friday,0,0,1,Winter,919.97
2023-01-07,Z05,59767,15066,20.86,75.63,0.0,Saturday,1,0,1,Winter,880.04
2023-01-08,Z05,59807,15120,19.48,63.32,0.0,Sunday,1,0,1,Winter,953.92
2023-01-09,Z05,60041,15050,16.3,62.57,0.0,Monday,0,0,1,Winter,869.07
2023-01-10,Z05,59963,15138,22.21,67.54,0.0,Tuesday,0,0,1,Winter,835.66
2023-01-11,Z05,59778,,20.77,62.37,0.0,Wednesday,0,0,1,Winter,872.39
2023-01-12,Z05,60224,15142,20.97,65.42,0.0,Thursday,0,0,1,Winter,872.71
2023-01-13,Z05,59954,15110,23.64,69.78,0.0,Friday,0,0,1,Winter,924.94
2023-01-14,Z05,60090,15122,19.66,71.23,0.0,Saturday,1,1,1,Winter,933.84
2023-01-15,Z05,59872,15168,18.99,68.63,0.0,Sunday,1,0,1,Winter,966.2
2023-01-16,Z05,59750,15108,20.76,65.53,0.0,Monday,0,0,1,Winter,861.99
2023-01-17,Z05,59617,15165,19.79,67.8,0.0,Tuesday,0,0,1,Winter,927.66
2023-01-18,Z05,59722,15095,20.83,73.07,0.0,Wednesday,0,0,1,Winter,933.53
2023-01-19,Z05,59773,15068,19.38,64.59,0.0,Thursday,0,0,1,Winter,848.75
2023-01-20,Z05,59769,15065,23.2,76.72,0.0,Friday,0,0,1,Winter,850.68
2023-01-21,Z05,60522,15098,18.3,,15.89,Saturday,1,0,1,Winter,865.94
2023-01-22,Z05,59869,15150,18.48,70.27,0.0,Sunday,1,0,1,Winter,878.49
2023-01-23,Z05,60176,15111,20.68,65.46,0.0,Monday,0,0,1,Winter,882.64
2023-01-24,Z05,60306,15076,18.43,67.88,8.23,Tuesday,0,0,1,Winter,875.47
2023-01-25,Z05,60059,15058,19.5,71.48,0.0,Wednesday,0,0,1,Winter,841.06
2023-01-26,Z05,60063,15184,18.87,74.74,0.0,Thursday,0,1,1,Winter,883.47
2023-01-27,Z05,60576,15123,22.19,69.48,0.0,Friday,0,0,1,Winter,905.44
2023-01-28,Z05,60453,15091,21.8,68.9,0.0,Saturday,1,0,1,Winter,999.33
2023-01-29,Z05,60238,15141,24.15,80.35,0.0,Sunday,1,0,1,Winter,957.99
2023-01-30,Z05,60278,15129,20.6,56.53,12.27,Monday,0,0,1,Winter,840.56
2023-01-31,Z05,60028,15082,23.39,68.23,,Tuesday,0,0,1,Winter,904.46
2023-02-01,Z05,60447,15143,20.06,77.25,0.0,Wednesday,0,0,2,Winter,900.65
2023-02-02,Z05,60409,15177,24.49,67.45,0.0,Thursday,0,0,2,Winter,933.76
2023-02-03,Z05,60016,15174,23.31,78.96,0.0,Friday,0,0,2,Winter,907.48
2023-02-04,Z05,60232,15108,23.71,72.45,0.0,Saturday,1,0,2,Winter,975.09
2023-02-05,Z05,60122,15048,21.64,71.6,0.0,Sunday,1,0,2,Winter,964.47
2023-02-06,Z05,60083,15113,22.67,68.93,0.0,Monday,0,0,2,Winter,898.73
2023-02-07,Z05,60405,15137,25.32,60.73,0.0,Tuesday,0,0,2,Winter,996.05
2023-02-08,Z05,59861,15104,26.5,63.87,0.0,Wednesday,0,0,2,Winter,945.96
2023-02-09,Z05,60050,15094,23.91,77.09,0.0,Thursday,0,0,2,Winter,907.14
2023-02-10,Z05,59877,15067,25.4,67.47,0.0,Friday,0,0,2,Winter,997.05
2023-02-11,Z05,60230,15065,22.35,62.91,0.0,Saturday,1,0,2,Winter,921.41
2023-02-12,Z05,60241,15115,20.34,64.05,0.0,Sunday,1,0,2,Winter,876.67
2023-02-13,Z05,60394,15138,21.69,70.76,0.0,Monday,0,0,2,Winter,912.88
2023-02-14,Z05,59800,15137,19.08,64.63,6.55,Tuesday,0,0,2,Winter,907.69
2023-02-15,Z05,60076,15115,25.88,58.43,0.0,Wednesday,0,0,2,Winter,913.88
2023-02-16,Z05,60190,15142,,60.41,9.73,Thursday,0,0,2,Winter,977.15
2023-02-17,Z05,59960,15150,23.25,66.52,0.0,Friday,0,0,2,Winter,927.69
2023-02-18,Z05,60105,15148,23.66,78.38,0.0,Saturday,1,0,2,Winter,997.26
2023-02-19,Z05,60448,15186,20.02,71.47,11.24,Sunday,1,0,2,Winter,890.19
2023-02-20,Z05,60093,15150,22.66,67.31,3.93,Monday,0,0,2,Winter,916.56
2023-02-21,Z05,59772,15117,26.11,61.5,0.0,Tuesday,0,0,2,Winter,917.5
2023-02-22,Z05,60017,15134,27.08,66.36,0.0,Wednesday,0,0,2,Winter,947.3
2023-02-23,Z05,60036,15111,21.15,71.93,0.0,Thursday,0,0,2,Winter,929.61
2023-02-24,Z05,60312,15098,23.3,72.86,0.0,Friday,0,0,2,Winter,914.47
2023-02-25,Z05,59943,15139,20.29,58.32,6.38,Saturday,1,0,2,Winter,968.13
2023-02-26,Z05,59659,15110,22.93,68.7,13.29,Sunday,1,0,2,Winter,948.15
2023-02-27,Z05,60033,15142,21.32,74.87,0.0,Monday,0,0,2,Winter,868.62
2023-02-28,Z05,60339,15093,25.35,72.14,0.0,Tuesday,0,0,2,Winter,898.1
2023-03-01,Z05,59762,15071,23.66,62.97,0.0,Wednesday,0,0,3,Summer,885.78
2023-03-02,Z05,60365,15163,22.26,65.8,0.0,Thursday,0,0,3,Summer,947.48
2023-03-03,Z05,59962,15124,21.2,72.24,0.0,Friday,0,0,3,Summer,903.89
2023-03-04,Z05,60438,15129,26.4,60.66,0.0,Saturday,1,0,3,Summer,993.24
2023-03-05,Z05,59804,15118,21.92,65.78,0.0,Sunday,1,0,3,Summer,968.58
2023-03-06,Z05,60418,15116,27.8,70.13,0.0,Monday,0,0,3,Summer,1020.41
2023-03-07,Z05,60123,15088,25.13,71.44,0.0,Tuesday,0,0,3,Summer,923.68
2023-03-08,Z05,60109,15093,24.29,71.58,0.0,Wednesday,0,0,3,Summer,915.11
2023-03-09,Z05,60007,15158,25.59,66.21,0.0,Thursday,0,0,3,Summer,874.24
2023-03-10,Z05,60147,15092,22.39,66.98,0.0,Friday,0,0,3,Summer,934.49
2023-03-11,Z05,60079,15105,27.07,66.08,0.0,Saturday,1,0,3,Summer,1017.03
2023-03-12,Z05,60050,15113,25.25,57.68,0.0,Sunday,1,0,3,Summer,948.02
2023-03-13,Z05,60108,15173,27.1,71.52,0.0,Monday,0,0,3,Summer,909.79
2023-03-14,Z05,59619,15108,23.78,64.25,0.0,Tuesday,0,0,3,Summer,947.18
2023-03-15,Z05,60180,15106,31.13,66.64,0.0,Wednesday,0,0,3,Summer,1000.86
2023-03-16,Z05,59908,15076,23.96,65.02,0.0,Thursday,0,0,3,Summer,875.95
2023-03-17,Z05,60051,15137,27.74,68.67,0.0,Friday,0,0,3,Summer,990.55
2023-03-18,Z05,59861,15103,23.78,69.22,0.0,Saturday,1,0,3,Summer,992.18
2023-03-19,Z05,60369,15164,24.7,65.44,0.0,Sunday,1,0,3,Summer,947.41
2023-03-20,Z05,60182,15123,26.88,62.34,14.4,Monday,0,0,3,Summer,872.74
2023-03-21,Z05,60545,15135,26.28,72.56,0.0,Tuesday,0,0,3,Summer,938.67
2023-03-22,Z05,59907,15103,27.85,67.19,0.0,Wednesday,0,0,3,Summer,992.26
2023-03-23,Z05,60121,15194,26.05,63.85,0.0,Thursday,0,0,3,Summer,951.42
2023-03-24,Z05,60257,15092,27.34,67.95,0.0,Friday,0,0,3,Summer,912.56
2023-03-25,Z05,59910,15063,28.84,66.87,,Saturday,1,0,3,Summer,970.46
2023-03-26,Z05,60371,15190,29.23,67.92,0.0,Sunday,1,0,3,Summer,995.84
2023-03-27,Z05,59912,15198,25.68,55.88,5.55,Monday,0,0,3,Summer,894.79
2023-03-28,Z05,60417,15083,27.5,68.23,0.0,Tuesday,0,0,3,Summer,957.31
2023-03-29,Z05,60253,15194,33.31,66.48,0.0,Wednesday,0,0,3,Summer,1004.36
2023-03-30,Z05,59724,15129,30.24,58.22,0.0,Thursday,0,0,3,Summer,947.85
2023-03-31,Z05,60716,15102,28.38,66.41,0.0,Friday,0,0,3,Summer,953.81
2023-04-01,Z05,60809,15157,27.4,72.74,0.0,Saturday,1,0,4,Summer,993.24
2023-04-02,Z05,60062,15089,25.09,69.71,19.65,Sunday,1,0,4,Summer,889.86
2023-04-03,Z05,60052,15162,28.62,75.66,0.0,Monday,0,0,4,Summer,978.71
2023-04-04,Z05,60059,15075,29.39,75.63,0.0,Tuesday,0,0,4,Summer,979.5
2023-04-05,Z05,60123,15135,30.28,66.57,23.67,Wednesday,0,0,4,Summer,950.08
2023-04-06,Z05,60009,15091,31.53,63.46,,Thursday,0,0,4,Summer,995.27
2023-04-07,Z05,60057,15125,28.34,80.03,0.0,Friday,0,0,4,Summer,984.5
2023-04-08,Z05,60415,15142,30.76,68.1,0.0,Saturday,1,0,4,Summer,1043.15
2023-04-09,Z05,60149,,27.52,54.12,0.0,Sunday,1,0,4,Summer,1013.42
2023-04-10,Z05,59860,15150,44.84,69.63,0.0,Monday,0,0,4,Summer,956.89
2023-04-11,Z05,59958,15135,29.82,57.3,0.0,Tuesday,0,0,4,Summer,975.4
2023-04-12,Z05,59927,15152,28.46,64.11,0.0,Wednesday,0,0,4,Summer,928.16
2023-04-13,Z05,60402,15109,27.88,67.65,0.0,Thursday,0,0,4,Summer,955.02
2023-04-14,Z05,59889,15104,31.78,64.12,0.0,Friday,0,0,4,Summer,1021.0
2023-04-15,Z05,59800,15132,32.0,67.36,1.7,Saturday,1,0,4,Summer,1014.61
2023-04-16,Z05,60342,15132,26.07,64.59,,Sunday,1,0,4,Summer,977.3
2023-04-17,Z05,60290,15089,27.16,65.6,21.19,Monday,0,0,4,Summer,957.86
2023-04-18,Z05,60380,15152,28.06,57.08,0.0,Tuesday,0,0,4,Summer,910.79
2023-04-19,Z05,59977,15145,32.91,64.4,0.0,Wednesday,0,0,4,Summer,916.56
2023-04-20,Z05,60156,15118,32.79,58.44,0.0,Thursday,0,0,4,Summer,977.21
2023-04-21,Z05,60288,15154,32.66,66.96,0.0,Friday,0,0,4,Summer,975.54
2023-04-22,Z05,60104,15140,31.68,65.59,0.0,Saturday,1,0,4,Summer,983.79
2023-04-23,Z05,59956,15186,28.55,68.5,22.45,Sunday,1,0,4,Summer,943.65
2023-04-24,Z05,60108,15170,29.41,67.94,0.0,Monday,0,0,4,Summer,970.55
2023-04-25,Z05,60376,15116,,55.54,0.0,Tuesday,0,0,4,Summer,1020.1
2023-04-26,Z05,60029,15148,29.93,75.05,0.0,Wednesday,0,0,4,Summer,966.42
2023-04-27,Z05,59959,15091,32.5,61.16,0.0,Thursday,0,0,4,Summer,949.17
2023-04-28,Z05,60166,15141,29.73,67.95,0.0,Friday,0,0,4,Summer,972.26
2023-04-29,Z05,59740,15212,32.5,65.43,0.0,Saturday,1,0,4,Summer,1098.39
2023-04-30,Z05,60250,15116,30.34,56.48,16.96,Sunday,1,0,4,Summer,983.86
2023-05-01,Z05,60302,15170,27.08,68.48,0.0,Monday,0,0,5,Summer,942.66
2023-05-02,Z05,59963,15078,30.36,59.37,18.38,Tuesday,0,0,5,Summer,960.15
2023-05-03,Z05,60186,15219,32.89,67.26,0.0,Wednesday,0,0,5,Summer,973.89
2023-05-04,Z05,60589,15088,33.64,66.92,0.0,Thursday,0,0,5,Summer,1023.32
2023-05-05,Z05,59840,15156,30.25,64.51,0.0,Friday,0,0,5,Summer,939.47
2023-05-06,Z05,60370,15154,32.5,62.7,0.0,Saturday,1,0,5,Summer,1063.75
2023-05-07,Z05,59984,15203,33.83,61.12,0.0,Sunday,1,0,5,Summer,966.19
2023-05-08,Z05,60201,15148,32.44,66.22,0.0,Monday,0,0,5,Summer,1032.95
2023-05-09,Z05,60249,15121,32.85,74.75,0.0,Tuesday,0,0,5,Summer,943.4
2023-05-10,Z05,60093,,30.22,65.3,0.0,Wednesday,0,0,5,Summer,962.21
2023-05-11,Z05,60264,15167,35.13,64.54,0.0,Thursday,0,0,5,Summer,962.98
2023-05-12,Z05,59968,15115,32.85,72.08,0.0,Friday,0,0,5,Summer,979.99
2023-05-13,Z05,60561,15144,31.95,67.55,0.0,Saturday,1,0,5,Summer,985.69
2023-05-14,Z05,60274,15123,31.29,59.43,0.0,Sunday,1,0,5,Summer,1041.37
2023-05-15,Z05,59978,15177,33.3,62.55,0.0,Monday,0,0,5,Summer,999.71
2023-05-16,Z05,60189,15181,32.32,69.21,0.0,Tuesday,0,0,5,Summer,899.95
2023-05-17,Z05,60219,15185,32.51,,30.0,Wednesday,0,0,5,Summer,888.6
2023-05-18,Z05,59736,15168,33.15,60.32,0.0,Thursday,0,0,5,Summer,944.02
2023-05-19,Z05,60093,15110,32.21,62.65,0.0,Friday,0,0,5,Summer,1017.29
2023-05-20,Z05,60230,15141,31.87,55.97,0.0,Saturday,1,0,5,Summer,981.61
2023-05-21,Z05,60142,15174,32.1,61.33,12.8,Sunday,1,0,5,Summer,979.59
2023-05-22,Z05,60354,15072,32.61,69.55,0.0,Monday,0,0,5,Summer,919.36
2023-05-23,Z05,60325,15133,35.77,72.27,7.34,Tuesday,0,0,5,Summer,1003.29
2023-05-24,Z05,60077,15189,30.58,57.49,25.24,Wednesday,0,0,5,Summer,902.56
2023-05-25,Z05,60406,15246,32.82,58.36,0.0,Thursday,0,0,5,Summer,950.46
2023-05-26,Z05,59539,15139,30.79,71.59,0.0,Friday,0,0,5,Summer,997.83
2023-05-27,Z05,60231,15169,33.29,60.93,0.0,Saturday,1,0,5,Summer,1040.05
2023-05-28,Z05,60621,15155,32.77,65.73,0.0,Sunday,1,0,5,Summer,1011.58
2023-05-29,Z05,60297,15148,33.87,71.33,0.0,Monday,0,0,5,Summer,984.76
2023-05-30,Z05,60342,15151,33.57,63.26,0.0,Tuesday,0,0,5,Summer,1259.58
2023-05-31,Z05,59921,15183,33.33,66.38,0.0,Wednesday,0,0,5,Summer,984.85
2023-06-01,Z05,59625,15139,32.25,58.92,0.0,Thursday,0,0,6,Monsoon,1000.59
2023-06-02,Z05,60247,15124,34.39,59.68,,Friday,0,0,6,Monsoon,1011.22
2023-06-03,Z05,60587,15145,30.78,69.91,0.0,Saturday,1,0,6,Monsoon,1014.97
2023-06-04,Z05,59943,15172,31.95,63.23,0.0,Sunday,1,0,6,Monsoon,1076.29
2023-06-05,Z05,60047,15128,35.19,70.8,6.86,Monday,0,0,6,Monsoon,919.16
2023-06-06,Z05,59920,15173,34.33,69.38,0.0,Tuesday,0,0,6,Monsoon,929.02
2023-06-07,Z05,59997,15126,35.84,60.26,0.0,Wednesday,0,0,6,Monsoon,977.84
2023-06-08,Z05,60388,15112,33.47,69.9,0.0,Thursday,0,0,6,Monsoon,926.2
2023-06-09,Z05,60170,15151,32.29,68.4,49.94,Friday,0,0,6,Monsoon,795.59
2023-06-10,Z05,60033,15153,32.98,65.25,13.79,Saturday,1,0,6,Monsoon,1008.14
2023-06-11,Z05,60456,15162,37.12,65.33,0.0,Sunday,1,0,6,Monsoon,1001.6
2023-06-12,Z05,60369,15109,34.24,10.79,0.0,Monday,0,0,6,Monsoon,939.16
2023-06-13,Z05,60414,15133,29.79,81.51,0.0,Tuesday,0,0,6,Monsoon,984.36
2023-06-14,Z05,60248,15152,36.67,69.39,0.0,Wednesday,0,0,6,Monsoon,1023.42
2023-06-15,Z05,60162,15217,35.58,55.83,29.65,Thursday,0,0,6,Monsoon,923.28
2023-06-16,Z05,60207,15139,32.31,69.66,0.0,Friday,0,0,6,Monsoon,989.25
2023-06-17,Z05,60406,15177,36.81,64.86,0.0,Saturday,1,0,6,Monsoon,1036.01
2023-06-18,Z05,60174,15179,45.03,70.5,0.0,Sunday,1,0,6,Monsoon,1029.78
2023-06-19,Z05,60638,15171,34.79,63.32,0.0,Monday,0,0,6,Monsoon,933.69
2023-06-20,Z05,60278,15161,34.37,68.39,7.59,Tuesday,0,0,6,Monsoon,970.12
2023-06-21,Z05,60500,15159,34.5,59.54,0.0,Wednesday,0,0,6,Monsoon,1030.54
2023-06-22,Z05,60336,15156,34.57,65.86,0.0,Thursday,0,0,6,Monsoon,1007.36
2023-06-23,Z05,60543,15127,33.93,61.19,0.0,Friday,0,0,6,Monsoon,954.68
2023-06-24,Z05,60322,15103,32.03,62.14,56.41,Saturday,1,0,6,Monsoon,825.9
2023-06-25,Z05,60404,15113,36.17,64.24,0.0,Sunday,1,0,6,Monsoon,961.75
2023-06-26,Z05,60051,15166,33.65,56.09,3.04,Monday,0,0,6,Monsoon,984.12
2023-06-27,Z05,60238,15130,32.66,61.13,10.9,Tuesday,0,0,6,Monsoon,945.14
2023-06-28,Z05,59942,15185,33.99,54.43,12.65,Wednesday,0,0,6,Monsoon,937.56
2023-06-29,Z05,60256,15127,33.97,62.43,0.0,Thursday,0,0,6,Monsoon,972.58
2023-06-30,Z05,60312,15151,32.46,66.84,0.0,Friday,0,0,6,Monsoon,1384.57
2023-07-01,Z05,60438,15188,32.5,58.23,0.0,Saturday,1,0,7,Monsoon,1012.35
2023-07-02,Z05,60433,15157,37.21,60.19,12.56,Sunday,1,0,7,Monsoon,952.43
2023-07-03,Z05,60260,15190,27.9,71.48,17.72,Monday,0,0,7,Monsoon,842.99
2023-07-04,Z05,60556,15163,38.6,56.67,0.0,Tuesday,0,0,7,Monsoon,976.52
2023-07-05,Z05,60324,15138,34.91,66.16,0.0,Wednesday,0,0,7,Monsoon,948.61
2023-07-06,Z05,60406,15164,33.32,53.84,0.0,Thursday,0,0,7,Monsoon,978.1
2023-07-07,Z05,60061,15106,34.62,63.74,0.0,Friday,0,0,7,Monsoon,912.75
2023-07-08,Z05,59927,15201,36.16,72.49,18.52,Saturday,1,0,7,Monsoon,982.74
2023-07-09,Z05,60414,15240,34.08,63.93,9.05,Sunday,1,0,7,Monsoon,972.03
2023-07-10,Z05,60521,15241,33.56,65.49,0.0,Monday,0,0,7,Monsoon,971.04
2023-07-11,Z05,59855,15182,37.55,69.07,0.0,Tuesday,0,0,7,Monsoon,1011.42
2023-07-12,Z05,60076,15140,31.24,69.82,0.0,Wednesday,0,0,7,Monsoon,959.63
2023-07-13,Z05,60338,15186,29.24,67.57,9.93,Thursday,0,0,7,Monsoon,891.01
2023-07-14,Z05,60079,15116,31.12,60.06,0.0,Friday,0,0,7,Monsoon,960.53
2023-07-15,Z05,59801,15153,31.15,72.43,0.0,Saturday,1,0,7,Monsoon,928.3
2023-07-16,Z05,60290,15159,36.48,57.86,0.0,Sunday,1,0,7,Monsoon,994.77
2023-07-17,Z05,60272,15142,31.9,62.61,0.0,Monday,0,0,7,Monsoon,960.48
2023-07-18,Z05,59897,15191,36.14,59.57,22.89,Tuesday,0,0,7,Monsoon,915.1
2023-07-19,Z05,60341,15219,33.13,66.37,6.55,Wednesday,0,0,7,Monsoon,999.83
2023-07-20,Z05,60160,15167,30.2,76.55,31.49,Thursday,0,0,7,Monsoon,868.18
2023-07-21,Z05,60000,15166,34.86,62.4,0.0,Friday,0,0,7,Monsoon,1004.4
2023-07-22,Z05,60667,15146,31.83,62.47,3.1,Saturday,1,0,7,Monsoon,1037.98
2023-07-23,Z05,60044,15201,34.56,61.19,24.83,Sunday,1,0,7,Monsoon,903.04
2023-07-24,Z05,60001,15224,38.63,61.22,0.0,Monday,0,0,7,Monsoon,933.25
2023-07-25,Z05,60082,15199,32.79,63.46,0.0,Tuesday,0,0,7,Monsoon,953.21
2023-07-26,Z05,60052,15136,33.11,60.65,0.0,Wednesday,0,0,7,Monsoon,896.03
2023-07-27,Z05,60344,15163,32.97,68.98,10.84,Thursday,0,0,7,Monsoon,933.12
2023-07-28,Z05,60279,15201,34.22,69.19,0.0,Friday,0,0,7,Monsoon,989.17
2023-07-29,Z05,60193,15176,32.24,71.62,0.0,Saturday,1,0,7,Monsoon,974.74
2023-07-30,Z05,60527,15219,33.06,67.56,0.0,Sunday,1,0,7,Monsoon,987.73
2023-07-31,Z05,60411,15158,35.75,60.87,0.0,Monday,0,0,7,Monsoon,1036.17
2023-08-01,Z05,60344,15150,32.28,58.6,10.48,Tuesday,0,0,8,Monsoon,938.93
2023-08-02,Z05,60260,15167,32.07,64.88,1.94,Wednesday,0,0,8,Monsoon,897.91
2023-08-03,Z05,60059,15198,32.01,64.82,0.0,Thursday,0,0,8,Monsoon,923.05
2023-08-04,Z05,60590,15120,,70.6,26.39,Friday,0,0,8,Monsoon,823.93
2023-08-05,Z05,60221,15201,31.44,63.34,0.0,Saturday,1,0,8,Monsoon,967.12
2023-08-06,Z05,60047,15208,33.96,58.58,0.0,Sunday,1,0,8,Monsoon,1003.58
2023-08-07,Z05,60390,15164,29.34,74.83,0.0,Monday,0,0,8,Monsoon,936.81
2023-08-08,Z05,60688,15244,28.68,65.42,6.79,Tuesday,0,0,8,Monsoon,852.33
2023-08-09,Z05,60378,15155,30.87,57.68,5.5,Wednesday,0,0,8,Monsoon,937.39
2023-08-10,Z05,60159,15160,30.72,58.84,5.46,Thursday,0,0,8,Monsoon,946.7
2023-08-11,Z05,60149,15213,32.74,60.89,21.3,Friday,0,0,8,Monsoon,844.29
2023-08-12,Z05,60479,15136,32.93,74.01,0.0,Saturday,1,0,8,Monsoon,938.96
2023-08-13,Z05,60566,15181,32.19,60.67,20.02,Sunday,1,0,8,Monsoon,837.24
2023-08-14,Z05,60387,15215,34.42,64.09,11.32,Monday,0,0,8,Monsoon,917.47
2023-08-15,Z05,60127,15247,26.24,70.19,13.75,Tuesday,0,1,8,Monsoon,862.67
2023-08-16,Z05,60646,15186,32.54,62.22,24.56,Wednesday,0,0,8,Monsoon,917.45
2023-08-17,Z05,60159,15198,34.63,63.64,35.88,Thursday,0,0,8,Monsoon,885.41
2023-08-18,Z05,60349,15159,35.24,69.25,4.93,Friday,0,0,8,Monsoon,930.04
2023-08-19,Z05,60235,15216,28.57,62.15,40.55,Saturday,1,0,8,Monsoon,793.3
2023-08-20,Z05,60029,15156,31.54,71.95,13.34,Sunday,1,0,8,Monsoon,975.62
2023-08-21,Z05,60775,15154,30.94,62.75,0.0,Monday,0,0,8,Monsoon,942.93
2023-08-22,Z05,60293,15175,33.36,75.1,12.8,Tuesday,0,0,8,Monsoon,932.12
2023-08-23,Z05,60513,15141,31.9,72.6,0.0,Wednesday,0,0,8,Monsoon,954.64
2023-08-24,Z05,60296,15148,29.39,64.21,0.0,Thursday,0,0,8,Monsoon,947.9
2023-08-25,Z05,60160,15194,27.79,66.09,0.0,Friday,0,0,8,Monsoon,883.92
2023-08-26,Z05,60286,15187,32.33,62.46,0.0,Saturday,1,0,8,Monsoon,1019.25
2023-08-27,Z05,60279,15148,28.35,58.46,18.0,Sunday,1,0,8,Monsoon,859.56
2023-08-28,Z05,60672,15204,31.22,81.64,0.69,Monday,0,0,8,Monsoon,940.87
2023-08-29,Z05,60286,15177,27.98,68.43,33.07,Tuesday,0,0,8,Monsoon,809.86
2023-08-30,Z05,60252,15204,29.27,64.85,0.0,Wednesday,0,0,8,Monsoon,925.14
2023-08-31,Z05,60435,15207,30.68,73.1,13.27,Thursday,0,0,8,Monsoon,889.49
2023-09-01,Z05,60657,15163,32.58,57.33,4.42,Friday,0,0,9,Monsoon,916.8
2023-09-02,Z05,59618,15206,30.65,64.55,7.42,Saturday,1,0,9,Monsoon,872.63
2023-09-03,Z05,60602,15205,29.73,69.68,0.0,Sunday,1,0,9,Monsoon,918.51
2023-09-04,Z05,60263,15175,31.14,73.01,8.25,Monday,0,0,9,Monsoon,935.78
2023-09-05,Z05,59591,15214,30.67,56.43,0.0,Tuesday,0,0,9,Monsoon,967.18
2023-09-06,Z05,60365,15203,25.77,64.73,8.93,Wednesday,0,0,9,Monsoon,877.73
2023-09-07,Z05,60688,15267,28.92,64.55,4.07,Thursday,0,0,9,Monsoon,887.02
2023-09-08,Z05,60109,15170,29.26,65.36,10.14,Friday,0,0,9,Monsoon,921.43
2023-09-09,Z05,59773,15215,29.05,58.66,5.71,Saturday,1,0,9,Monsoon,996.72
2023-09-10,Z05,60144,15166,27.24,70.38,21.35,Sunday,1,0,9,Monsoon,827.29
2023-09-11,Z05,60405,15165,32.18,67.71,0.0,Monday,0,0,9,Monsoon,954.68
2023-09-12,Z05,60506,15199,26.8,60.98,16.09,Tuesday,0,0,9,Monsoon,854.96
2023-09-13,Z05,60278,15242,28.34,63.97,0.0,Wednesday,0,0,9,Monsoon,901.01
2023-09-14,Z05,60197,15221,27.84,58.21,1.85,Thursday,0,0,9,Monsoon,884.24
2023-09-15,Z05,60346,15183,27.98,66.97,0.0,Friday,0,0,9,Monsoon,908.93
2023-09-16,Z05,60120,15164,28.2,61.34,0.0,Saturday,1,0,9,Monsoon,884.97
2023-09-17,Z05,59948,15204,26.47,70.67,15.46,Sunday,1,0,9,Monsoon,897.17
2023-09-18,Z05,60390,15158,25.05,70.6,14.61,Monday,0,0,9,Monsoon,838.83
2023-09-19,Z05,60276,15191,28.3,66.27,14.26,Tuesday,0,0,9,Monsoon,870.71
2023-09-20,Z05,60308,15168,28.77,65.92,0.0,Wednesday,0,0,9,Monsoon,936.23
2023-09-21,Z05,60323,15172,28.96,64.41,12.9,Thursday,0,0,9,Monsoon,908.3
2023-09-22,Z05,60706,15182,27.46,65.88,0.0,Friday,0,0,9,Monsoon,888.0
2023-09-23,Z05,60392,15182,27.22,73.05,11.91,Saturday,1,0,9,Monsoon,885.6
2023-09-24,Z05,60366,15233,24.56,75.37,11.58,Sunday,1,0,9,Monsoon,908.55
2023-09-25,Z05,60459,15202,25.7,57.26,3.67,Monday,0,0,9,Monsoon,860.12
2023-09-26,Z05,60272,15166,27.42,60.45,0.0,Tuesday,0,0,9,Monsoon,919.59
2023-09-27,Z05,60128,15171,26.82,57.09,3.91,Wednesday,0,0,9,Monsoon,894.34
2023-09-28,Z05,60129,15253,20.84,64.16,4.14,Thursday,0,0,9,Monsoon,809.1
2023-09-29,Z05,60302,15146,21.67,68.32,12.4,Friday,0,0,9,Monsoon,867.42
2023-09-30,Z05,60267,15228,26.21,71.23,7.97,Saturday,1,0,9,Monsoon,934.78
2023-10-01,Z05,60349,15186,26.39,63.27,0.0,Sunday,1,0,10,Post-Monsoon,896.62
2023-10-02,Z05,60209,15238,21.35,78.48,6.18,Monday,0,1,10,Post-Monsoon,894.54
2023-10-03,Z05,60614,15272,22.28,70.08,6.47,Tuesday,0,0,10,Post-Monsoon,872.36
2023-10-04,Z05,60507,15211,24.24,64.7,0.0,Wednesday,0,0,10,Post-Monsoon,795.3
2023-10-05,Z05,60439,15174,24.91,70.57,3.09,Thursday,0,0,10,Post-Monsoon,896.94
2023-10-06,Z05,60717,15241,29.88,64.24,4.28,Friday,0,0,10,Post-Monsoon,915.67
2023-10-07,Z05,60630,15149,22.79,69.47,39.97,Saturday,1,0,10,Post-Monsoon,852.26
2023-10-08,Z05,60314,15191,24.21,70.69,2.35,Sunday,1,0,10,Post-Monsoon,917.85
2023-10-09,Z05,60530,15238,27.67,68.39,0.0,Monday,0,0,10,Post-Monsoon,919.49
2023-10-10,Z05,60212,15195,25.56,76.58,0.0,Tuesday,0,0,10,Post-Monsoon,913.01
2023-10-11,Z05,60438,15244,22.82,70.03,2.06,Wednesday,0,0,10,Post-Monsoon,1077.14
2023-10-12,Z05,60389,15223,24.48,64.8,10.16,Thursday,0,0,10,Post-Monsoon,868.89
2023-10-13,Z05,60152,15310,28.14,,21.58,Friday,0,0,10,Post-Monsoon,865.47
2023-10-14,Z05,60706,15243,27.27,68.21,9.63,Saturday,1,0,10,Post-Monsoon,891.64
2023-10-15,Z05,60900,15222,25.08,66.06,0.0,Sunday,1,0,10,Post-Monsoon,891.34
2023-10-16,Z05,60357,15131,27.32,64.76,0.0,Monday,0,0,10,Post-Monsoon,868.96
2023-10-17,Z05,60639,15229,23.29,71.22,9.06,Tuesday,0,0,10,Post-Monsoon,836.78
2023-10-18,Z05,60404,15256,25.53,63.58,9.61,Wednesday,0,0,10,Post-Monsoon,838.92
2023-10-19,Z05,60658,15170,23.72,70.83,0.0,Thursday,0,0,10,Post-Monsoon,819.81
2023-10-20,Z05,61116,15217,24.81,63.57,7.39,Friday,0,0,10,Post-Monsoon,884.78
2023-10-21,Z05,60550,15221,23.97,73.21,0.0,Saturday,1,0,10,Post-Monsoon,901.6
2023-10-22,Z05,60446,15190,25.37,71.92,0.0,Sunday,1,0,10,Post-Monsoon,938.41
2023-10-23,Z05,60582,15202,24.13,59.14,0.0,Monday,0,1,10,Post-Monsoon,941.51
2023-10-24,Z05,60497,15178,23.37,64.17,10.68,Tuesday,0,0,10,Post-Monsoon,844.94
2023-10-25,Z05,60001,15203,24.08,66.97,13.45,Wednesday,0,0,10,Post-Monsoon,866.95
2023-10-26,Z05,60628,15155,21.4,62.6,14.19,Thursday,0,0,10,Post-Monsoon,840.77
2023-10-27,Z05,60443,15137,21.99,57.52,8.08,Friday,0,0,10,Post-Monsoon,818.19
2023-10-28,Z05,60584,15153,23.72,64.42,0.0,Saturday,1,0,10,Post-Monsoon,942.59
2023-10-29,Z05,60277,15185,22.11,65.15,0.0,Sunday,1,0,10,Post-Monsoon,910.99
2023-10-30,Z05,60325,15240,23.23,60.34,9.05,Monday,0,0,10,Post-Monsoon,900.9
2023-10-31,Z05,60719,15199,24.67,68.55,0.0,Tuesday,0,0,10,Post-Monsoon,917.9
2023-11-01,Z05,60231,15190,23.84,72.89,0.0,Wednesday,0,0,11,Post-Monsoon,916.32
2023-11-02,Z05,60466,15195,21.7,79.18,15.2,Thursday,0,0,11,Post-Monsoon,800.27
2023-11-03,Z05,60399,15137,25.82,65.72,24.52,Friday,0,0,11,Post-Monsoon,852.27
2023-11-04,Z05,60432,15240,20.35,72.63,25.17,Saturday,1,0,11,Post-Monsoon,835.97
2023-11-05,Z05,60178,15169,23.03,71.63,0.0,Sunday,1,0,11,Post-Monsoon,922.53
2023-11-06,Z05,60329,15161,21.83,71.15,6.02,Monday,0,0,11,Post-Monsoon,892.73
2023-11-07,Z05,60350,15303,22.41,62.73,5.09,Tuesday,0,0,11,Post-Monsoon,877.27
2023-11-08,Z05,60890,15210,20.83,63.67,0.0,Wednesday,0,0,11,Post-Monsoon,827.67
2023-11-09,Z05,60206,15235,20.5,74.13,0.0,Thursday,0,0,11,Post-Monsoon,884.57
2023-11-10,Z05,60927,15178,23.28,70.66,0.0,Friday,0,0,11,Post-Monsoon,880.0
2023-11-11,Z05,60107,15173,20.37,69.61,5.18,Saturday,1,0,11,Post-Monsoon,859.28
2023-11-12,Z05,60359,15207,22.32,69.94,0.0,Sunday,1,0,11,Post-Monsoon,929.38
2023-11-13,Z05,60524,15228,20.92,70.23,0.0,Monday,0,0,11,Post-Monsoon,864.77
2023-11-14,Z05,60608,15240,21.6,60.04,,Tuesday,0,0,11,Post-Monsoon,878.23
2023-11-15,Z05,60733,15139,21.45,66.79,12.47,Wednesday,0,0,11,Post-Monsoon,871.05
2023-11-16,Z05,60564,15166,20.23,68.84,0.0,Thursday,0,0,11,Post-Monsoon,926.01
2023-11-17,Z05,60550,15287,19.95,67.0,175.88,Friday,0,0,11,Post-Monsoon,890.45
2023-11-18,Z05,60350,15183,23.66,64.63,0.0,Saturday,1,0,11,Post-Monsoon,863.37
2023-11-19,Z05,60814,15169,24.01,74.88,0.0,Sunday,1,0,11,Post-Monsoon,829.52
2023-11-20,Z05,60284,15272,19.77,66.39,0.0,Monday,0,0,11,Post-Monsoon,821.82
2023-11-21,Z05,60244,15306,19.01,80.24,12.66,Tuesday,0,0,11,Post-Monsoon,843.13
2023-11-22,Z05,60661,15227,20.45,66.58,8.83,Wednesday,0,0,11,Post-Monsoon,847.47
2023-11-23,Z05,60190,15242,16.24,77.83,0.0,Thursday,0,0,11,Post-Monsoon,913.16
2023-11-24,Z05,60366,15205,23.87,74.77,0.0,Friday,0,0,11,Post-Monsoon,916.58
2023-11-25,Z05,60501,15186,18.41,71.69,8.92,Saturday,1,0,11,Post-Monsoon,831.67
2023-11-26,Z05,60490,15163,20.95,77.33,6.47,Sunday,1,0,11,Post-Monsoon,849.66
2023-11-27,Z05,60287,15162,19.65,72.03,12.22,Monday,0,0,11,Post-Monsoon,885.5
2023-11-28,Z05,60673,15208,19.52,64.78,22.48,Tuesday,0,0,11,Post-Monsoon,804.33
2023-11-29,Z05,60517,15224,21.52,78.95,0.0,Wednesday,0,0,11,Post-Monsoon,841.68
2023-11-30,Z05,60819,15164,21.07,68.66,0.0,Thursday,0,0,11,Post-Monsoon,883.02
2023-12-01,Z05,60579,15192,21.97,76.2,7.18,Friday,0,0,12,Winter,1079.16
2023-12-02,Z05,60697,15181,21.18,60.29,9.7,Saturday,1,0,12,Winter,896.04
2023-12-03,Z05,60481,15201,17.33,66.12,21.05,Sunday,1,0,12,Winter,920.54
2023-12-04,Z05,60326,15221,19.55,67.44,0.0,Monday,0,0,12,Winter,894.46
2023-12-05,Z05,60320,15167,19.92,72.35,7.01,Tuesday,0,0,12,Winter,862.03
2023-12-06,Z05,60249,15224,17.48,77.47,4.35,Wednesday,0,0,12,Winter,841.91
2023-12-07,Z05,60162,15168,19.71,73.94,0.0,Thursday,0,0,12,Winter,883.48
2023-12-08,Z05,60620,15190,20.71,70.43,15.77,Friday,0,0,12,Winter,797.28
2023-12-09,Z05,60268,15189,20.15,71.28,0.0,Saturday,1,0,12,Winter,942.34
2023-12-10,Z05,60163,15225,21.27,75.89,0.0,Sunday,1,0,12,Winter,906.28
2023-12-11,Z05,60516,15163,16.46,80.95,0.0,Monday,0,0,12,Winter,864.53
2023-12-12,Z05,60031,15181,17.57,80.25,0.0,Tuesday,0,0,12,Winter,848.31
2023-12-13,Z05,60551,15209,16.8,83.13,0.0,Wednesday,0,0,12,Winter,878.78
2023-12-14,Z05,60727,15249,18.08,67.06,12.01,Thursday,0,0,12,Winter,835.22
2023-12-15,Z05,60954,15253,22.72,57.72,0.0,Friday,0,0,12,Winter,897.34
2023-12-16,Z05,60217,15213,17.33,6.28,0.0,Saturday,1,0,12,Winter,921.16
2023-12-17,Z05,60368,15257,16.48,72.87,0.0,Sunday,1,0,12,Winter,918.85
2023-12-18,Z05,60215,15274,18.29,65.33,5.19,Monday,0,0,12,Winter,856.63
2023-12-19,Z05,60594,15208,22.23,65.89,15.44,Tuesday,0,0,12,Winter,830.07
2023-12-20,Z05,60479,15196,20.06,68.02,0.0,Wednesday,0,0,12,Winter,863.69
2023-12-21,Z05,60659,15237,24.19,68.97,8.92,Thursday,0,0,12,Winter,907.32
2023-12-22,Z05,60232,15267,19.91,65.55,0.0,Friday,0,0,12,Winter,912.73
2023-12-23,Z05,60185,15181,17.55,67.6,0.0,Saturday,1,0,12,Winter,865.61
2023-12-24,Z05,60840,15280,23.12,,0.0,Sunday,1,0,12,Winter,927.47
2023-12-25,Z05,60748,15248,16.29,68.76,2.61,Monday,0,1,12,Winter,953.63
2023-12-26,Z05,60566,15223,20.24,75.63,0.0,Tuesday,0,0,12,Winter,1008.32
2023-12-27,Z05,60367,15288,17.4,70.48,0.0,Wednesday,0,0,12,Winter,837.85
2023-12-28,Z05,60505,15239,19.91,65.72,0.0,Thursday,0,0,12,Winter,1172.92
2023-12-29,Z05,60727,15173,22.15,67.91,15.05,Friday,0,0,12,Winter,848.8
2023-12-30,Z05,60369,15189,21.72,63.87,0.0,Saturday,1,0,12,Winter,904.09
2023-12-31,Z05,60871,15107,19.96,71.34,0.0,Sunday,1,0,12,Winter,910.63
2024-01-01,Z05,60438,15273,20.44,68.2,0.0,Monday,0,1,1,Winter,992.29
2024-01-02,Z05,60280,15209,17.8,68.88,8.92,Tuesday,0,0,1,Winter,881.12
2024-01-03,Z05,60643,15218,23.1,64.2,0.0,Wednesday,0,0,1,Winter,935.1
2024-01-04,Z05,60461,15255,15.85,72.34,,Thursday,0,0,1,Winter,833.0
2024-01-05,Z05,60460,15203,22.49,69.44,0.0,Friday,0,0,1,Winter,859.79
2024-01-06,Z05,61022,15203,19.14,65.23,0.0,Saturday,1,0,1,Winter,948.33
2024-01-07,Z05,60358,15195,,75.35,25.51,Sunday,1,0,1,Winter,789.92
2024-01-08,Z05,60563,15255,18.81,63.87,21.6,Monday,0,0,1,Winter,849.96
2024-01-09,Z05,60605,15162,20.12,79.72,0.0,Tuesday,0,0,1,Winter,943.55
2024-01-10,Z05,60410,15191,21.14,75.99,11.32,Wednesday,0,0,1,Winter,824.28
2024-01-11,Z05,60100,15249,19.13,76.33,5.79,Thursday,0,0,1,Winter,889.28
2024-01-12,Z05,60750,15253,21.36,72.52,0.0,Friday,0,0,1,Winter,926.36
2024-01-13,Z05,60401,15173,21.27,77.73,0.0,Saturday,1,0,1,Winter,904.29
2024-01-14,Z05,60605,15238,18.05,77.6,0.0,Sunday,1,1,1,Winter,949.75
2024-01-15,Z05,60426,15233,20.94,70.05,0.0,Monday,0,0,1,Winter,901.14
2024-01-16,Z05,60297,15177,22.75,74.13,136.19,Tuesday,0,0,1,Winter,911.41
2024-01-17,Z05,59912,15223,,72.41,5.88,Wednesday,0,0,1,Winter,844.73
2024-01-18,Z05,60610,15231,18.83,75.24,0.0,Thursday,0,0,1,Winter,926.1
2024-01-19,Z05,60494,15214,19.86,75.0,0.0,Friday,0,0,1,Winter,851.76
2024-01-20,Z05,60804,15220,20.57,73.37,0.0,Saturday,1,0,1,Winter,936.65
2024-01-21,Z05,60625,15223,18.82,62.9,11.21,Sunday,1,0,1,Winter,868.03
2024-01-22,Z05,60548,15278,22.82,65.18,0.0,Monday,0,0,1,Winter,883.68
2024-01-23,Z05,60962,15220,23.26,65.37,0.0,Tuesday,0,0,1,Winter,889.07
2024-01-24,Z05,60576,15251,20.26,70.24,0.0,Wednesday,0,0,1,Winter,937.57
2024-01-25,Z05,60327,15219,26.1,71.24,0.0,Thursday,0,0,1,Winter,948.47
2024-01-26,Z05,60603,15259,21.51,70.32,0.0,Friday,0,1,1,Winter,986.95
2024-01-27,Z05,60226,15217,20.54,65.9,6.49,Saturday,1,0,1,Winter,902.01
2024-01-28,Z05,60334,15290,21.25,77.45,7.05,Sunday,1,0,1,Winter,955.87
2024-01-29,Z05,60591,15258,19.86,71.9,28.47,Monday,0,0,1,Winter,847.33
2024-01-30,Z05,60716,15230,18.82,71.16,16.37,Tuesday,0,0,1,Winter,799.21
2024-01-31,Z05,60500,15167,23.61,71.66,15.07,Wednesday,0,0,1,Winter,886.67
2024-02-01,Z05,60426,15266,17.14,78.81,0.0,Thursday,0,0,2,Winter,826.01
2024-02-02,Z05,60047,15215,23.29,67.99,0.0,Friday,0,0,2,Winter,924.22
2024-02-03,Z05,60820,15225,21.97,69.8,23.58,Saturday,1,0,2,Winter,865.64
2024-02-04,Z05,60011,15289,20.3,68.82,9.11,Sunday,1,0,2,Winter,874.49
2024-02-05,Z05,60518,15202,20.16,78.53,0.0,Monday,0,0,2,Winter,872.3
2024-02-06,Z05,60561,15244,23.17,69.9,0.0,Tuesday,0,0,2,Winter,914.35
2024-02-07,Z05,60429,15286,21.17,62.48,0.0,Wednesday,0,0,2,Winter,924.24
2024-02-08,Z05,60264,15208,23.23,68.68,0.0,Thursday,0,0,2,Winter,880.13
2024-02-09,Z05,60717,15256,22.61,63.7,0.0,Friday,0,0,2,Winter,928.52
2024-02-10,Z05,60479,15252,22.49,59.23,0.0,Saturday,1,0,2,Winter,928.54
2024-02-11,Z05,61206,15245,20.35,,0.0,Sunday,1,0,2,Winter,964.05
2024-02-12,Z05,60905,15259,22.84,76.29,0.0,Monday,0,0,2,Winter,924.0
2024-02-13,Z05,60026,15285,24.29,56.37,0.0,Tuesday,0,0,2,Winter,922.06
2024-02-14,Z05,60579,15193,23.09,64.27,0.0,Wednesday,0,0,2,Winter,947.58
2024-02-15,Z05,60936,15228,21.21,72.8,0.0,Thursday,0,0,2,Winter,901.33
2024-02-16,Z05,60532,15225,20.43,74.64,0.0,Friday,0,0,2,Winter,926.31
2024-02-17,Z05,60837,15234,22.64,63.42,0.0,Saturday,1,0,2,Winter,963.17
2024-02-18,Z05,60645,15294,22.55,62.43,0.0,Sunday,1,0,2,Winter,907.47
2024-02-19,Z05,60588,15217,22.43,63.15,0.0,Monday,0,0,2,Winter,976.4
2024-02-20,Z05,60829,15234,26.19,58.2,0.0,Tuesday,0,0,2,Winter,926.08
2024-02-21,Z05,60585,15244,23.55,76.37,0.0,Wednesday,0,0,2,Winter,953.29
2024-02-22,Z05,60793,15208,25.28,69.46,0.0,Thursday,0,0,2,Winter,925.87
2024-02-23,Z05,60475,15231,24.87,65.25,0.0,Friday,0,0,2,Winter,917.31
2024-02-24,Z05,60559,15313,,67.16,0.0,Saturday,1,0,2,Winter,918.64
2024-02-25,Z05,60328,15287,27.1,64.32,0.0,Sunday,1,0,2,Winter,977.29
2024-02-26,Z05,60327,15241,23.68,62.74,0.0,Monday,0,0,2,Winter,930.01
2024-02-27,Z05,60387,15248,23.12,75.28,22.66,Tuesday,0,0,2,Winter,880.69
2024-02-28,Z05,60545,15227,24.22,71.96,170.65,Wednesday,0,0,2,Winter,950.77
2024-02-29,Z05,60516,15239,24.76,76.3,0.0,Thursday,0,0,2,Winter,901.03
2024-03-01,Z05,60296,15180,22.43,69.66,0.0,Friday,0,0,3,Summer,959.02
2024-03-02,Z05,60384,15214,19.7,69.45,0.0,Saturday,1,0,3,Summer,938.69
2024-03-03,Z05,60374,15236,26.52,66.3,0.0,Sunday,1,0,3,Summer,983.86
2024-03-04,Z05,60351,15224,22.59,71.99,20.94,Monday,0,0,3,Summer,896.38
2024-03-05,Z05,60058,15316,24.81,68.99,0.0,Tuesday,0,0,3,Summer,938.76
2024-03-06,Z05,60559,15212,28.72,70.42,0.0,Wednesday,0,0,3,Summer,959.45
2024-03-07,Z05,60848,15270,24.65,62.64,0.0,Thursday,0,0,3,Summer,945.75
2024-03-08,Z05,60888,15284,25.64,67.21,0.0,Friday,0,0,3,Summer,986.63
2024-03-09,Z05,60744,15290,24.55,63.96,0.0,Saturday,1,0,3,Summer,998.98
2024-03-10,Z05,60904,15239,26.45,64.41,0.0,Sunday,1,0,3,Summer,977.0
2024-03-11,Z05,61241,15258,24.64,70.94,0.0,Monday,0,0,3,Summer,887.23
2024-03-12,Z05,60757,15329,26.08,68.33,21.56,Tuesday,0,0,3,Summer,866.91
2024-03-13,Z05,60678,15250,27.84,66.25,0.0,Wednesday,0,0,3,Summer,911.14
2024-03-14,Z05,60630,15338,26.04,67.67,16.46,Thursday,0,0,3,Summer,897.05
2024-03-15,Z05,60501,15222,25.94,68.19,0.0,Friday,0,0,3,Summer,997.44
2024-03-16,Z05,60545,15218,26.46,66.57,7.25,Saturday,1,0,3,Summer,968.48
2024-03-17,Z05,60539,15255,26.5,67.59,0.0,Sunday,1,0,3,Summer,1000.26
2024-03-18,Z05,60333,15221,25.41,61.28,0.0,Monday,0,0,3,Summer,962.75
2024-03-19,Z05,60746,15236,23.45,69.56,0.0,Tuesday,0,0,3,Summer,933.04
2024-03-20,Z05,60038,15305,24.49,66.35,0.0,Wednesday,0,0,3,Summer,930.48
2024-03-21,Z05,60424,15267,27.76,59.77,0.0,Thursday,0,0,3,Summer,926.77
2024-03-22,Z05,60684,15239,27.99,68.46,0.0,Friday,0,0,3,Summer,986.77
2024-03-23,Z05,60466,15249,28.9,64.55,0.0,Saturday,1,0,3,Summer,1053.76
2024-03-24,Z05,60557,15248,26.28,67.95,0.0,Sunday,1,0,3,Summer,939.47
2024-03-25,Z05,60848,15275,27.34,69.5,0.0,Monday,0,0,3,Summer,1206.67
2024-03-26,Z05,60693,15220,29.47,67.9,0.0,Tuesday,0,0,3,Summer,931.55
2024-03-27,Z05,60603,15212,27.66,65.94,15.02,Wednesday,0,0,3,Summer,886.39
2024-03-28,Z05,60951,15339,27.97,66.79,0.0,Thursday,0,0,3,Summer,998.65
2024-03-29,Z05,60691,15213,32.04,72.34,0.0,Friday,0,0,3,Summer,1017.21
2024-03-30,Z05,60827,15211,23.65,62.16,0.0,Saturday,1,0,3,Summer,946.43
2024-03-31,Z05,60559,15256,25.95,61.12,0.0,Sunday,1,0,3,Summer,965.92
2024-04-01,Z05,60761,15315,28.39,75.44,0.0,Monday,0,0,4,Summer,996.8
2024-04-02,Z05,60806,15229,30.72,63.46,0.0,Tuesday,0,0,4,Summer,985.7
2024-04-03,Z05,60726,15209,32.85,68.54,0.0,Wednesday,0,0,4,Summer,952.49
2024-04-04,Z05,60374,15286,30.92,61.99,0.0,Thursday,0,0,4,Summer,969.74
2024-04-05,Z05,60688,15272,30.36,61.32,0.0,Friday,0,0,4,Summer,947.85
2024-04-06,Z05,60260,15314,27.98,69.56,2.83,Saturday,1,0,4,Summer,978.51
2024-04-07,Z05,60465,15316,26.79,69.24,0.0,Sunday,1,0,4,Summer,1036.08
2024-04-08,Z05,60477,15265,28.48,71.53,0.0,Monday,0,0,4,Summer,1001.37
2024-04-09,Z05,61197,15183,30.11,65.55,12.88,Tuesday,0,0,4,Summer,950.57
2024-04-10,Z05,61074,15164,33.17,77.02,0.0,Wednesday,0,0,4,Summer,992.43
2024-04-11,Z05,60868,15319,30.33,55.34,0.0,Thursday,0,0,4,Summer,1006.6
2024-04-12,Z05,60256,15218,29.73,72.44,5.26,Friday,0,0,4,Summer,1058.68
2024-04-13,Z05,60810,15246,30.76,60.98,0.0,Saturday,1,0,4,Summer,1003.58
2024-04-14,Z05,60566,15280,33.7,61.03,0.0,Sunday,1,0,4,Summer,1036.81
2024-04-15,Z05,60235,15299,30.19,66.46,0.0,Monday,0,0,4,Summer,962.49
2024-04-16,Z05,60640,15267,30.4,62.13,0.0,Tuesday,0,0,4,Summer,975.12
2024-04-17,Z05,60502,15230,28.45,63.05,0.0,Wednesday,0,0,4,Summer,931.05
2024-04-18,Z05,60957,15253,27.87,55.32,23.27,Thursday,0,0,4,Summer,947.22
2024-04-19,Z05,60630,15220,34.27,61.54,0.0,Friday,0,0,4,Summer,1002.05
2024-04-20,Z05,60794,15280,29.4,66.05,0.0,Saturday,1,0,4,Summer,987.64
2024-04-21,Z05,60647,15320,27.88,69.88,0.0,Sunday,1,0,4,Summer,982.37
2024-04-22,Z05,60596,15355,31.8,61.36,0.0,Monday,0,0,4,Summer,987.19
2024-04-23,Z05,60581,15279,31.26,65.47,0.0,Tuesday,0,0,4,Summer,925.11
2024-04-24,Z05,60481,15218,29.29,62.87,0.0,Wednesday,0,0,4,Summer,983.74
2024-04-25,Z05,60555,15321,30.32,55.77,0.0,Thursday,0,0,4,Summer,986.37
2024-04-26,Z05,60961,15262,28.86,61.36,0.0,Friday,0,0,4,Summer,1002.72
2024-04-27,Z05,60321,15271,31.89,67.63,0.0,Saturday,1,0,4,Summer,1020.74
2024-04-28,Z05,60903,15313,34.55,70.11,21.47,Sunday,1,0,4,Summer,1040.74
2024-04-29,Z05,61254,15233,49.35,71.42,0.0,Monday,0,0,4,Summer,924.14
2024-04-30,Z05,60754,15289,31.18,65.49,0.0,Tuesday,0,0,4,Summer,1048.97
2024-05-01,Z05,60863,15317,29.32,66.6,8.23,Wednesday,0,0,5,Summer,1067.14
2024-05-02,Z05,61249,15245,33.21,73.19,0.0,Thursday,0,0,5,Summer,995.1
2024-05-03,Z05,60165,15241,30.67,62.8,10.32,Friday,0,0,5,Summer,963.62
2024-05-04,Z05,61003,15259,33.68,,0.0,Saturday,1,0,5,Summer,1044.64
2024-05-05,Z05,60355,15298,30.32,62.91,15.53,Sunday,1,0,5,Summer,923.69
2024-05-06,Z05,60772,15291,32.57,62.13,0.0,Monday,0,0,5,Summer,998.67
2024-05-07,Z05,60820,15226,32.33,57.66,0.0,Tuesday,0,0,5,Summer,991.72
2024-05-08,Z05,60761,15231,28.48,66.29,0.0,Wednesday,0,0,5,Summer,995.99
2024-05-09,Z05,61235,15237,33.23,60.51,0.0,Thursday,0,0,5,Summer,997.78
2024-05-10,Z05,60933,15296,34.46,60.56,7.64,Friday,0,0,5,Summer,987.08
2024-05-11,Z05,60752,15298,30.84,57.41,0.0,Saturday,1,0,5,Summer,1063.97
2024-05-12,Z05,60884,15214,31.29,65.48,0.0,Sunday,1,0,5,Summer,958.98
2024-05-13,Z05,60531,15260,31.79,58.42,0.0,Monday,0,0,5,Summer,984.25
2024-05-14,Z05,60558,15265,34.32,63.23,3.11,Tuesday,0,0,5,Summer,967.84
2024-05-15,Z05,61166,15294,28.45,73.57,13.73,Wednesday,0,0,5,Summer,964.62
2024-05-16,Z05,60316,15284,30.05,74.71,0.0,Thursday,0,0,5,Summer,974.63
2024-05-17,Z05,60772,15289,31.52,67.23,0.0,Friday,0,0,5,Summer,1025.43
2024-05-18,Z05,60665,15247,37.57,68.16,23.08,Saturday,1,0,5,Summer,979.45
2024-05-19,Z05,60386,15350,35.33,64.26,16.64,Sunday,1,0,5,Summer,1027.06
2024-05-20,Z05,60569,15305,36.93,59.24,21.61,Monday,0,0,5,Summer,921.95
2024-05-21,Z05,61215,15245,32.39,65.13,0.0,Tuesday,0,0,5,Summer,926.1
2024-05-22,Z05,60741,15288,32.9,71.91,0.0,Wednesday,0,0,5,Summer,955.41
2024-05-23,Z05,60146,15270,33.09,63.69,0.0,Thursday,0,0,5,Summer,951.57
2024-05-24,Z05,61044,15261,31.43,56.08,0.0,Friday,0,0,5,Summer,1017.15
2024-05-25,Z05,60093,15281,33.88,61.52,0.0,Saturday,1,0,5,Summer,1241.05
2024-05-26,Z05,60697,15253,31.88,55.47,,Sunday,1,0,5,Summer,1047.88
2024-05-27,Z05,60613,15320,35.49,71.85,0.0,Monday,0,0,5,Summer,1011.85
2024-05-28,Z05,60572,15297,36.37,57.54,0.0,Tuesday,0,0,5,Summer,985.07
2024-05-29,Z05,60664,15291,37.6,64.61,6.0,Wednesday,0,0,5,Summer,981.97
2024-05-30,Z05,60488,15282,28.75,65.15,0.0,Thursday,0,0,5,Summer,929.56
2024-05-31,Z05,60987,15320,32.55,67.12,7.96,Friday,0,0,5,Summer,1025.18
2024-06-01,Z05,60760,15246,36.37,61.08,0.0,Saturday,1,0,6,Monsoon,1027.76
2024-06-02,Z05,60557,15311,33.52,66.91,0.0,Sunday,1,0,6,Monsoon,1150.76
2024-06-03,Z05,60822,15303,32.79,61.79,0.0,Monday,0,0,6,Monsoon,937.12
2024-06-04,Z05,60508,15305,31.12,62.31,0.0,Tuesday,0,0,6,Monsoon,961.46
2024-06-05,Z05,60925,15263,32.83,,0.0,Wednesday,0,0,6,Monsoon,979.25
2024-06-06,Z05,60672,15308,32.48,69.41,0.0,Thursday,0,0,6,Monsoon,1000.14
2024-06-07,Z05,61006,15241,36.89,58.79,5.31,Friday,0,0,6,Monsoon,932.72
2024-06-08,Z05,60448,15230,36.28,56.69,0.0,Saturday,1,0,6,Monsoon,999.84
2024-06-09,Z05,60974,15325,32.32,71.36,5.11,Sunday,1,0,6,Monsoon,977.77
2024-06-10,Z05,60511,15289,28.69,67.38,5.57,Monday,0,0,6,Monsoon,974.77
2024-06-11,Z05,60681,15257,35.49,72.15,0.0,Tuesday,0,0,6,Monsoon,937.48
2024-06-12,Z05,60863,15267,32.23,60.14,0.0,Wednesday,0,0,6,Monsoon,922.99
2024-06-13,Z05,60747,15267,31.87,69.9,0.0,Thursday,0,0,6,Monsoon,979.26
2024-06-14,Z05,60766,15326,31.7,60.93,0.0,Friday,0,0,6,Monsoon,1088.6
2024-06-15,Z05,60901,15306,34.14,69.03,0.0,Saturday,1,0,6,Monsoon,1033.14
2024-06-16,Z05,60983,15243,31.82,59.73,0.0,Sunday,1,0,6,Monsoon,1024.48
2024-06-17,Z05,61209,15294,34.24,62.7,0.0,Monday,0,0,6,Monsoon,1001.9
2024-06-18,Z05,60428,15230,32.52,67.28,0.0,Tuesday,0,0,6,Monsoon,1018.01
2024-06-19,Z05,61003,15255,36.37,69.63,0.0,Wednesday,0,0,6,Monsoon,1014.94
2024-06-20,Z05,60863,15330,35.95,65.54,2.83,Thursday,0,0,6,Monsoon,954.97
2024-06-21,Z05,61015,15285,28.99,60.87,6.34,Friday,0,0,6,Monsoon,903.28
2024-06-22,Z05,60845,15313,32.68,68.34,0.0,Saturday,1,0,6,Monsoon,934.47
2024-06-23,Z05,60287,15256,32.43,64.22,20.01,Sunday,1,0,6,Monsoon,982.05
2024-06-24,Z05,61004,15171,37.03,69.22,43.13,Monday,0,0,6,Monsoon,912.87
2024-06-25,Z05,60802,15246,34.76,65.25,0.0,Tuesday,0,0,6,Monsoon,985.82
2024-06-26,Z05,60644,15320,35.92,66.83,0.0,Wednesday,0,0,6,Monsoon,1033.62
2024-06-27,Z05,60829,15325,31.18,58.19,0.0,Thursday,0,0,6,Monsoon,912.39
2024-06-28,Z05,60614,15340,33.05,56.7,8.75,Friday,0,0,6,Monsoon,943.33
2024-06-29,Z05,60394,15230,34.84,60.4,0.0,Saturday,1,0,6,Monsoon,977.45
2024-06-30,Z05,60723,15316,30.54,67.1,0.0,Sunday,1,0,6,Monsoon,1038.95
2024-07-01,Z05,60794,15276,34.68,62.29,33.46,Monday,0,0,7,Monsoon,903.94
2024-07-02,Z05,60848,15204,32.5,58.51,9.49,Tuesday,0,0,7,Monsoon,953.43
2024-07-03,Z05,60446,15307,36.54,55.47,0.0,Wednesday,0,0,7,Monsoon,997.17
2024-07-04,Z05,61113,15315,34.59,67.67,10.62,Thursday,0,0,7,Monsoon,981.71
2024-07-05,Z05,60737,15249,35.21,69.47,9.02,Friday,0,0,7,Monsoon,987.81
2024-07-06,Z05,60636,15182,36.02,63.17,0.0,Saturday,1,0,7,Monsoon,1042.16
2024-07-07,Z05,60600,15278,34.66,67.95,0.0,Sunday,1,0,7,Monsoon,1020.97
2024-07-08,Z05,60980,15257,36.48,63.79,0.0,Monday,0,0,7,Monsoon,948.16
2024-07-09,Z05,60690,15288,30.26,63.36,0.0,Tuesday,0,0,7,Monsoon,962.97
2024-07-10,Z05,60099,15277,30.65,60.14,0.0,Wednesday,0,0,7,Monsoon,894.37
2024-07-11,Z05,60636,15268,31.56,66.55,0.0,Thursday,0,0,7,Monsoon,897.3
2024-07-12,Z05,60468,15306,31.11,62.85,0.0,Friday,0,0,7,Monsoon,937.22
2024-07-13,Z05,60478,15304,34.32,77.24,23.82,Saturday,1,0,7,Monsoon,881.69
2024-07-14,Z05,61214,15380,32.0,61.82,0.0,Sunday,1,0,7,Monsoon,991.31
2024-07-15,Z05,60927,15388,35.94,72.32,,Monday,0,0,7,Monsoon,986.4
2024-07-16,Z05,60921,15268,32.31,62.6,14.09,Tuesday,0,0,7,Monsoon,977.49
2024-07-17,Z05,60890,15310,33.03,68.99,6.13,Wednesday,0,0,7,Monsoon,939.36
2024-07-18,Z05,60751,15249,34.11,70.82,0.0,Thursday,0,0,7,Monsoon,999.92
2024-07-19,Z05,60518,15365,28.26,66.48,0.0,Friday,0,0,7,Monsoon,994.96
2024-07-20,Z05,61414,15296,31.53,56.41,0.0,Saturday,1,0,7,Monsoon,961.13
2024-07-21,Z05,61084,15332,31.77,62.59,0.0,Sunday,1,0,7,Monsoon,922.27
2024-07-22,Z05,60997,15308,33.3,60.64,1.35,Monday,0,0,7,Monsoon,969.26
2024-07-23,Z05,60779,15278,33.94,57.8,0.0,Tuesday,0,0,7,Monsoon,983.39
2024-07-24,Z05,60782,15304,29.27,57.64,0.0,Wednesday,0,0,7,Monsoon,924.47
2024-07-25,Z05,60924,15262,27.9,74.88,0.0,Thursday,0,0,7,Monsoon,973.59
2024-07-26,Z05,60764,15253,32.53,62.77,,Friday,0,0,7,Monsoon,978.71
2024-07-27,Z05,60148,15234,36.77,60.81,10.35,Saturday,1,0,7,Monsoon,923.56
2024-07-28,Z05,61101,15298,33.33,62.3,0.0,Sunday,1,0,7,Monsoon,1020.82
2024-07-29,Z05,60855,15315,31.22,72.57,15.58,Monday,0,0,7,Monsoon,952.61
2024-07-30,Z05,60768,15341,28.91,64.74,0.0,Tuesday,0,0,7,Monsoon,957.23
2024-07-31,Z05,60787,15274,32.23,66.26,0.0,Wednesday,0,0,7,Monsoon,996.22
2024-08-01,Z05,60797,15217,31.76,68.01,13.06,Thursday,0,0,8,Monsoon,913.04
2024-08-02,Z05,60990,15254,28.8,68.4,0.0,Friday,0,0,8,Monsoon,868.87
2024-08-03,Z05,61388,15291,37.08,58.34,5.39,Saturday,1,0,8,Monsoon,931.44
2024-08-04,Z05,60832,,30.99,72.43,0.0,Sunday,1,0,8,Monsoon,959.64
2024-08-05,Z05,60388,15310,31.74,63.0,0.0,Monday,0,0,8,Monsoon,937.58
2024-08-06,Z05,61219,15334,31.0,56.4,38.36,Tuesday,0,0,8,Monsoon,871.89
2024-08-07,Z05,60723,15292,32.17,65.12,0.0,Wednesday,0,0,8,Monsoon,912.29
2024-08-08,Z05,60363,15273,31.29,67.06,6.73,Thursday,0,0,8,Monsoon,861.11
2024-08-09,Z05,60575,15291,32.46,67.13,0.0,Friday,0,0,8,Monsoon,971.08
2024-08-10,Z05,61121,15354,34.62,56.45,1.86,Saturday,1,0,8,Monsoon,1039.19
2024-08-11,Z05,60699,15322,30.21,65.62,0.94,Sunday,1,0,8,Monsoon,1041.37
2024-08-12,Z05,60847,15303,30.4,65.65,0.53,Monday,0,0,8,Monsoon,985.55
2024-08-13,Z05,60705,15356,29.58,67.78,5.85,Tuesday,0,0,8,Monsoon,939.61
2024-08-14,Z05,61030,15331,29.7,57.1,17.95,Wednesday,0,0,8,Monsoon,941.47
2024-08-15,Z05,61005,15294,26.75,66.24,0.44,Thursday,0,1,8,Monsoon,992.97
2024-08-16,Z05,60748,15304,30.24,58.65,2.47,Friday,0,0,8,Monsoon,918.9
2024-08-17,Z05,60946,15316,26.11,69.99,9.26,Saturday,1,0,8,Monsoon,982.82
2024-08-18,Z05,60774,15317,30.72,63.96,30.14,Sunday,1,0,8,Monsoon,894.1
2024-08-19,Z05,60634,15339,27.33,78.87,2.45,Monday,0,0,8,Monsoon,888.37
2024-08-20,Z05,60440,15297,26.17,64.37,6.57,Tuesday,0,0,8,Monsoon,896.94
2024-08-21,Z05,60909,15352,29.31,67.58,0.0,Wednesday,0,0,8,Monsoon,968.71
2024-08-22,Z05,61018,15276,29.06,64.28,0.0,Thursday,0,0,8,Monsoon,890.07
2024-08-23,Z05,60661,15309,28.22,67.77,0.0,Friday,0,0,8,Monsoon,943.89
2024-08-24,Z05,61261,15311,27.55,65.69,0.0,Saturday,1,0,8,Monsoon,921.08
2024-08-25,Z05,60747,15285,30.24,61.01,0.0,Sunday,1,0,8,Monsoon,990.64
2024-08-26,Z05,60974,15290,26.76,65.48,0.87,Monday,0,0,8,Monsoon,872.38
2024-08-27,Z05,61161,15326,31.59,67.48,10.5,Tuesday,0,0,8,Monsoon,877.74
2024-08-28,Z05,60573,15352,30.38,71.41,6.42,Wednesday,0,0,8,Monsoon,864.42
2024-08-29,Z05,60723,15335,29.5,55.23,10.98,Thursday,0,0,8,Monsoon,835.37
2024-08-30,Z05,60577,15270,28.01,67.16,0.0,Friday,0,0,8,Monsoon,855.29
2024-08-31,Z05,60745,15277,28.59,64.55,8.31,Saturday,1,0,8,Monsoon,933.59
2024-09-01,Z05,61230,15309,27.85,59.43,0.0,Sunday,1,0,9,Monsoon,910.75
2024-09-02,Z05,61530,15303,25.64,70.88,13.11,Monday,0,0,9,Monsoon,865.06
2024-09-03,Z05,61113,15353,27.61,62.41,0.0,Tuesday,0,0,9,Monsoon,924.48
2024-09-04,Z05,60673,15333,26.55,68.44,11.31,Wednesday,0,0,9,Monsoon,846.27
2024-09-05,Z05,60845,15284,25.98,76.9,10.98,Thursday,0,0,9,Monsoon,837.6
2024-09-06,Z05,61094,15340,28.39,70.13,12.22,Friday,0,0,9,Monsoon,893.75
2024-09-07,Z05,61310,15369,26.09,70.3,10.99,Saturday,1,0,9,Monsoon,899.34
2024-09-08,Z05,61133,15371,31.65,70.7,13.92,Sunday,1,0,9,Monsoon,893.34
2024-09-09,Z05,61018,15338,23.59,70.8,0.0,Monday,0,0,9,Monsoon,887.05
2024-09-10,Z05,60506,15263,28.34,65.22,0.0,Tuesday,0,0,9,Monsoon,957.16
2024-09-11,Z05,60762,15373,27.29,67.2,17.49,Wednesday,0,0,9,Monsoon,863.47
2024-09-12,Z05,60600,15326,29.37,68.19,0.0,Thursday,0,0,9,Monsoon,903.87
2024-09-13,Z05,60970,15306,29.94,67.12,18.03,Friday,0,0,9,Monsoon,868.29
2024-09-14,Z05,61036,15352,27.24,65.81,5.35,Saturday,1,0,9,Monsoon,937.23
2024-09-15,Z05,60626,15320,27.3,54.16,0.0,Sunday,1,0,9,Monsoon,971.28
2024-09-16,Z05,60943,15304,24.11,79.12,0.0,Monday,0,0,9,Monsoon,917.52
2024-09-17,Z05,61138,15268,26.7,70.83,20.08,Tuesday,0,0,9,Monsoon,861.14
2024-09-18,Z05,60959,15383,27.43,69.59,0.0,Wednesday,0,0,9,Monsoon,874.3
2024-09-19,Z05,60818,15242,28.53,61.65,5.09,Thursday,0,0,9,Monsoon,888.0
2024-09-20,Z05,60817,15315,29.97,61.08,15.55,Friday,0,0,9,Monsoon,885.88
2024-09-21,Z05,61073,15323,28.65,68.22,23.19,Saturday,1,0,9,Monsoon,925.42
2024-09-22,Z05,60513,15306,25.15,69.71,11.39,Sunday,1,0,9,Monsoon,945.66
2024-09-23,Z05,61136,15311,23.35,62.75,18.6,Monday,0,0,9,Monsoon,878.53
2024-09-24,Z05,60644,15392,23.08,78.01,8.42,Tuesday,0,0,9,Monsoon,844.88
2024-09-25,Z05,60694,15298,23.48,64.93,0.0,Wednesday,0,0,9,Monsoon,860.83
2024-09-26,Z05,60590,15374,25.81,69.41,38.78,Thursday,0,0,9,Monsoon,807.08
2024-09-27,Z05,60954,15356,26.28,67.65,17.81,Friday,0,0,9,Monsoon,896.72
2024-09-28,Z05,60745,15335,25.96,57.32,3.77,Saturday,1,0,9,Monsoon,944.8
2024-09-29,Z05,60648,15328,30.64,54.5,6.31,Sunday,1,0,9,Monsoon,938.57
2024-09-30,Z05,61024,15311,21.32,75.96,5.93,Monday,0,0,9,Monsoon,897.48
2024-10-01,Z05,61215,15333,27.06,74.02,0.0,Tuesday,0,0,10,Post-Monsoon,915.38
2024-10-02,Z05,60482,15338,26.71,65.19,7.54,Wednesday,0,1,10,Post-Monsoon,847.93
2024-10-03,Z05,60886,15330,25.04,60.97,0.0,Thursday,0,0,10,Post-Monsoon,937.94
2024-10-04,Z05,61081,15283,25.14,65.63,0.0,Friday,0,0,10,Post-Monsoon,877.74
2024-10-05,Z05,61363,15330,24.23,61.6,28.11,Saturday,1,0,10,Post-Monsoon,839.58
2024-10-06,Z05,60232,15278,22.26,65.8,21.68,Sunday,1,0,10,Post-Monsoon,840.48
2024-10-07,Z05,60682,15337,25.72,53.97,11.38,Monday,0,0,10,Post-Monsoon,904.95
2024-10-08,Z05,60571,15320,20.07,69.06,0.0,Tuesday,0,0,10,Post-Monsoon,875.36
2024-10-09,Z05,60828,15308,23.63,69.66,0.0,Wednesday,0,0,10,Post-Monsoon,926.81
2024-10-10,Z05,61027,15326,22.18,75.63,0.0,Thursday,0,0,10,Post-Monsoon,826.87
2024-10-11,Z05,60941,15251,20.13,65.92,0.0,Friday,0,0,10,Post-Monsoon,828.42
2024-10-12,Z05,60860,15293,26.49,68.13,1.57,Saturday,1,0,10,Post-Monsoon,928.16
2024-10-13,Z05,60730,15307,23.37,67.15,13.16,Sunday,1,0,10,Post-Monsoon,842.23
2024-10-14,Z05,60840,15364,23.64,67.73,0.0,Monday,0,0,10,Post-Monsoon,831.05
2024-10-15,Z05,60831,15341,24.24,63.42,2.75,Tuesday,0,0,10,Post-Monsoon,878.8
2024-10-16,Z05,60679,15279,23.0,71.85,19.62,Wednesday,0,0,10,Post-Monsoon,800.33
2024-10-17,Z05,60712,15283,19.84,73.87,7.29,Thursday,0,0,10,Post-Monsoon,846.87
2024-10-18,Z05,61067,15378,24.62,63.75,4.36,Friday,0,0,10,Post-Monsoon,925.29
2024-10-19,Z05,60738,15362,22.64,77.53,23.69,Saturday,1,0,10,Post-Monsoon,877.57
2024-10-20,Z05,60873,15342,25.0,70.53,12.61,Sunday,1,0,10,Post-Monsoon,875.98
2024-10-21,Z05,61327,15319,27.25,61.4,0.0,Monday,0,0,10,Post-Monsoon,915.21
2024-10-22,Z05,61250,15305,25.75,66.52,0.0,Tuesday,0,0,10,Post-Monsoon,851.39
2024-10-23,Z05,61191,15311,24.19,68.9,20.81,Wednesday,0,1,10,Post-Monsoon,809.32
2024-10-24,Z05,60924,15307,21.21,61.81,4.49,Thursday,0,0,10,Post-Monsoon,874.54
2024-10-25,Z05,61039,15325,22.36,68.81,16.75,Friday,0,0,10,Post-Monsoon,865.45
2024-10-26,Z05,60975,15317,,63.87,0.0,Saturday,1,0,10,Post-Monsoon,884.88
2024-10-27,Z05,61067,15388,23.46,68.07,0.0,Sunday,1,0,10,Post-Monsoon,952.86
2024-10-28,Z05,61199,15336,23.14,61.59,4.49,Monday,0,0,10,Post-Monsoon,848.42
2024-10-29,Z05,60875,15290,21.94,80.31,0.0,Tuesday,0,0,10,Post-Monsoon,876.7
2024-10-30,Z05,61259,15359,22.8,73.48,0.0,Wednesday,0,0,10,Post-Monsoon,880.36
2024-10-31,Z05,60826,15314,22.36,59.63,37.19,Thursday,0,0,10,Post-Monsoon,826.52
2024-11-01,Z05,60767,15318,22.42,65.45,0.0,Friday,0,0,11,Post-Monsoon,864.04
2024-11-02,Z05,60914,15307,21.51,69.2,0.0,Saturday,1,0,11,Post-Monsoon,951.35
2024-11-03,Z05,60763,15331,23.35,69.69,0.0,Sunday,1,0,11,Post-Monsoon,909.12
2024-11-04,Z05,60588,15291,25.36,65.58,9.87,Monday,0,0,11,Post-Monsoon,848.85
2024-11-05,Z05,60460,15316,23.9,64.47,0.0,Tuesday,0,0,11,Post-Monsoon,863.76
2024-11-06,Z05,61116,15346,22.97,68.96,4.99,Wednesday,0,0,11,Post-Monsoon,922.17
2024-11-07,Z05,60672,15293,23.41,68.41,0.0,Thursday,0,0,11,Post-Monsoon,868.21
2024-11-08,Z05,60855,15279,23.51,68.39,0.0,Friday,0,0,11,Post-Monsoon,892.37
2024-11-09,Z05,61036,15313,21.28,75.27,0.0,Saturday,1,0,11,Post-Monsoon,898.62
2024-11-10,Z05,60290,15305,21.85,65.5,14.9,Sunday,1,0,11,Post-Monsoon,851.1
2024-11-11,Z05,61113,15300,19.98,79.17,5.92,Monday,0,0,11,Post-Monsoon,836.27
2024-11-12,Z05,60677,15340,23.54,66.22,0.0,Tuesday,0,0,11,Post-Monsoon,910.42
2024-11-13,Z05,61494,15371,20.58,68.71,0.0,Wednesday,0,0,11,Post-Monsoon,862.39
2024-11-14,Z05,61222,15286,21.07,70.09,0.0,Thursday,0,0,11,Post-Monsoon,823.29
2024-11-15,Z05,61109,15312,48.59,76.97,0.0,Friday,0,0,11,Post-Monsoon,855.77
2024-11-16,Z05,60999,15399,22.42,62.11,5.91,Saturday,1,0,11,Post-Monsoon,892.56
2024-11-17,Z05,61087,15372,20.82,70.83,0.0,Sunday,1,0,11,Post-Monsoon,888.6
2024-11-18,Z05,61081,15346,20.31,68.16,0.0,Monday,0,0,11,Post-Monsoon,919.23
2024-11-19,Z05,61048,15339,20.38,69.94,0.0,Tuesday,0,0,11,Post-Monsoon,890.15
2024-11-20,Z05,61026,15314,20.0,,0.0,Wednesday,0,0,11,Post-Monsoon,882.08
2024-11-21,Z05,61178,15374,21.41,72.93,0.0,Thursday,0,0,11,Post-Monsoon,834.44
2024-11-22,Z05,61333,15353,24.55,76.97,0.0,Friday,0,0,11,Post-Monsoon,885.38
2024-11-23,Z05,60792,15433,22.26,69.36,12.55,Saturday,1,0,11,Post-Monsoon,911.69
2024-11-24,Z05,61295,15324,17.25,71.31,0.0,Sunday,1,0,11,Post-Monsoon,895.76
2024-11-25,Z05,61046,15367,20.09,72.25,12.61,Monday,0,0,11,Post-Monsoon,881.82
2024-11-26,Z05,61118,15349,24.15,60.48,4.09,Tuesday,0,0,11,Post-Monsoon,850.37
2024-11-27,Z05,60946,,22.04,69.81,0.0,Wednesday,0,0,11,Post-Monsoon,888.77
2024-11-28,Z05,60842,15377,18.02,70.61,9.02,Thursday,0,0,11,Post-Monsoon,918.94
2024-11-29,Z05,60992,15307,16.34,75.34,0.0,Friday,0,0,11,Post-Monsoon,878.44
2024-11-30,Z05,60998,15324,20.69,79.56,15.97,Saturday,1,0,11,Post-Monsoon,878.18
2024-12-01,Z05,61098,15335,18.69,74.82,0.0,Sunday,1,0,12,Winter,892.91
2024-12-02,Z05,61266,15358,18.95,70.37,29.99,Monday,0,0,12,Winter,841.26
2024-12-03,Z05,60694,15293,19.66,73.8,15.92,Tuesday,0,0,12,Winter,823.3
2024-12-04,Z05,61155,15332,18.57,75.54,16.69,Wednesday,0,0,12,Winter,810.33
2024-12-05,Z05,61316,15311,20.3,78.2,9.22,Thursday,0,0,12,Winter,878.19
2024-12-06,Z05,60577,15310,20.59,61.98,15.78,Friday,0,0,12,Winter,819.42
2024-12-07,Z05,61018,15404,22.71,68.39,11.33,Saturday,1,0,12,Winter,841.65
2024-12-08,Z05,60575,15353,19.02,72.72,0.0,Sunday,1,0,12,Winter,933.39
2024-12-09,Z05,61099,15311,21.52,75.58,0.0,Monday,0,0,12,Winter,880.9
2024-12-10,Z05,60588,15283,21.02,76.23,0.0,Tuesday,0,0,12,Winter,882.5
2024-12-11,Z05,60819,15333,21.29,70.11,3.99,Wednesday,0,0,12,Winter,865.35
2024-12-12,Z05,60839,15344,18.31,70.97,4.22,Thursday,0,0,12,Winter,899.63
2024-12-13,Z05,60774,15369,17.99,69.52,0.0,Friday,0,0,12,Winter,872.91
2024-12-14,Z05,60876,15334,21.51,69.78,0.0,Saturday,1,0,12,Winter,926.48
2024-12-15,Z05,61242,15300,17.47,76.29,0.0,Sunday,1,0,12,Winter,838.27
2024-12-16,Z05,60870,15336,21.54,64.81,12.88,Monday,0,0,12,Winter,849.72
2024-12-17,Z05,60991,15360,18.83,73.45,0.0,Tuesday,0,0,12,Winter,959.46
2024-12-18,Z05,61657,15314,22.54,73.14,16.23,Wednesday,0,0,12,Winter,864.14
2024-12-19,Z05,60896,15332,20.68,65.32,0.0,Thursday,0,0,12,Winter,912.58
2024-12-20,Z05,60658,15313,15.73,76.62,0.0,Friday,0,0,12,Winter,844.77
2024-12-21,Z05,61483,15294,18.77,62.9,9.47,Saturday,1,0,12,Winter,893.43
2024-12-22,Z05,60887,15358,18.79,68.35,0.0,Sunday,1,0,12,Winter,914.58
2024-12-23,Z05,61135,15296,22.83,69.17,4.35,Monday,0,0,12,Winter,955.88
2024-12-24,Z05,61021,15361,23.01,67.59,0.0,Tuesday,0,0,12,Winter,904.55
2024-12-25,Z05,61351,15345,23.09,68.74,0.0,Wednesday,0,1,12,Winter,927.88
2024-12-26,Z05,60797,15332,17.16,67.31,0.0,Thursday,0,0,12,Winter,911.4
2024-12-27,Z05,61102,15297,18.35,69.91,0.0,Friday,0,0,12,Winter,860.22
2024-12-28,Z05,61358,15325,17.83,72.26,0.0,Saturday,1,0,12,Winter,893.77
2024-12-29,Z05,60766,15333,20.03,59.96,0.0,Sunday,1,0,12,Winter,866.62
2024-12-30,Z05,61249,15371,20.3,61.47,0.0,Monday,0,0,12,Winter,876.55
2024-12-31,Z05,61285,15421,21.38,66.86,0.0,Tuesday,0,0,12,Winter,873.61
2025-01-01,Z05,60689,15269,19.39,69.53,0.0,Wednesday,0,1,1,Winter,903.59
2025-01-02,Z05,60971,15322,22.2,70.01,0.0,Thursday,0,0,1,Winter,892.2
2025-01-03,Z05,61005,15334,25.03,58.74,0.0,Friday,0,0,1,Winter,869.18
2025-01-04,Z05,60489,15375,17.58,69.96,0.0,Saturday,1,0,1,Winter,943.96
2025-01-05,Z05,61310,15410,17.77,73.57,9.07,Sunday,1,0,1,Winter,892.96
2025-01-06,Z05,61366,15313,15.54,72.13,0.0,Monday,0,0,1,Winter,889.54
2025-01-07,Z05,60985,15339,20.03,74.37,0.0,Tuesday,0,0,1,Winter,918.42
2025-01-08,Z05,61161,15300,21.47,68.98,0.0,Wednesday,0,0,1,Winter,931.51
2025-01-09,Z05,61006,15365,19.82,73.81,0.0,Thursday,0,0,1,Winter,878.74
2025-01-10,Z05,61154,15326,18.76,69.61,0.0,Friday,0,0,1,Winter,825.32
2025-01-11,Z05,60871,15305,18.47,71.53,0.0,Saturday,1,0,1,Winter,911.42
2025-01-12,Z05,60963,15303,23.47,77.3,3.39,Sunday,1,0,1,Winter,955.86
2025-01-13,Z05,61553,15285,22.92,67.72,18.37,Monday,0,0,1,Winter,897.01
2025-01-14,Z05,60781,15398,18.91,79.95,7.36,Tuesday,0,1,1,Winter,872.28
2025-01-15,Z05,61249,15297,25.74,67.09,0.0,Wednesday,0,0,1,Winter,938.26
2025-01-16,Z05,60939,15350,18.23,,11.9,Thursday,0,0,1,Winter,845.45
2025-01-17,Z05,60963,15272,18.62,64.51,0.0,Friday,0,0,1,Winter,911.72
2025-01-18,Z05,60870,15381,17.58,64.52,44.29,Saturday,1,0,1,Winter,840.04
2025-01-19,Z05,60886,15366,23.68,70.63,0.0,Sunday,1,0,1,Winter,919.05
2025-01-20,Z05,60860,15363,22.22,66.49,0.0,Monday,0,0,1,Winter,920.71
2025-01-21,Z05,61063,15382,23.67,71.82,0.0,Tuesday,0,0,1,Winter,902.21
2025-01-22,Z05,61144,15347,22.02,65.16,0.0,Wednesday,0,0,1,Winter,913.18
2025-01-23,Z05,60911,15427,18.68,67.23,0.0,Thursday,0,0,1,Winter,908.07
2025-01-24,Z05,60896,15350,21.46,77.26,0.0,Friday,0,0,1,Winter,936.49
2025-01-25,Z05,61163,15306,21.69,69.98,0.0,Saturday,1,0,1,Winter,985.33
2025-01-26,Z05,60831,15333,20.8,76.3,0.0,Sunday,1,1,1,Winter,990.52
2025-01-27,Z05,60788,15336,22.51,65.13,0.0,Monday,0,0,1,Winter,874.68
2025-01-28,Z05,60945,15369,19.48,72.28,0.0,Tuesday,0,0,1,Winter,911.18
2025-01-29,Z05,61166,15343,21.46,68.14,12.82,Wednesday,0,0,1,Winter,871.1
2025-01-30,Z05,61168,15359,19.92,70.62,0.0,Thursday,0,0,1,Winter,854.76
2025-01-31,Z05,60877,15356,17.38,74.2,0.0,Friday,0,0,1,Winter,822.62
2025-02-01,Z05,60969,15301,23.8,69.38,0.0,Saturday,1,0,2,Winter,928.02
2025-02-02,Z05,60880,15356,22.64,68.61,0.0,Sunday,1,0,2,Winter,964.13
2025-02-03,Z05,61257,15400,22.2,75.84,0.0,Monday,0,0,2,Winter,922.99
2025-02-04,Z05,61015,15353,20.68,64.87,0.0,Tuesday,0,0,2,Winter,954.13
2025-02-05,Z05,61146,15408,22.23,64.2,0.0,Wednesday,0,0,2,Winter,925.83
2025-02-06,Z05,61203,15397,18.82,69.95,0.0,Thursday,0,0,2,Winter,911.6
2025-02-07,Z05,61496,15416,24.24,63.45,0.0,Friday,0,0,2,Winter,903.62
2025-02-08,Z05,60826,15352,20.66,63.56,11.62,Saturday,1,0,2,Winter,878.15
2025-02-09,Z05,61037,15351,23.77,61.24,0.0,Sunday,1,0,2,Winter,983.22
2025-02-10,Z05,61134,15326,21.0,60.79,6.74,Monday,0,0,2,Winter,896.87
2025-02-11,Z05,60959,15292,23.43,63.21,0.0,Tuesday,0,0,2,Winter,853.36
2025-02-12,Z05,61235,15387,22.34,68.84,0.0,Wednesday,0,0,2,Winter,917.45
2025-02-13,Z05,60873,15344,19.78,73.48,0.0,Thursday,0,0,2,Winter,871.09
2025-02-14,Z05,61036,15339,24.71,66.05,0.0,Friday,0,0,2,Winter,967.32
2025-02-15,Z05,61804,15350,19.0,79.1,0.0,Saturday,1,0,2,Winter,950.3
2025-02-16,Z05,60711,15290,27.04,58.9,14.81,Sunday,1,0,2,Winter,927.27
2025-02-17,Z05,60879,15343,24.58,64.46,0.0,Monday,0,0,2,Winter,933.46
2025-02-18,Z05,61524,15440,19.75,75.21,0.0,Tuesday,0,0,2,Winter,885.38
2025-02-19,Z05,60905,15330,18.79,77.67,0.0,Wednesday,0,0,2,Winter,908.36
2025-02-20,Z05,61366,15365,22.4,60.59,0.0,Thursday,0,0,2,Winter,913.68
2025-02-21,Z05,61101,15390,24.09,66.53,0.0,Friday,0,0,2,Winter,966.78
2025-02-22,Z05,60780,15407,20.59,74.71,0.0,Saturday,1,0,2,Winter,976.93
2025-02-23,Z05,61119,15369,23.78,66.1,0.0,Sunday,1,0,2,Winter,963.2
2025-02-24,Z05,61296,15400,24.17,64.33,0.0,Monday,0,0,2,Winter,957.72
2025-02-25,Z05,61126,15306,25.04,68.24,0.0,Tuesday,0,0,2,Winter,960.5
2025-02-26,Z05,60655,15343,27.06,68.44,0.0,Wednesday,0,0,2,Winter,930.17
2025-02-27,Z05,60699,15404,22.1,59.33,0.0,Thursday,0,0,2,Winter,931.24
2025-02-28,Z05,60613,15394,26.3,66.32,23.73,Friday,0,0,2,Winter,825.85
2025-03-01,Z05,61504,15375,24.81,63.83,0.0,Saturday,1,0,3,Summer,1026.73
2025-03-02,Z05,61283,15392,26.01,67.1,0.0,Sunday,1,0,3,Summer,944.35
2025-03-03,Z05,61077,15390,25.29,69.08,17.39,Monday,0,0,3,Summer,952.17
2025-03-04,Z05,61146,15332,24.65,64.76,0.0,Tuesday,0,0,3,Summer,973.06
2025-03-05,Z05,61578,15402,24.64,67.63,17.47,Wednesday,0,0,3,Summer,931.59
2025-03-06,Z05,61224,15413,25.81,55.91,0.0,Thursday,0,0,3,Summer,979.22
2025-03-07,Z05,61243,15409,27.6,65.52,0.0,Friday,0,0,3,Summer,977.42
2025-03-08,Z05,61278,15423,26.83,64.56,0.0,Saturday,1,0,3,Summer,1046.08
2025-03-09,Z05,61350,15319,26.36,70.52,0.0,Sunday,1,0,3,Summer,1009.03
2025-03-10,Z05,60638,15395,26.64,71.68,0.0,Monday,0,0,3,Summer,933.98
2025-03-11,Z05,61300,15369,23.98,69.34,0.0,Tuesday,0,0,3,Summer,958.46
2025-03-12,Z05,61250,15362,28.35,74.94,0.0,Wednesday,0,0,3,Summer,973.71
2025-03-13,Z05,61168,15329,27.77,63.62,0.0,Thursday,0,0,3,Summer,932.65
2025-03-14,Z05,60995,15408,25.73,65.17,0.0,Friday,0,0,3,Summer,923.48
2025-03-15,Z05,61148,15357,25.48,67.77,0.0,Saturday,1,0,3,Summer,957.44
2025-03-16,Z05,61090,15432,28.4,74.32,0.0,Sunday,1,0,3,Summer,1061.16
2025-03-17,Z05,61278,15405,25.33,76.89,0.0,Monday,0,0,3,Summer,975.81
2025-03-18,Z05,60763,15376,27.05,66.41,0.0,Tuesday,0,0,3,Summer,1015.52
2025-03-19,Z05,60790,15358,28.25,70.65,0.0,Wednesday,0,0,3,Summer,1001.8
2025-03-20,Z05,60979,15346,24.36,67.05,0.0,Thursday,0,0,3,Summer,1174.56
2025-03-21,Z05,61754,15350,,71.91,0.0,Friday,0,0,3,Summer,937.34
2025-03-22,Z05,60776,15441,27.68,65.42,0.0,Saturday,1,0,3,Summer,966.25
2025-03-23,Z05,61586,15388,27.93,68.51,0.0,Sunday,1,0,3,Summer,989.38
2025-03-24,Z05,61014,15356,27.2,66.49,0.0,Monday,0,0,3,Summer,886.22
2025-03-25,Z05,60965,15355,24.89,66.13,0.0,Tuesday,0,0,3,Summer,937.25
2025-03-26,Z05,61141,15353,24.33,65.46,0.0,Wednesday,0,0,3,Summer,949.51
2025-03-27,Z05,60755,15350,24.27,73.92,0.0,Thursday,0,0,3,Summer,994.66
2025-03-28,Z05,61443,15396,26.2,64.22,0.0,Friday,0,0,3,Summer,964.91
2025-03-29,Z05,61120,15370,30.66,64.78,0.0,Saturday,1,0,3,Summer,1012.11
2025-03-30,Z05,60781,15347,32.97,56.06,13.45,Sunday,1,0,3,Summer,1010.1
2025-03-31,Z05,61183,15430,30.28,73.23,0.0,Monday,0,0,3,Summer,1000.76
2025-04-01,Z05,61165,15391,24.16,67.56,2.55,Tuesday,0,0,4,Summer,986.06
2025-04-02,Z05,60971,15389,28.28,72.31,0.0,Wednesday,0,0,4,Summer,964.46
2025-04-03,Z05,60877,15366,28.82,73.8,5.34,Thursday,0,0,4,Summer,991.21
2025-04-04,Z05,61100,15389,25.66,68.11,0.0,Friday,0,0,4,Summer,917.81
2025-04-05,Z05,61031,15373,32.47,59.88,0.0,Saturday,1,0,4,Summer,1063.38
2025-04-06,Z05,61328,15378,29.82,57.89,12.23,Sunday,1,0,4,Summer,946.19
2025-04-07,Z05,61314,15367,28.0,70.52,20.47,Monday,0,0,4,Summer,916.59
2025-04-08,Z05,60803,15380,31.37,65.23,0.0,Tuesday,0,0,4,Summer,1178.45
2025-04-09,Z05,60908,15439,27.18,62.91,0.0,Wednesday,0,0,4,Summer,959.15
2025-04-10,Z05,61353,15332,30.87,62.35,0.0,Thursday,0,0,4,Summer,1055.11
2025-04-11,Z05,61286,15426,28.11,63.16,0.0,Friday,0,0,4,Summer,955.12
2025-04-12,Z05,61363,15374,31.44,72.01,0.0,Saturday,1,0,4,Summer,1048.36
2025-04-13,Z05,60485,15408,31.29,66.28,0.0,Sunday,1,0,4,Summer,1010.99
2025-04-14,Z05,61511,15411,32.49,71.27,0.0,Monday,0,0,4,Summer,1028.29
2025-04-15,Z05,60867,15378,33.43,61.39,0.0,Tuesday,0,0,4,Summer,955.38
2025-04-16,Z05,60955,15317,27.22,67.74,0.0,Wednesday,0,0,4,Summer,951.63
2025-04-17,Z05,61375,15361,29.89,62.7,0.0,Thursday,0,0,4,Summer,963.77
2025-04-18,Z05,61161,15428,31.26,70.12,0.0,Friday,0,0,4,Summer,998.52
2025-04-19,Z05,60932,15334,32.73,62.77,0.0,Saturday,1,0,4,Summer,1079.03
2025-04-20,Z05,61393,15380,28.87,68.39,0.0,Sunday,1,0,4,Summer,1004.59
2025-04-21,Z05,61388,15410,28.34,60.14,0.0,Monday,0,0,4,Summer,904.05
2025-04-22,Z05,61190,15373,,67.49,0.0,Tuesday,0,0,4,Summer,1020.19
2025-04-23,Z05,61110,15362,30.58,75.94,0.0,Wednesday,0,0,4,Summer,1041.85
2025-04-24,Z05,60941,15372,32.76,64.68,0.0,Thursday,0,0,4,Summer,990.39
2025-04-25,Z05,61075,15462,28.72,63.68,0.0,Friday,0,0,4,Summer,1004.36
2025-04-26,Z05,61614,15394,31.89,67.12,0.0,Saturday,1,0,4,Summer,1037.84
2025-04-27,Z05,61290,15363,29.18,70.13,0.0,Sunday,1,0,4,Summer,943.93
2025-04-28,Z05,61544,15387,,58.09,0.0,Monday,0,0,4,Summer,948.0
2025-04-29,Z05,61175,15380,29.83,73.36,5.39,Tuesday,0,0,4,Summer,968.91
2025-04-30,Z05,61397,15423,36.31,54.35,0.0,Wednesday,0,0,4,Summer,1007.11
2025-05-01,Z05,61210,15322,32.41,65.9,0.0,Thursday,0,0,5,Summer,967.14
2025-05-02,Z05,61100,15370,32.31,65.37,10.5,Friday,0,0,5,Summer,927.79
2025-05-03,Z05,60974,15426,32.24,65.32,17.98,Saturday,1,0,5,Summer,985.69
2025-05-04,Z05,61091,15392,34.03,64.08,0.0,Sunday,1,0,5,Summer,1076.4
2025-05-05,Z05,60996,15420,30.8,63.8,7.86,Monday,0,0,5,Summer,909.32
2025-05-06,Z05,61217,15381,32.02,60.2,0.0,Tuesday,0,0,5,Summer,963.25
2025-05-07,Z05,60836,15339,34.51,57.2,0.0,Wednesday,0,0,5,Summer,1044.62
2025-05-08,Z05,61102,15386,32.51,75.08,0.0,Thursday,0,0,5,Summer,1020.25
2025-05-09,Z05,61246,15436,33.18,66.53,0.0,Friday,0,0,5,Summer,964.42
2025-05-10,Z05,61399,15426,34.97,63.36,0.0,Saturday,1,0,5,Summer,1069.06
2025-05-11,Z05,61099,15345,32.08,64.19,0.0,Sunday,1,0,5,Summer,1070.87
2025-05-12,Z05,61697,15404,34.53,63.11,0.0,Monday,0,0,5,Summer,994.66
2025-05-13,Z05,61116,15381,32.53,,0.0,Tuesday,0,0,5,Summer,1062.54
2025-05-14,Z05,61319,15432,32.82,59.99,0.0,Wednesday,0,0,5,Summer,1016.2
2025-05-15,Z05,60737,15383,31.2,69.52,6.83,Thursday,0,0,5,Summer,999.34
2025-05-16,Z05,61310,15437,35.22,54.25,0.0,Friday,0,0,5,Summer,1002.71
2025-05-17,Z05,61108,15424,35.73,56.35,0.0,Saturday,1,0,5,Summer,1126.04
2025-05-18,Z05,60326,15476,34.8,51.95,25.05,Sunday,1,0,5,Summer,965.9
2025-05-19,Z05,61327,15379,32.69,68.92,0.0,Monday,0,0,5,Summer,950.21
2025-05-20,Z05,60970,15379,29.55,67.03,0.0,Tuesday,0,0,5,Summer,951.77
2025-05-21,Z05,61146,15368,35.04,58.94,5.06,Wednesday,0,0,5,Summer,989.44
2025-05-22,Z05,61283,15441,32.48,59.82,0.0,Thursday,0,0,5,Summer,976.61
2025-05-23,Z05,61449,15402,31.79,66.73,0.0,Friday,0,0,5,Summer,1042.91
2025-05-24,Z05,61158,15426,33.17,65.14,0.0,Saturday,1,0,5,Summer,995.98
2025-05-25,Z05,61094,15392,35.61,56.05,6.27,Sunday,1,0,5,Summer,1066.17
2025-05-26,Z05,61442,15356,37.4,58.11,0.0,Monday,0,0,5,Summer,1042.72
2025-05-27,Z05,61505,15437,33.61,61.92,9.42,Tuesday,0,0,5,Summer,1018.03
2025-05-28,Z05,61249,15380,34.09,55.33,0.0,Wednesday,0,0,5,Summer,1026.98
2025-05-29,Z05,61199,15410,34.23,67.15,0.0,Thursday,0,0,5,Summer,973.72
2025-05-30,Z05,61695,15371,33.28,62.24,0.0,Friday,0,0,5,Summer,966.79
2025-05-31,Z05,61116,15360,30.96,68.06,6.22,Saturday,1,0,5,Summer,925.91
2025-06-01,Z05,61002,15404,32.72,63.42,0.0,Sunday,1,0,6,Monsoon,1073.52
2025-06-02,Z05,61224,15402,35.86,72.43,0.0,Monday,0,0,6,Monsoon,987.3
2025-06-03,Z05,61356,15385,35.42,,0.0,Tuesday,0,0,6,Monsoon,966.79
2025-06-04,Z05,61114,15406,30.12,62.55,,Wednesday,0,0,6,Monsoon,990.51
2025-06-05,Z05,60950,15449,32.92,64.81,11.79,Thursday,0,0,6,Monsoon,981.14
2025-06-06,Z05,61193,15421,33.37,65.08,6.59,Friday,0,0,6,Monsoon,966.09
2025-06-07,Z05,61155,15470,35.8,62.37,16.41,Saturday,1,0,6,Monsoon,1029.06
2025-06-08,Z05,61434,15443,38.24,60.7,14.58,Sunday,1,0,6,Monsoon,987.53
2025-06-09,Z05,60833,15361,35.5,65.66,0.0,Monday,0,0,6,Monsoon,1016.05
2025-06-10,Z05,61543,15392,33.22,63.88,9.71,Tuesday,0,0,6,Monsoon,956.01
2025-06-11,Z05,61251,15392,34.92,55.38,0.0,Wednesday,0,0,6,Monsoon,1061.26
2025-06-12,Z05,61238,15399,33.47,58.95,13.9,Thursday,0,0,6,Monsoon,1132.25
2025-06-13,Z05,61488,15390,34.72,65.7,0.0,Friday,0,0,6,Monsoon,1014.56
2025-06-14,Z05,61481,15397,38.26,63.7,0.0,Saturday,1,0,6,Monsoon,1022.44
2025-06-15,Z05,61328,15412,37.63,60.27,0.0,Sunday,1,0,6,Monsoon,1009.37
2025-06-16,Z05,60930,15482,33.71,52.81,10.98,Monday,0,0,6,Monsoon,991.94
2025-06-17,Z05,61334,15449,34.49,66.88,18.22,Tuesday,0,0,6,Monsoon,916.79
2025-06-18,Z05,61163,15442,31.09,70.63,0.0,Wednesday,0,0,6,Monsoon,895.57
2025-06-19,Z05,61156,15426,33.73,57.92,3.11,Thursday,0,0,6,Monsoon,983.2
2025-06-20,Z05,60792,15392,38.06,65.23,0.0,Friday,0,0,6,Monsoon,981.21
2025-06-21,Z05,61343,15450,37.06,56.73,0.0,Saturday,1,0,6,Monsoon,1060.27
2025-06-22,Z05,61358,15476,32.05,64.92,17.54,Sunday,1,0,6,Monsoon,956.66
2025-06-23,Z05,61664,15377,33.34,68.02,0.0,Monday,0,0,6,Monsoon,997.68
2025-06-24,Z05,61288,15414,34.31,59.36,0.0,Tuesday,0,0,6,Monsoon,995.22
2025-06-25,Z05,61401,15362,32.31,61.53,0.0,Wednesday,0,0,6,Monsoon,976.1
2025-06-26,Z05,61947,15395,36.75,61.88,0.0,Thursday,0,0,6,Monsoon,1015.87
2025-06-27,Z05,61402,15422,34.0,61.38,0.0,Friday,0,0,6,Monsoon,980.21
2025-06-28,Z05,61348,15403,36.5,65.06,0.0,Saturday,1,0,6,Monsoon,1001.73
2025-06-29,Z05,61831,15405,35.44,56.67,0.0,Sunday,1,0,6,Monsoon,1030.64
2025-06-30,Z05,60925,15392,35.71,71.05,0.0,Monday,0,0,6,Monsoon,1478.82
2025-07-01,Z05,60919,15374,32.14,65.82,0.0,Tuesday,0,0,7,Monsoon,973.29
2025-07-02,Z05,61110,15446,31.94,71.96,0.0,Wednesday,0,0,7,Monsoon,934.68
2025-07-03,Z05,60975,15460,34.5,55.73,7.2,Thursday,0,0,7,Monsoon,959.96
2025-07-04,Z05,61263,15346,35.46,69.89,7.08,Friday,0,0,7,Monsoon,927.56
2025-07-05,Z05,61821,15413,35.59,67.38,4.22,Saturday,1,0,7,Monsoon,971.95
2025-07-06,Z05,60997,15401,32.87,71.35,45.41,Sunday,1,0,7,Monsoon,886.67
2025-07-07,Z05,61339,15446,34.93,73.61,9.3,Monday,0,0,7,Monsoon,942.55
2025-07-08,Z05,61698,15452,27.35,55.61,8.92,Tuesday,0,0,7,Monsoon,962.38
2025-07-09,Z05,61304,15364,,65.45,0.0,Wednesday,0,0,7,Monsoon,918.04
2025-07-10,Z05,60824,15324,31.85,71.68,0.0,Thursday,0,0,7,Monsoon,906.53
2025-07-11,Z05,61453,15402,36.29,66.54,4.76,Friday,0,0,7,Monsoon,1046.98
2025-07-12,Z05,61253,15403,30.31,60.01,1.68,Saturday,1,0,7,Monsoon,901.35
2025-07-13,Z05,61435,15407,32.85,68.2,44.11,Sunday,1,0,7,Monsoon,885.24
2025-07-14,Z05,61415,15413,33.12,63.81,0.0,Monday,0,0,7,Monsoon,893.37
2025-07-15,Z05,61633,15469,35.26,60.82,31.12,Tuesday,0,0,7,Monsoon,912.58
2025-07-16,Z05,61301,15409,35.65,63.47,0.0,Wednesday,0,0,7,Monsoon,1038.88
2025-07-17,Z05,61361,15393,32.86,64.93,0.0,Thursday,0,0,7,Monsoon,977.81
2025-07-18,Z05,61323,15424,32.99,63.82,4.17,Friday,0,0,7,Monsoon,959.49
2025-07-19,Z05,61373,15417,35.65,67.58,20.46,Saturday,1,0,7,Monsoon,930.19
2025-07-20,Z05,60800,15298,34.5,65.84,27.13,Sunday,1,0,7,Monsoon,926.44
2025-07-21,Z05,61098,15413,33.55,65.71,6.64,Monday,0,0,7,Monsoon,932.53
2025-07-22,Z05,61212,15428,30.0,78.46,3.18,Tuesday,0,0,7,Monsoon,919.11
2025-07-23,Z05,60902,15462,34.8,62.9,4.81,Wednesday,0,0,7,Monsoon,932.14
2025-07-24,Z05,61543,15428,33.1,66.89,9.77,Thursday,0,0,7,Monsoon,976.7
2025-07-25,Z05,61647,15424,30.1,71.05,0.0,Friday,0,0,7,Monsoon,928.53
2025-07-26,Z05,61462,15436,30.16,68.93,13.26,Saturday,1,0,7,Monsoon,902.39
2025-07-27,Z05,61156,15374,32.87,69.4,5.56,Sunday,1,0,7,Monsoon,988.91
2025-07-28,Z05,61435,15433,34.41,56.86,0.0,Monday,0,0,7,Monsoon,988.81
2025-07-29,Z05,61225,15429,31.37,78.67,22.6,Tuesday,0,0,7,Monsoon,879.04
2025-07-30,Z05,61318,15374,33.39,69.53,0.0,Wednesday,0,0,7,Monsoon,941.15
2025-07-31,Z05,61384,15394,33.82,60.96,3.32,Thursday,0,0,7,Monsoon,1001.86
2025-08-01,Z05,61453,15423,34.43,61.34,0.0,Friday,0,0,8,Monsoon,986.54
2025-08-02,Z05,61363,15409,31.14,66.45,5.96,Saturday,1,0,8,Monsoon,982.41
2025-08-03,Z05,61611,15414,30.5,58.08,0.0,Sunday,1,0,8,Monsoon,1022.04
2025-08-04,Z05,61303,15426,32.54,69.49,0.0,Monday,0,0,8,Monsoon,969.97
2025-08-05,Z05,61237,15423,31.7,63.05,0.0,Tuesday,0,0,8,Monsoon,969.32
2025-08-06,Z05,61229,15431,29.94,69.69,3.26,Wednesday,0,0,8,Monsoon,948.48
2025-08-07,Z05,61456,15449,35.72,61.9,5.93,Thursday,0,0,8,Monsoon,957.67
2025-08-08,Z05,61193,15444,31.21,55.89,1.43,Friday,0,0,8,Monsoon,939.03
2025-08-09,Z05,61315,15429,32.32,64.06,7.63,Saturday,1,0,8,Monsoon,919.17
2025-08-10,Z05,60906,15386,28.8,68.48,4.16,Sunday,1,0,8,Monsoon,865.02
2025-08-11,Z05,61456,15418,33.4,52.95,0.0,Monday,0,0,8,Monsoon,972.7
2025-08-12,Z05,61436,15436,29.03,62.19,2.86,Tuesday,0,0,8,Monsoon,950.14
2025-08-13,Z05,61756,15525,30.74,66.86,21.73,Wednesday,0,0,8,Monsoon,855.86
2025-08-14,Z05,61447,15378,30.04,57.32,4.86,Thursday,0,0,8,Monsoon,946.42
2025-08-15,Z05,61451,15425,32.46,64.37,15.9,Friday,0,1,8,Monsoon,945.14
2025-08-16,Z05,61556,15420,32.67,58.06,5.12,Saturday,1,0,8,Monsoon,999.5
2025-08-17,Z05,61419,15435,30.51,71.43,19.07,Sunday,1,0,8,Monsoon,907.61
2025-08-18,Z05,61697,15419,30.2,59.11,17.52,Monday,0,0,8,Monsoon,889.73
2025-08-19,Z05,61334,15375,33.09,58.1,0.0,Tuesday,0,0,8,Monsoon,963.19
2025-08-20,Z05,61382,15432,31.38,,3.47,Wednesday,0,0,8,Monsoon,888.28
2025-08-21,Z05,61019,15386,29.58,70.11,0.0,Thursday,0,0,8,Monsoon,914.35
2025-08-22,Z05,61823,15453,30.65,65.96,38.33,Friday,0,0,8,Monsoon,858.63
2025-08-23,Z05,61163,15413,31.18,61.25,0.0,Saturday,1,0,8,Monsoon,957.43
2025-08-24,Z05,61038,15427,30.3,64.55,9.14,Sunday,1,0,8,Monsoon,917.13
2025-08-25,Z05,61777,15428,27.06,74.31,27.83,Monday,0,0,8,Monsoon,835.7
2025-08-26,Z05,61611,15490,28.04,53.93,4.35,Tuesday,0,0,8,Monsoon,914.72
2025-08-27,Z05,61132,15439,29.51,54.34,6.9,Wednesday,0,0,8,Monsoon,898.0
2025-08-28,Z05,61340,15457,30.53,59.55,0.0,Thursday,0,0,8,Monsoon,948.24
2025-08-29,Z05,61280,15458,27.54,65.03,17.39,Friday,0,0,8,Monsoon,951.57
2025-08-30,Z05,61531,15418,,71.2,0.0,Saturday,1,0,8,Monsoon,993.22
2025-08-31,Z05,61409,15403,29.46,62.15,4.93,Sunday,1,0,8,Monsoon,896.05
2025-09-01,Z05,61136,15430,26.18,62.95,19.91,Monday,0,0,9,Monsoon,844.0
2025-09-02,Z05,61432,15450,30.22,60.76,0.0,Tuesday,0,0,9,Monsoon,945.2
2025-09-03,Z05,61242,15423,28.88,60.45,0.0,Wednesday,0,0,9,Monsoon,874.68
2025-09-04,Z05,61509,15447,27.89,58.04,5.8,Thursday,0,0,9,Monsoon,887.42
2025-09-05,Z05,60994,15422,28.96,60.3,0.0,Friday,0,0,9,Monsoon,946.92
2025-09-06,Z05,61410,15428,27.38,69.52,20.21,Saturday,1,0,9,Monsoon,910.25
2025-09-07,Z05,61237,15380,28.4,65.95,0.0,Sunday,1,0,9,Monsoon,1026.35
2025-09-08,Z05,61134,15510,27.4,70.97,6.83,Monday,0,0,9,Monsoon,890.59
2025-09-09,Z05,61564,15434,24.17,69.79,0.0,Tuesday,0,0,9,Monsoon,913.1
2025-09-10,Z05,61194,15417,30.19,56.73,13.45,Wednesday,0,0,9,Monsoon,882.43
2025-09-11,Z05,61238,15424,28.16,75.08,15.12,Thursday,0,0,9,Monsoon,875.64
2025-09-12,Z05,60910,15451,25.38,72.81,0.0,Friday,0,0,9,Monsoon,921.15
2025-09-13,Z05,61195,15408,28.67,69.83,16.14,Saturday,1,0,9,Monsoon,870.11
2025-09-14,Z05,61277,15349,26.89,58.58,0.0,Sunday,1,0,9,Monsoon,929.41
2025-09-15,Z05,61145,15459,27.33,64.73,24.25,Monday,0,0,9,Monsoon,898.36
2025-09-16,Z05,61160,15427,25.66,62.4,11.68,Tuesday,0,0,9,Monsoon,898.14
2025-09-17,Z05,60985,15448,28.56,58.28,0.0,Wednesday,0,0,9,Monsoon,898.94
2025-09-18,Z05,61124,15478,26.71,64.06,0.0,Thursday,0,0,9,Monsoon,940.41
2025-09-19,Z05,61624,15449,24.3,68.34,2.33,Friday,0,0,9,Monsoon,909.52
2025-09-20,Z05,61631,15526,26.96,69.79,0.0,Saturday,1,0,9,Monsoon,1011.32
2025-09-21,Z05,61821,15503,25.26,72.96,7.16,Sunday,1,0,9,Monsoon,968.12
2025-09-22,Z05,61453,15495,27.86,62.77,8.0,Monday,0,0,9,Monsoon,957.22
2025-09-23,Z05,61274,15419,28.26,65.46,20.63,Tuesday,0,0,9,Monsoon,840.88
2025-09-24,Z05,61341,15404,23.92,63.18,16.83,Wednesday,0,0,9,Monsoon,836.29
2025-09-25,Z05,61491,15425,26.06,64.62,0.0,Thursday,0,0,9,Monsoon,937.12
2025-09-26,Z05,61581,15489,29.22,60.14,17.53,Friday,0,0,9,Monsoon,845.53
2025-09-27,Z05,61267,15439,25.17,78.62,0.0,Saturday,1,0,9,Monsoon,952.57
2025-09-28,Z05,60949,15496,27.25,67.67,9.87,Sunday,1,0,9,Monsoon,864.42
2025-09-29,Z05,61900,15452,26.27,63.12,8.3,Monday,0,0,9,Monsoon,900.9
2025-09-30,Z05,61019,15463,24.92,65.26,11.05,Tuesday,0,0,9,Monsoon,842.28
2025-10-01,Z05,61396,15467,28.07,56.91,0.0,Wednesday,0,0,10,Post-Monsoon,909.5
2025-10-02,Z05,61176,15479,23.41,70.63,9.0,Thursday,0,1,10,Post-Monsoon,897.75
2025-10-03,Z05,61750,15515,26.46,68.5,0.0,Friday,0,0,10,Post-Monsoon,970.25
2025-10-04,Z05,61401,15438,24.97,69.85,0.0,Saturday,1,0,10,Post-Monsoon,907.37
2025-10-05,Z05,61268,15468,26.52,68.53,0.0,Sunday,1,0,10,Post-Monsoon,942.08
2025-10-06,Z05,61324,15451,23.3,72.2,19.36,Monday,0,0,10,Post-Monsoon,837.33
2025-10-07,Z05,61386,15447,26.19,55.66,3.85,Tuesday,0,0,10,Post-Monsoon,879.26
2025-10-08,Z05,61288,15431,25.73,66.32,13.49,Wednesday,0,0,10,Post-Monsoon,902.45
2025-10-09,Z05,61337,15432,23.59,69.74,0.0,Thursday,0,0,10,Post-Monsoon,895.44
2025-10-10,Z05,60959,15426,27.1,67.65,5.55,Friday,0,0,10,Post-Monsoon,885.17
2025-10-11,Z05,61290,15456,24.55,64.87,29.49,Saturday,1,0,10,Post-Monsoon,861.33
2025-10-12,Z05,61625,15432,25.49,71.49,21.38,Sunday,1,0,10,Post-Monsoon,841.87
2025-10-13,Z05,61049,15400,27.31,61.93,0.0,Monday,0,0,10,Post-Monsoon,904.96
2025-10-14,Z05,61959,15441,25.04,63.98,0.0,Tuesday,0,0,10,Post-Monsoon,874.06
2025-10-15,Z05,61213,15395,24.31,66.53,11.19,Wednesday,0,0,10,Post-Monsoon,901.72
2025-10-16,Z05,61213,15403,22.63,75.91,162.73,Thursday,0,0,10,Post-Monsoon,867.13
2025-10-17,Z05,61804,15371,22.71,64.6,22.73,Friday,0,0,10,Post-Monsoon,817.02
2025-10-18,Z05,61211,15391,23.38,64.82,15.29,Saturday,1,0,10,Post-Monsoon,884.49
2025-10-19,Z05,61310,15512,47.49,68.0,0.0,Sunday,1,0,10,Post-Monsoon,903.86
2025-10-20,Z05,61536,15478,24.7,67.63,20.75,Monday,0,0,10,Post-Monsoon,850.76
2025-10-21,Z05,61061,15479,21.84,65.54,16.46,Tuesday,0,0,10,Post-Monsoon,799.61
2025-10-22,Z05,61461,15428,24.97,67.07,,Wednesday,0,0,10,Post-Monsoon,888.01
2025-10-23,Z05,61166,15522,19.8,66.7,18.66,Thursday,0,1,10,Post-Monsoon,833.94
2025-10-24,Z05,61232,15468,24.34,66.97,9.09,Friday,0,0,10,Post-Monsoon,886.36
2025-10-25,Z05,60941,15450,21.25,76.55,24.55,Saturday,1,0,10,Post-Monsoon,864.17
2025-10-26,Z05,61332,15431,27.11,63.51,23.68,Sunday,1,0,10,Post-Monsoon,865.27
2025-10-27,Z05,61914,15468,21.87,65.0,10.83,Monday,0,0,10,Post-Monsoon,817.11
2025-10-28,Z05,61698,15484,21.88,68.76,,Tuesday,0,0,10,Post-Monsoon,889.32
2025-10-29,Z05,61155,15482,21.77,65.16,14.67,Wednesday,0,0,10,Post-Monsoon,838.9
2025-10-30,Z05,61550,15463,22.76,65.87,0.0,Thursday,0,0,10,Post-Monsoon,880.63
2025-10-31,Z05,61147,15453,24.41,57.8,12.75,Friday,0,0,10,Post-Monsoon,920.26
2025-11-01,Z05,61911,15473,,63.04,19.95,Saturday,1,0,11,Post-Monsoon,801.94
2025-11-02,Z05,61365,15504,21.17,66.1,0.0,Sunday,1,0,11,Post-Monsoon,894.74
2025-11-03,Z05,61024,,22.05,79.1,29.85,Monday,0,0,11,Post-Monsoon,777.7
2025-11-04,Z05,61391,15458,21.65,72.36,0.0,Tuesday,0,0,11,Post-Monsoon,855.24
2025-11-05,Z05,61475,15462,24.17,76.01,0.0,Wednesday,0,0,11,Post-Monsoon,898.55
2025-11-06,Z05,61040,15440,25.04,64.72,0.0,Thursday,0,0,11,Post-Monsoon,899.59
2025-11-07,Z05,61350,15463,17.26,74.25,19.74,Friday,0,0,11,Post-Monsoon,823.3
2025-11-08,Z05,61288,15461,20.92,67.81,2.31,Saturday,1,0,11,Post-Monsoon,913.71
2025-11-09,Z05,61398,15493,21.56,70.05,16.88,Sunday,1,0,11,Post-Monsoon,843.57
2025-11-10,Z05,61565,15511,19.57,73.04,0.0,Monday,0,0,11,Post-Monsoon,883.9
2025-11-11,Z05,61428,15471,19.57,77.59,15.53,Tuesday,0,0,11,Post-Monsoon,834.25
2025-11-12,Z05,61611,15457,20.96,72.56,26.97,Wednesday,0,0,11,Post-Monsoon,815.02
2025-11-13,Z05,61092,15436,23.1,66.35,13.03,Thursday,0,0,11,Post-Monsoon,801.37
2025-11-14,Z05,61405,15478,20.88,72.01,0.0,Friday,0,0,11,Post-Monsoon,915.45
2025-11-15,Z05,61153,15418,18.92,65.26,36.02,Saturday,1,0,11,Post-Monsoon,819.53
2025-11-16,Z05,61231,15498,23.1,69.05,22.92,Sunday,1,0,11,Post-Monsoon,867.97
2025-11-17,Z05,61407,15459,20.45,68.88,0.0,Monday,0,0,11,Post-Monsoon,860.06
2025-11-18,Z05,61545,15465,20.78,74.23,0.0,Tuesday,0,0,11,Post-Monsoon,857.79
2025-11-19,Z05,61698,15484,23.63,76.43,0.0,Wednesday,0,0,11,Post-Monsoon,873.85
2025-11-20,Z05,61169,15452,16.79,66.21,0.0,Thursday,0,0,11,Post-Monsoon,902.01
2025-11-21,Z05,61477,15529,17.24,76.82,,Friday,0,0,11,Post-Monsoon,804.56
2025-11-22,Z05,61081,15446,20.85,71.28,30.38,Saturday,1,0,11,Post-Monsoon,874.26
2025-11-23,Z05,61121,15459,,65.53,0.0,Sunday,1,0,11,Post-Monsoon,876.87
2025-11-24,Z05,61233,15508,15.78,72.6,4.08,Monday,0,0,11,Post-Monsoon,858.47
2025-11-25,Z05,61616,15485,19.43,62.88,0.0,Tuesday,0,0,11,Post-Monsoon,856.39
2025-11-26,Z05,61508,15450,21.2,82.17,0.0,Wednesday,0,0,11,Post-Monsoon,922.52
2025-11-27,Z05,61473,15484,21.49,73.79,0.0,Thursday,0,0,11,Post-Monsoon,844.07
2025-11-28,Z05,61570,15427,21.87,76.0,24.34,Friday,0,0,11,Post-Monsoon,830.31
2025-11-29,Z05,61248,15433,17.16,67.76,0.0,Saturday,1,0,11,Post-Monsoon,856.9
2025-11-30,Z05,61256,15440,20.95,66.67,4.62,Sunday,1,0,11,Post-Monsoon,897.5
2025-12-01,Z05,61954,15466,19.95,57.69,0.98,Monday,0,0,12,Winter,889.28
2025-12-02,Z05,61302,15468,21.68,64.75,15.83,Tuesday,0,0,12,Winter,908.48
2025-12-03,Z05,61043,15502,18.98,74.6,0.0,Wednesday,0,0,12,Winter,806.9
2025-12-04,Z05,61408,15452,19.42,74.36,22.89,Thursday,0,0,12,Winter,844.15
2025-12-05,Z05,61651,15475,19.82,67.48,0.0,Friday,0,0,12,Winter,866.24
2025-12-06,Z05,61184,15532,16.76,77.23,0.0,Saturday,1,0,12,Winter,889.0
2025-12-07,Z05,61190,15502,21.35,68.38,0.0,Sunday,1,0,12,Winter,1163.46
2025-12-08,Z05,61297,15441,19.08,74.82,25.55,Monday,0,0,12,Winter,846.14
2025-12-09,Z05,61578,15440,18.05,73.72,0.0,Tuesday,0,0,12,Winter,1083.67
2025-12-10,Z05,61771,15458,17.22,6.68,6.93,Wednesday,0,0,12,Winter,870.7
2025-12-11,Z05,61642,15444,22.61,73.67,0.0,Thursday,0,0,12,Winter,879.29
2025-12-12,Z05,61655,15464,18.67,67.05,0.0,Friday,0,0,12,Winter,850.87
2025-12-13,Z05,60987,15437,21.24,66.18,0.0,Saturday,1,0,12,Winter,936.16
2025-12-14,Z05,61408,15504,16.64,68.63,37.72,Sunday,1,0,12,Winter,800.22
2025-12-15,Z05,61491,15447,17.59,68.66,0.0,Monday,0,0,12,Winter,875.59
2025-12-16,Z05,61445,15493,20.57,67.87,3.02,Tuesday,0,0,12,Winter,872.19
2025-12-17,Z05,61639,15444,18.1,71.4,21.4,Wednesday,0,0,12,Winter,804.06
2025-12-18,Z05,61560,15483,18.47,70.27,0.0,Thursday,0,0,12,Winter,879.97
2025-12-19,Z05,62016,15466,20.86,71.72,0.0,Friday,0,0,12,Winter,855.87
2025-12-20,Z05,61597,15542,22.13,69.41,7.56,Saturday,1,0,12,Winter,923.99
2025-12-21,Z05,61210,15495,19.7,18.84,0.0,Sunday,1,0,12,Winter,867.16
2025-12-22,Z05,61378,15456,17.77,67.52,18.97,Monday,0,0,12,Winter,853.51
2025-12-23,Z05,61976,15460,23.5,72.32,39.15,Tuesday,0,0,12,Winter,810.69
2025-12-24,Z05,61748,15456,19.26,67.5,0.0,Wednesday,0,0,12,Winter,864.92
2025-12-25,Z05,61744,15484,18.93,67.87,34.13,Thursday,0,1,12,Winter,871.03
2025-12-26,Z05,61272,15479,17.89,77.08,0.0,Friday,0,0,12,Winter,870.02
2025-12-27,Z05,61320,15468,14.78,6.22,5.82,Saturday,1,0,12,Winter,904.34
2025-12-28,Z05,61312,15468,17.13,70.98,20.75,Sunday,1,0,12,Winter,857.65
2025-12-29,Z05,61504,15546,13.09,73.02,0.0,Monday,0,0,12,Winter,875.58
2025-12-30,Z05,61793,15467,18.8,75.37,0.0,Tuesday,0,0,12,Winter,885.17
2025-12-31,Z05,61740,15476,20.74,72.43,23.99,Wednesday,0,0,12,Winter,834.3
